platform,store_name,account_id,account_review_count,visit_date,visit_count,verification_method,review_text,review_length,has_photo,rating,account_avg_rating,reviewer_level,review_original,review_sentiment,has_emo_pos,has_emo_neg,has_laugh,has_cry,has_exclamation,has_question,has_number,original_char_len,knu_sentiment_score,knu_total_polarity,knu_matched_count,knu_matched_terms,custom_sentiment_score,custom_total_polarity,custom_matched_count,custom_matched_terms,selected_match_count,raw_candidate_count,removed_overlap_count,food_score_raw,food_matched_count,food_score_norm,price_score_raw,price_matched_count,price_score_norm,service_score_raw,service_matched_count,service_score_norm,atmosphere_score_raw,atmosphere_matched_count,atmosphere_score_norm,final_score_w03,final_score_w05,final_score_w10,final_sentiment_score,final_sentiment_label,zero_reason,trust_weight_available,trust_weight,trust_level,trust_adjusted_sentiment_score,custom_matched_terms_readable,knu_matched_terms_readable
naver,각시보쌈,발챙이,19.0,2026.02.08,1번째 방문,예약,말이 안 되는 푸짐함이에요. 참치김치찌개는 좀 양이 많은 것 같기도 해서 1인은 절반만 주셔도 될 것 같긴 한데. 특히 여성분이면 쯔양 같은 사람 아니면 분명히 다 못 먹을 듯. 오래 장사하셨으니까 이것도 이유가 있는 거겠죠? 항상 사람이 많아서 대기는 조금 하셔야 될 수도 있어요.,158,True,,,,말이 안 되는 푸짐함이에요. 참치김치찌개는 좀 양이 많은 것 같기도 해서 1인은 절반만 주셔도 될 것 같긴 한데. 특히 여성분이면 쯔양 같은 사람 아니면 분명히 다 못 먹을 듯. 오래 장사하셨으니까 이것도 이유가 있는 거겠죠? 항상 사람이 많아서 대기는 조금 하셔야 될 수도 있어요.,말이 안 되는 푸짐함이에요 참치김치찌개는 좀 양이 많은 것 같기도 해서 1인은 절반만 주셔도 될 것 같긴 한데 특히 여성분이면 쯔양 같은 사람 아니면 분명히 다 못 먹을 듯 오래 장사하셨으니까 이것도 이유가 있는 거겠죠 QUESTION 항상 사람이 많아서 대기는 조금 하셔야 될 수도 있어요,0,0,0,0,0,1,1,158,0.0,0.0,3,안 되:-1:knu_word_root:w0.65:ctx1.0:adj-0.65; 사람:1:knu_word_root:w0.65:ctx-1.0:adj-0.65; 아니:-2:knu_word_root:w0.65:ctx-1.0:adj1.3,0.0,0.0,0,,3,3,0,0.0,0,0.0,0.0,0,0.0,0.0,0,0.0,0.0,0,0.0,0.0,0.0,0.0,0.0,neutral_mixed,polarity_cancelled,0,1.0,not_available,0.0,,"안 되(KNU 어근, 부정(-1), 사전가중 0.65, 기본, 반영 -0.65) / 사람(KNU 어근, 긍정(+1), 사전가중 0.65, 반전(-1배), 반영 -0.65) / 아니(KNU 어근, 부정(-2), 사전가중 0.65, 반전(-1배), 반영 +1.30)"
naver,각시보쌈,넬리코아,1546.0,2025.11.11,2번째 방문,영수증,맛있어요~ 단맛이 좀 나는 김치. 저는 좋아요,25,True,,,,맛있어요~ 단맛이 좀 나는 김치. 저는 좋아요,맛있어요 단맛이 좀 나는 김치 저는 좋아요,0,0,0,0,0,0,0,25,-0.25,-0.5,1,저는:-1:knu_word:w1.0:ctx0.5:adj-0.5,0.5,1.5,2,맛있어요:food:1:manual_custom_dict:ctx1.0:adj1.0; 좋아요:food:1:manual_custom_dict:ctx0.5:adj0.5,3,5,2,1.5,2,0.75,0.0,0,0.0,0.0,0,0.0,0.0,0,0.0,-0.1,0.0,0.25,0.0,neutral_mixed,polarity_cancelled,0,1.0,not_available,0.0,"맛있어요(음식, 긍정(+1), 수동 보완사전, 기본, 반영 +1.00) / 좋아요(음식, 긍정(+1), 수동 보완사전, 약화(0.5배), 반영 +0.50)","저는(KNU 원표현, 부정(-1), 사전가중 1.0, 약화(0.5배), 반영 -0.50)"
naver,각시보쌈,백수인,1607.0,2025.07.29,11번째 방문,영수증,좋은 식당인데 너무 많이 와서 질려버림..^^ 거의 20번 온 입장에서 이제 와서 어렵게 쓴소리하자면 처음부터 후기 쓰는 오늘까지 여전히 전 직원이 불친절합니다. 저물어간 한때 영광인 놀부 보쌈이 될 것인가,115,True,,,,좋은 식당인데 너무 많이 와서 질려버림..^^ 거의 20번 온 입장에서 이제 와서 어렵게 쓴소리하자면 처음부터 후기 쓰는 오늘까지 여전히 전 직원이 불친절합니다. 저물어간 한때 영광인 놀부 보쌈이 될 것인가,좋은 식당인데 너무 많이 와서 질려버림 거의 20번 온 입장에서 이제 와서 어렵게 쓴소리하자면 처음부터 후기 쓰는 오늘까지 여전히 전 직원이 불친절합니다 저물어간 한때 영광인 놀부 보쌈이 될 것인가,0,0,0,0,0,0,1,115,0.0,0.0,2,어렵게:-2:knu_word:w1.0:ctx1.0:adj-2.0; 영광:2:knu_word:w1.0:ctx1.0:adj2.0,0.0,0.0,2,좋은:food:1:manual_custom_dict:ctx1.0:adj1.0; 불친절:service:-1:manual_custom_dict:ctx1.0:adj-1.0,4,7,3,1.0,1,1.0,0.0,0,0.0,-1.0,1,-1.0,0.0,0,0.0,0.0,0.0,0.0,0.0,neutral_mixed,polarity_cancelled,0,1.0,not_available,0.0,"좋은(음식, 긍정(+1), 수동 보완사전, 기본, 반영 +1.00) / 불친절(서비스, 부정(-1), 수동 보완사전, 기본, 반영 -1.00)","어렵게(KNU 원표현, 부정(-2), 사전가중 1.0, 기본, 반영 -2.00) / 영광(KNU 원표현, 긍정(+2), 사전가중 1.0, 기본, 반영 +2.00)"
naver,각시보쌈,00000053493,1294.0,2025.06.27,1번째 방문,영수증,뭐 두말이 필요없는 검증된 맛집. 입소문이 나면서 예전 단골들은 대기 때문에 이젠 자주가기가 어려워 졌지만 그래도 음식으로는 깔게없네요. 다만 내부는 에어컨을 돌리면서 문을 열어놔서 그런지 많이 덥습니다.,114,False,,,,뭐 두말이 필요없는 검증된 맛집. 입소문이 나면서 예전 단골들은 대기 때문에 이젠 자주가기가 어려워 졌지만 그래도 음식으로는 깔게없네요. 다만 내부는 에어컨을 돌리면서 문을 열어놔서 그런지 많이 덥습니다.,뭐 두말이 필요없는 검증된 맛집 입소문이 나면서 예전 단골들은 대기 때문에 이젠 자주가기가 어려워 졌지만 그래도 음식으로는 깔게없네요 다만 내부는 에어컨을 돌리면서 문을 열어놔서 그런지 많이 덥습니다,0,0,0,0,0,0,0,114,0.0,0.0,2,맛집:2:knu_word:w1.0:ctx0.7:adj1.4; 어려워:-2:knu_word:w1.0:ctx0.7:adj-1.4,0.0,0.0,0,,2,2,0,0.0,0,0.0,0.0,0,0.0,0.0,0,0.0,0.0,0,0.0,0.0,0.0,0.0,0.0,neutral_mixed,polarity_cancelled,0,1.0,not_available,0.0,,"맛집(KNU 원표현, 긍정(+2), 사전가중 1.0, 약화(0.7배), 반영 +1.40) / 어려워(KNU 원표현, 부정(-2), 사전가중 1.0, 약화(0.7배), 반영 -1.40)"
naver,락희옥 마포본점,oeeat,174.0,2025.09.01,1번째 방문,영수증,음식이 너무 맛있어요 간이 세지 않아서 좋아요 위스키 콜키지도 너무 좋네요 재방문의사 많습니다,52,True,,,,음식이 너무 맛있어요 간이 세지 않아서 좋아요 위스키 콜키지도 너무 좋네요 재방문의사 많습니다,음식이 너무 맛있어요 간이 세지 않아서 좋아요 위스키 콜키지도 너무 좋네요 재방문의사 많습니다,0,0,0,0,0,0,0,52,0.0,0.0,0,,0.0,0.0,4,맛있어요:food:1:manual_custom_dict:ctx-1.5:adj-1.5; 좋아요:food:1:manual_custom_dict:ctx-1.5:adj-1.5; 좋네요:food:1:manual_custom_dict:ctx1.5:adj1.5; 재방문:service:1:extra_zero_fix:ctx1.5:adj1.5,4,6,2,-1.5,3,-0.5,0.0,0,0.0,1.5,1,1.5,0.0,0,0.0,0.0,0.0,0.0,0.0,neutral_mixed,polarity_cancelled,0,1.0,not_available,0.0,"맛있어요(음식, 긍정(+1), 수동 보완사전, 반전(-1.5배), 반영 -1.50) / 좋아요(음식, 긍정(+1), 수동 보완사전, 반전(-1.5배), 반영 -1.50) / 좋네요(음식, 긍정(+1), 수동 보완사전, 강화(1.5배), 반영 +1.50) / 재방문(서비스, 긍정(+1), 0점 보완표현, 강화(1.5배), 반영 +1.50)",
naver,옥동식,vnvn1001,9.0,2025.08.25,1번째 방문,예약,웨이팅 해서 먹을 맛이나 경험은 절대 아닌 거 같아요 ㅎㅎ 미쉐린 받았대서 갔는데 털 정리도 안 된 걸 먹을 줄이야.. 맛은 깔끔도 아니고 슴슴도 아니고 오히려 좀 기름진? 맛이네요. 김치는 평범하고 고추지는 음식에 비해 너무 자극적이라서 밸런스도 안 맞는 느낌이고..,150,True,,,,웨이팅 해서 먹을 맛이나 경험은 절대 아닌 거 같아요 ㅎㅎ 미쉐린 받았대서 갔는데 털 정리도 안 된 걸 먹을 줄이야.. 맛은 깔끔도 아니고 슴슴도 아니고 오히려 좀 기름진? 맛이네요. 김치는 평범하고 고추지는 음식에 비해 너무 자극적이라서 밸런스도 안 맞는 느낌이고..,웨이팅 해서 먹을 맛이나 경험은 절대 아닌 거 같아요 미쉐린 받았대서 갔는데 털 정리도 안 된 걸 먹을 줄이야 맛은 깔끔도 아니고 슴슴도 아니고 오히려 좀 기름진 QUESTION 맛이네요 김치는 평범하고 고추지는 음식에 비해 너무 자극적이라서 밸런스도 안 맞는 느낌이고,0,0,0,0,0,1,0,150,0.0,0.0,2,아니:-2:knu_word_root:w0.65:ctx-1.0:adj1.3; 아니:-2:knu_word_root:w0.65:ctx1.0:adj-1.3,0.0,0.0,0,,2,2,0,0.0,0,0.0,0.0,0,0.0,0.0,0,0.0,0.0,0,0.0,0.0,0.0,0.0,0.0,neutral_mixed,polarity_cancelled,0,1.0,not_available,0.0,,"아니(KNU 어근, 부정(-2), 사전가중 0.65, 반전(-1배), 반영 +1.30) / 아니(KNU 어근, 부정(-2), 사전가중 0.65, 기본, 반영 -1.30)"
naver,옥동식,맛집지도쏘쏘,450.0,2025.08.10,1번째 방문,영수증,일요일 오전 11시30분 캐치테이블로 예약하고 43번째였는데 1시40분에 들어갔습니다 (2시간10분 걸림) 중간중간 온라인 예약도 인원이 많으면 마감되더라고요 뉴욕 매장 티비로 보다가 궁금해서 방문했고 국물이 맑은게 우리가 흔히아는 부산 돼지국밥과는 다른 맛이었고 국물 오묘하니 맛있었습니다 김치만두는 평범했고 아쉬운 점은 밥이 너무 덜익은 것같았어요. 국물에 토렴해서 주시니 퍼질것을 예상하고 지은 밥 인듯 한데 엄마랑 저에겐 좀 딱딱하게 느껴졌습니다. 고기는 부드럽고 얇고 특히 양념장이 정말 개운하게 느끼함을 잡아주었습니다 :),298,True,,,,일요일 오전 11시30분 캐치테이블로 예약하고 43번째였는데 1시40분에 들어갔습니다 (2시간10분 걸림) 중간중간 온라인 예약도 인원이 많으면 마감되더라고요 뉴욕 매장 티비로 보다가 궁금해서 방문했고 국물이 맑은게 우리가 흔히아는 부산 돼지국밥과는 다른 맛이었고 국물 오묘하니 맛있었습니다 김치만두는 평범했고 아쉬운 점은 밥이 너무 덜익은 것같았어요. 국물에 토렴해서 주시니 퍼질것을 예상하고 지은 밥 인듯 한데 엄마랑 저에겐 좀 딱딱하게 느껴졌습니다. 고기는 부드럽고 얇고 특히 양념장이 정말 개운하게 느끼함을 잡아주었습니다 :),일요일 오전 11시30분 캐치테이블로 예약하고 43번째였는데 1시40분에 들어갔습니다 2시간10분 걸림 중간중간 온라인 예약도 인원이 많으면 마감되더라고요 뉴욕 매장 티비로 보다가 궁금해서 방문했고 국물이 맑은게 우리가 흔히아는 부산 돼지국밥과는 다른 맛이었고 국물 오묘하니 맛있었습니다 김치만두는 평범했고 아쉬운 점은 밥이 너무 덜익은 것같았어요 국물에 토렴해서 주시니 퍼질것을 예상하고 지은 밥 인듯 한데 엄마랑 저에겐 좀 딱딱하게 느껴졌습니다 고기는 부드럽고 얇고 특히 양념장이 정말 개운하게 느끼함을 잡아주었습니다,0,0,0,0,0,0,1,298,-0.3125,-2.5,7,약하고:-1:knu_word:w1.0:ctx1.0:adj-1.0; 분에:-2:knu_word:w1.0:ctx1.0:adj-2.0; 고요:1:knu_word_root:w0.65:ctx1.0:adj0.65; 부산:-1:knu_word_root:w0.65:ctx1.0:adj-0.65; 상하고:-2:knu_word:w1.0:ctx1.0:adj-2.0; 딱하게:-1:knu_word:w1.0:ctx0.5:adj-0.5; 개운하게:2:knu_word:w1.0:ctx1.5:adj3.0,0.625,2.5,3,맑은:food:1:manual_custom_dict:ctx1.0:adj1.0; 맛있었습니다:food:1:manual_custom_dict:ctx1.0:adj1.0; 부드럽고:food:1:manual_custom_dict:ctx0.5:adj0.5,10,17,7,2.5,3,0.8333333333333334,0.0,0,0.0,0.0,0,0.0,0.0,0,0.0,-0.125,0.0,0.3125,0.0,neutral_mixed,polarity_cancelled,0,1.0,not_available,0.0,"맑은(음식, 긍정(+1), 수동 보완사전, 기본, 반영 +1.00) / 맛있었습니다(음식, 긍정(+1), 수동 보완사전, 기본, 반영 +1.00) / 부드럽고(음식, 긍정(+1), 수동 보완사전, 약화(0.5배), 반영 +0.50)","약하고(KNU 원표현, 부정(-1), 사전가중 1.0, 기본, 반영 -1.00) / 분에(KNU 원표현, 부정(-2), 사전가중 1.0, 기본, 반영 -2.00) / 고요(KNU 어근, 긍정(+1), 사전가중 0.65, 기본, 반영 +0.65) / 부산(KNU 어근, 부정(-1), 사전가중 0.65, 기본, 반영 -0.65) / 상하고(KNU 원표현, 부정(-2), 사전가중 1.0, 기본, 반영 -2.00) / 딱하게(KNU 원표현, 부정(-1), 사전가중 1.0, 약화(0.5배), 반영 -0.50) / 개운하게(KNU 원표현, 긍정(+2), 사전가중 1.0, 강화(1.5배), 반영 +3.00)"
naver,옥동식,sr10,25.0,2025.07.28,1번째 방문,영수증,밥짓는방법이특이함 설익은밥을불려먹는곳인듯 설익은밥좋아하시는분은 좋아하실듯 밥이아니라 쌀이씹힘,51,True,,,,밥짓는방법이특이함 설익은밥을불려먹는곳인듯 설익은밥좋아하시는분은 좋아하실듯 밥이아니라 쌀이씹힘,밥짓는방법이특이함 설익은밥을불려먹는곳인듯 설익은밥좋아하시는분은 좋아하실듯 밥이아니라 쌀이씹힘,0,0,0,0,0,0,0,51,0.0,0.0,2,좋아:2:knu_word:w1.0:ctx1.0:adj2.0; 좋아:2:knu_word:w1.0:ctx-1.0:adj-2.0,0.0,0.0,0,,2,2,0,0.0,0,0.0,0.0,0,0.0,0.0,0,0.0,0.0,0,0.0,0.0,0.0,0.0,0.0,neutral_mixed,polarity_cancelled,0,1.0,not_available,0.0,,"좋아(KNU 원표현, 긍정(+2), 사전가중 1.0, 기본, 반영 +2.00) / 좋아(KNU 원표현, 긍정(+2), 사전가중 1.0, 반전(-1배), 반영 -2.00)"
naver,원조 조박집 본관,emj****,21.0,2026.04.08,1번째 방문,영수증,양념 맛이 강하지 않고 고기 질도 좋은 편입니다. 된장찌개가 아니라 국이지만 천원이라 좋습니다. 식후 주시는 식혜가 찐 맛도리입니다.,74,True,,,,양념 맛이 강하지 않고 고기 질도 좋은 편입니다. 된장찌개가 아니라 국이지만 천원이라 좋습니다. 식후 주시는 식혜가 찐 맛도리입니다.,양념 맛이 강하지 않고 고기 질도 좋은 편입니다 된장찌개가 아니라 국이지만 천원이라 좋습니다 식후 주시는 식혜가 찐 맛도리입니다,0,0,0,0,0,0,0,74,-0.5,-1.0,1,하지 않고:-1:knu_word:w1.0:ctx1.0:adj-1.0,1.0,3.0,2,좋은:food:1:manual_custom_dict:ctx1.0:adj1.0; 맛도리:food:2:manual_custom_dict:ctx1.0:adj2.0,3,6,3,3.0,2,1.5,0.0,0,0.0,0.0,0,0.0,0.0,0,0.0,-0.2,0.0,0.5,0.0,neutral_mixed,polarity_cancelled,0,1.0,not_available,0.0,"좋은(음식, 긍정(+1), 수동 보완사전, 기본, 반영 +1.00) / 맛도리(음식, 긍정(+2), 수동 보완사전, 기본, 반영 +2.00)","하지 않고(KNU 원표현, 부정(-1), 사전가중 1.0, 기본, 반영 -1.00)"
naver,원조 조박집 본관,AAPL19,1077.0,2025.12.06,1번째 방문,영수증,부일갈비급은 아니지만 달달한 갈비 좋아하면 먹고믿을만한 맛임,33,True,,,,부일갈비급은 아니지만 달달한 갈비 좋아하면 먹고믿을만한 맛임,부일갈비급은 아니지만 달달한 갈비 좋아하면 먹고믿을만한 맛임,0,0,0,0,0,0,0,33,0.0,0.0,2,아니:-2:knu_word_root:w0.65:ctx1.0:adj-1.3; 좋아하:2:knu_word_root:w0.65:ctx1.0:adj1.3,0.0,0.0,0,,2,3,1,0.0,0,0.0,0.0,0,0.0,0.0,0,0.0,0.0,0,0.0,0.0,0.0,0.0,0.0,neutral_mixed,polarity_cancelled,0,1.0,not_available,0.0,,"아니(KNU 어근, 부정(-2), 사전가중 0.65, 기본, 반영 -1.30) / 좋아하(KNU 어근, 긍정(+2), 사전가중 0.65, 기본, 반영 +1.30)"
naver,육산장 홍대본점,푸름이77,17.0,2026.03.28,1번째 방문,영수증,도심 속 캠핑온거 같은 분위기에 힐링하고 갑니다!!🤍 주말 저녁에 방문했는데 웨이팅 없이 바로 입장했어요!홍대 오면 또 방문할게요! 💖,75,True,,,,도심 속 캠핑온거 같은 분위기에 힐링하고 갑니다!!🤍 주말 저녁에 방문했는데 웨이팅 없이 바로 입장했어요!홍대 오면 또 방문할게요! 💖,도심 속 캠핑온거 같은 분위기에 힐링하고 갑니다 EXCLAM EMO_POS 주말 저녁에 방문했는데 웨이팅 없이 바로 입장했어요 EXCLAM 홍대 오면 또 방문할게요 EXCLAM EMO_POS,1,0,0,0,1,0,0,75,-0.5,-1.0,1,위기:-1:knu_word:w1.0:ctx1.0:adj-1.0,1.0,4.0,3,EMO_POS:atmosphere:1:extra_zero_fix:ctx1.0:adj1.0; 웨이팅 없이:service:2:manual_custom_dict:ctx1.0:adj2.0; EMO_POS:atmosphere:1:extra_zero_fix:ctx1.0:adj1.0,4,4,0,0.0,0,0.0,0.0,0,0.0,2.0,1,2.0,2.0,2,1.0,-0.2,0.0,0.5,0.0,neutral_mixed,polarity_cancelled,0,1.0,not_available,0.0,"EMO_POS(분위기, 긍정(+1), 0점 보완표현, 기본, 반영 +1.00) / 웨이팅 없이(서비스, 긍정(+2), 수동 보완사전, 기본, 반영 +2.00) / EMO_POS(분위기, 긍정(+1), 0점 보완표현, 기본, 반영 +1.00)","위기(KNU 원표현, 부정(-1), 사전가중 1.0, 기본, 반영 -1.00)"
naver,육산장 홍대본점,눈오는날224,10.0,2026.03.22,1번째 방문,영수증,분위기 너무 좋구 마싯어용 ㅎㅎ💘💘,19,True,,,,분위기 너무 좋구 마싯어용 ㅎㅎ💘💘,분위기 너무 좋구 마싯어용 EMO_POS EMO_POS,1,0,0,0,0,0,0,19,-0.5,-1.0,1,위기:-1:knu_word:w1.0:ctx1.0:adj-1.0,1.0,3.0,2,EMO_POS:atmosphere:1:extra_zero_fix:ctx1.5:adj1.5; EMO_POS:atmosphere:1:extra_zero_fix:ctx1.5:adj1.5,3,3,0,0.0,0,0.0,0.0,0,0.0,0.0,0,0.0,3.0,2,1.5,-0.2,0.0,0.5,0.0,neutral_mixed,polarity_cancelled,0,1.0,not_available,0.0,"EMO_POS(분위기, 긍정(+1), 0점 보완표현, 강화(1.5배), 반영 +1.50) / EMO_POS(분위기, 긍정(+1), 0점 보완표현, 강화(1.5배), 반영 +1.50)","위기(KNU 원표현, 부정(-1), 사전가중 1.0, 기본, 반영 -1.00)"
naver,육산장 홍대본점,Durldy90,56.0,2026.01.25,1번째 방문,영수증,가게 분위기 너무 좋고 넓어요!! 초벌해서 가져다주셔서 너무 좋아요~! 맛있습니다 :)),49,True,,,,가게 분위기 너무 좋고 넓어요!! 초벌해서 가져다주셔서 너무 좋아요~! 맛있습니다 :)),가게 분위기 너무 좋고 넓어요 EXCLAM 초벌해서 가져다주셔서 너무 좋아요 EXCLAM 맛있습니다,0,0,0,0,1,0,0,49,-0.5,-1.0,1,위기:-1:knu_word:w1.0:ctx1.0:adj-1.0,1.0,4.0,3,좋고:food:1:manual_custom_dict:ctx1.5:adj1.5; 좋아요:food:1:manual_custom_dict:ctx1.5:adj1.5; 맛있습니다:food:1:manual_custom_dict:ctx1.0:adj1.0,4,7,3,4.0,3,1.3333333333333333,0.0,0,0.0,0.0,0,0.0,0.0,0,0.0,-0.2,0.0,0.5,0.0,neutral_mixed,polarity_cancelled,0,1.0,not_available,0.0,"좋고(음식, 긍정(+1), 수동 보완사전, 강화(1.5배), 반영 +1.50) / 좋아요(음식, 긍정(+1), 수동 보완사전, 강화(1.5배), 반영 +1.50) / 맛있습니다(음식, 긍정(+1), 수동 보완사전, 기본, 반영 +1.00)","위기(KNU 원표현, 부정(-1), 사전가중 1.0, 기본, 반영 -1.00)"
naver,홍대 육지,Lisamin2400,9.0,2026.04.19,1번째 방문,영수증,나오자마자 너무 맛있게 먹느라 사진을 못찍었네욤 너무 맛있어요! 추천해용,40,True,,,,나오자마자 너무 맛있게 먹느라 사진을 못찍었네욤 너무 맛있어요! 추천해용,나오자마자 너무 맛있게 먹느라 사진을 못찍었네욤 너무 맛있어요 EXCLAM 추천해용,0,0,0,0,1,0,0,40,0.0,0.0,0,,0.0,0.0,2,맛있게:food:1:manual_custom_dict:ctx-1.5:adj-1.5; 맛있어요:food:1:manual_custom_dict:ctx1.5:adj1.5,2,5,3,0.0,2,0.0,0.0,0,0.0,0.0,0,0.0,0.0,0,0.0,0.0,0.0,0.0,0.0,neutral_mixed,polarity_cancelled,0,1.0,not_available,0.0,"맛있게(음식, 긍정(+1), 수동 보완사전, 반전(-1.5배), 반영 -1.50) / 맛있어요(음식, 긍정(+1), 수동 보완사전, 강화(1.5배), 반영 +1.50)",
naver,을밀대 평양냉면,도레도에,238.0,2026.02.21,1번째 방문,,나 맨날 줄긴거 구경만 하다가 평냉 첨 먹어봤어여 한 입 먹고 이게 맞나 싶어서 한입 더 먹게 되는 맛이에여 비싸지만 가볼만한 곳인거 가태요,78,True,,,,나 맨날 줄긴거 구경만 하다가 평냉 첨 먹어봤어여 한 입 먹고 이게 맞나 싶어서 한입 더 먹게 되는 맛이에여 비싸지만 가볼만한 곳인거 가태요,나 맨날 줄긴거 구경만 하다가 평냉 첨 먹어봤어여 한 입 먹고 이게 맞나 싶어서 한입 더 먹게 되는 맛이에여 비싸지만 가볼만한 곳인거 가태요,0,0,0,0,0,0,0,78,0.0,0.0,2,어여:2:knu_word_root:w0.65:ctx1.0:adj1.3; 비싸:-2:knu_word_root:w0.65:ctx1.0:adj-1.3,0.0,0.0,0,,2,2,0,0.0,0,0.0,0.0,0,0.0,0.0,0,0.0,0.0,0,0.0,0.0,0.0,0.0,0.0,neutral_mixed,polarity_cancelled,0,1.0,not_available,0.0,,"어여(KNU 어근, 긍정(+2), 사전가중 0.65, 기본, 반영 +1.30) / 비싸(KNU 어근, 부정(-2), 사전가중 0.65, 기본, 반영 -1.30)"
naver,을밀대 평양냉면,둠칫 둠칫,897.0,2026.02.21,1번째 방문,영수증,주말인데 운좋게 빨리 들어갔음 자극없는 슴슴한 맛 담엔 녹두빈대떡도 먹어봐야지,43,True,,,,주말인데 운좋게 빨리 들어갔음 자극없는 슴슴한 맛 담엔 녹두빈대떡도 먹어봐야지,주말인데 운좋게 빨리 들어갔음 자극없는 슴슴한 맛 담엔 녹두빈대떡도 먹어봐야지,0,0,0,0,0,0,0,43,0.0,0.0,2,좋게:2:knu_word:w1.0:ctx1.0:adj2.0; 빈대:-2:knu_word:w1.0:ctx1.0:adj-2.0,0.0,0.0,0,,2,2,0,0.0,0,0.0,0.0,0,0.0,0.0,0,0.0,0.0,0,0.0,0.0,0.0,0.0,0.0,neutral_mixed,polarity_cancelled,0,1.0,not_available,0.0,,"좋게(KNU 원표현, 긍정(+2), 사전가중 1.0, 기본, 반영 +2.00) / 빈대(KNU 원표현, 부정(-2), 사전가중 1.0, 기본, 반영 -2.00)"
naver,일등식당,백수인,1607.0,2025.05.21,1번째 방문,영수증,아침 9시에 방문했는데 살짝 대기했습니다 고기 육향이 나는 뼈해장국으로 이런 계열 좋아하시면 아주 만족하시며 드실 거예요 원래 성시경 나오는 곳은 불신하는 편인데 오늘은 성시경에게 패배했습니다. 저는 이 식당 강력 추천합니다,125,True,,,,아침 9시에 방문했는데 살짝 대기했습니다 고기 육향이 나는 뼈해장국으로 이런 계열 좋아하시면 아주 만족하시며 드실 거예요 원래 성시경 나오는 곳은 불신하는 편인데 오늘은 성시경에게 패배했습니다. 저는 이 식당 강력 추천합니다,아침 9시에 방문했는데 살짝 대기했습니다 고기 육향이 나는 뼈해장국으로 이런 계열 좋아하시면 아주 만족하시며 드실 거예요 원래 성시경 나오는 곳은 불신하는 편인데 오늘은 성시경에게 패배했습니다 저는 이 식당 강력 추천합니다,0,0,0,0,0,0,1,125,0.0,0.0,5,좋아:2:knu_word:w1.0:ctx1.0:adj2.0; 만족:2:knu_word:w1.0:ctx1.0:adj2.0; 불신:-2:knu_word:w1.0:ctx1.0:adj-2.0; 패배:-1:knu_word:w1.0:ctx1.0:adj-1.0; 저는:-1:knu_word:w1.0:ctx1.0:adj-1.0,0.0,0.0,0,,5,5,0,0.0,0,0.0,0.0,0,0.0,0.0,0,0.0,0.0,0,0.0,0.0,0.0,0.0,0.0,neutral_mixed,polarity_cancelled,0,1.0,not_available,0.0,,"좋아(KNU 원표현, 긍정(+2), 사전가중 1.0, 기본, 반영 +2.00) / 만족(KNU 원표현, 긍정(+2), 사전가중 1.0, 기본, 반영 +2.00) / 불신(KNU 원표현, 부정(-2), 사전가중 1.0, 기본, 반영 -2.00) / 패배(KNU 원표현, 부정(-1), 사전가중 1.0, 기본, 반영 -1.00) / 저는(KNU 원표현, 부정(-1), 사전가중 1.0, 기본, 반영 -1.00)"
naver,조선시대,pan****,7.0,2026.04.26,1번째 방문,영수증,"이자카야 분위기 너무 좋고, 육회도 감자전도 정말 맛있어요. 다음에 또 오고 싶은 집이에요! #HongdaeBar #HongdaeMakgeolli #HongdaeEats/#HongdaeFood",107,True,,,,"이자카야 분위기 너무 좋고, 육회도 감자전도 정말 맛있어요. 다음에 또 오고 싶은 집이에요! #HongdaeBar #HongdaeMakgeolli #HongdaeEats/#HongdaeFood",이자카야 분위기 너무 좋고 육회도 감자전도 정말 맛있어요 다음에 또 오고 싶은 집이에요 EXCLAM HongdaeBar HongdaeMakgeolli HongdaeEats HongdaeFood,0,0,0,0,1,0,0,107,-0.5,-1.0,1,위기:-1:knu_word:w1.0:ctx1.0:adj-1.0,1.0,3.0,2,좋고:food:1:manual_custom_dict:ctx1.5:adj1.5; 맛있어요:food:1:manual_custom_dict:ctx1.5:adj1.5,3,5,2,3.0,2,1.5,0.0,0,0.0,0.0,0,0.0,0.0,0,0.0,-0.2,0.0,0.5,0.0,neutral_mixed,polarity_cancelled,0,1.0,not_available,0.0,"좋고(음식, 긍정(+1), 수동 보완사전, 강화(1.5배), 반영 +1.50) / 맛있어요(음식, 긍정(+1), 수동 보완사전, 강화(1.5배), 반영 +1.50)","위기(KNU 원표현, 부정(-1), 사전가중 1.0, 기본, 반영 -1.00)"
naver,조선시대,정이든37,9.0,2026.04.25,1번째 방문,영수증,분위기 너무 좋고 안주도 맛있어요~~,20,True,,,,분위기 너무 좋고 안주도 맛있어요~~,분위기 너무 좋고 안주도 맛있어요 TILDE,0,0,0,0,0,0,0,20,-0.5,-1.0,1,위기:-1:knu_word:w1.0:ctx1.0:adj-1.0,1.0,3.0,2,좋고:food:1:manual_custom_dict:ctx1.5:adj1.5; 맛있어요:food:1:manual_custom_dict:ctx1.5:adj1.5,3,5,2,3.0,2,1.5,0.0,0,0.0,0.0,0,0.0,0.0,0,0.0,-0.2,0.0,0.5,0.0,neutral_mixed,polarity_cancelled,0,1.0,not_available,0.0,"좋고(음식, 긍정(+1), 수동 보완사전, 강화(1.5배), 반영 +1.50) / 맛있어요(음식, 긍정(+1), 수동 보완사전, 강화(1.5배), 반영 +1.50)","위기(KNU 원표현, 부정(-1), 사전가중 1.0, 기본, 반영 -1.00)"
naver,조선시대,태경222,40.0,2026.03.15,1번째 방문,영수증,처음왔는데 분위기도 너무 좋고 음식도 맛있습니다! 다음에 또 올게요!!,39,True,,,,처음왔는데 분위기도 너무 좋고 음식도 맛있습니다! 다음에 또 올게요!!,처음왔는데 분위기도 너무 좋고 음식도 맛있습니다 EXCLAM 다음에 또 올게요 EXCLAM,0,0,0,0,1,0,0,39,-0.5,-1.0,1,위기:-1:knu_word:w1.0:ctx1.0:adj-1.0,1.0,3.0,2,좋고:food:1:manual_custom_dict:ctx1.5:adj1.5; 맛있습니다:food:1:manual_custom_dict:ctx1.5:adj1.5,3,5,2,3.0,2,1.5,0.0,0,0.0,0.0,0,0.0,0.0,0,0.0,-0.2,0.0,0.5,0.0,neutral_mixed,polarity_cancelled,0,1.0,not_available,0.0,"좋고(음식, 긍정(+1), 수동 보완사전, 강화(1.5배), 반영 +1.50) / 맛있습니다(음식, 긍정(+1), 수동 보완사전, 강화(1.5배), 반영 +1.50)","위기(KNU 원표현, 부정(-1), 사전가중 1.0, 기본, 반영 -1.00)"
naver,쭌곱창,지니밤31,55.0,2025.11.17,1번째 방문,영수증,가성비도 너무좋고 너무 맛있어요 처음왔는데 다음에 지인 데리고 또올거같아요 ㅎㅎㅎ 추운날엔 곱창이죠&gt;_&lt;,64,True,,,,가성비도 너무좋고 너무 맛있어요 처음왔는데 다음에 지인 데리고 또올거같아요 ㅎㅎㅎ 추운날엔 곱창이죠&gt;_&lt;,가성비도 너무좋고 너무 맛있어요 처음왔는데 다음에 지인 데리고 또올거같아요 추운날엔 곱창이죠 gt _ lt,0,0,0,0,0,0,0,64,-0.5,-1.0,1,추운:-1:knu_word:w1.0:ctx1.0:adj-1.0,1.0,3.0,2,좋고:food:1:manual_custom_dict:ctx1.5:adj1.5; 맛있어요:food:1:manual_custom_dict:ctx1.5:adj1.5,3,5,2,3.0,2,1.5,0.0,0,0.0,0.0,0,0.0,0.0,0,0.0,-0.2,0.0,0.5,0.0,neutral_mixed,polarity_cancelled,0,1.0,not_available,0.0,"좋고(음식, 긍정(+1), 수동 보완사전, 강화(1.5배), 반영 +1.50) / 맛있어요(음식, 긍정(+1), 수동 보완사전, 강화(1.5배), 반영 +1.50)","추운(KNU 원표현, 부정(-1), 사전가중 1.0, 기본, 반영 -1.00)"
naver,황금콩밭,양배추님잘먹고잘살기,254.0,2025.12.12,1번째 방문,영수증,지인들과 송년모임 한달전쯤 6만원 코스로 모였습니다 음식은 맛있는데 코스가 좀 빈약한 느낌이 있습니다 저만의 생각,63,True,,,,지인들과 송년모임 한달전쯤 6만원 코스로 모였습니다 음식은 맛있는데 코스가 좀 빈약한 느낌이 있습니다 저만의 생각,지인들과 송년모임 한달전쯤 6만원 코스로 모였습니다 음식은 맛있는데 코스가 좀 빈약한 느낌이 있습니다 저만의 생각,0,0,0,0,0,0,1,63,-0.25,-0.5,1,약한:-1:knu_word:w1.0:ctx0.5:adj-0.5,0.5,1.0,1,맛있는데:food:1:manual_custom_dict:ctx1.0:adj1.0,2,4,2,1.0,1,1.0,0.0,0,0.0,0.0,0,0.0,0.0,0,0.0,-0.1,0.0,0.25,0.0,neutral_mixed,polarity_cancelled,0,1.0,not_available,0.0,"맛있는데(음식, 긍정(+1), 수동 보완사전, 기본, 반영 +1.00)","약한(KNU 원표현, 부정(-1), 사전가중 1.0, 약화(0.5배), 반영 -0.50)"
naver,금금 성수점,더치커피워터97,32.0,2026.04.05,1번째 방문,영수증,너무 맛있게 잘 먹었어요! 웨이팅도 길지 않아서 적극 추천드립니다! 캐치테이블도 가능해요~!,51,True,,,,너무 맛있게 잘 먹었어요! 웨이팅도 길지 않아서 적극 추천드립니다! 캐치테이블도 가능해요~!,너무 맛있게 잘 먹었어요 EXCLAM 웨이팅도 길지 않아서 적극 추천드립니다 EXCLAM 캐치테이블도 가능해요 EXCLAM,0,0,0,0,1,0,0,51,-0.5,-1.0,1,적극:1:knu_word:w1.0:ctx-1.0:adj-1.0,1.0,3.0,2,맛있게:food:1:manual_custom_dict:ctx1.5:adj1.5; 잘 먹었어요:food:1:extra_zero_fix:ctx1.5:adj1.5,3,5,2,3.0,2,1.5,0.0,0,0.0,0.0,0,0.0,0.0,0,0.0,-0.2,0.0,0.5,0.0,neutral_mixed,polarity_cancelled,0,1.0,not_available,0.0,"맛있게(음식, 긍정(+1), 수동 보완사전, 강화(1.5배), 반영 +1.50) / 잘 먹었어요(음식, 긍정(+1), 0점 보완표현, 강화(1.5배), 반영 +1.50)","적극(KNU 원표현, 긍정(+1), 사전가중 1.0, 반전(-1배), 반영 -1.00)"
naver,능동미나리 성수지점,sj032377,411.0,2025.12.03,1번째 방문,예약,추운날 뜨끈한 국물먹고 싶다니까 친구가 댈구갔다. 맛도 있고 1년 먹을 미나리 다 먹은듯,49,False,,,,추운날 뜨끈한 국물먹고 싶다니까 친구가 댈구갔다. 맛도 있고 1년 먹을 미나리 다 먹은듯,추운날 뜨끈한 국물먹고 싶다니까 친구가 댈구갔다 맛도 있고 1년 먹을 미나리 다 먹은듯,0,0,0,0,0,0,1,49,0.0,0.0,2,추운:-1:knu_word:w1.0:ctx1.0:adj-1.0; 친구:1:knu_word:w1.0:ctx1.0:adj1.0,0.0,0.0,0,,2,2,0,0.0,0,0.0,0.0,0,0.0,0.0,0,0.0,0.0,0,0.0,0.0,0.0,0.0,0.0,neutral_mixed,polarity_cancelled,0,1.0,not_available,0.0,,"추운(KNU 원표현, 부정(-1), 사전가중 1.0, 기본, 반영 -1.00) / 친구(KNU 원표현, 긍정(+1), 사전가중 1.0, 기본, 반영 +1.00)"
naver,뼈탄집 성수역점,담담9527,116.0,2026.04.22,1번째 방문,영수증,스트레스받을땐 고기가 역시 최고인거같아요ㅋㅋ 직장동료와 맛있는고기먹고 스트레스풀었네요ㅋㅋ,49,True,,,,스트레스받을땐 고기가 역시 최고인거같아요ㅋㅋ 직장동료와 맛있는고기먹고 스트레스풀었네요ㅋㅋ,스트레스받을땐 고기가 역시 최고인거같아요 직장동료와 맛있는고기먹고 스트레스풀었네요,0,0,0,0,0,0,0,49,0.0,0.0,4,스트레스:-2:knu_word:w1.0:ctx1.0:adj-2.0; 최고:2:knu_word:w1.0:ctx1.0:adj2.0; 맛있는:2:knu_word:w1.0:ctx1.0:adj2.0; 스트레스:-2:knu_word:w1.0:ctx1.0:adj-2.0,0.0,0.0,0,,4,5,1,0.0,0,0.0,0.0,0,0.0,0.0,0,0.0,0.0,0,0.0,0.0,0.0,0.0,0.0,neutral_mixed,polarity_cancelled,0,1.0,not_available,0.0,,"스트레스(KNU 원표현, 부정(-2), 사전가중 1.0, 기본, 반영 -2.00) / 최고(KNU 원표현, 긍정(+2), 사전가중 1.0, 기본, 반영 +2.00) / 맛있는(KNU 원표현, 긍정(+2), 사전가중 1.0, 기본, 반영 +2.00) / 스트레스(KNU 원표현, 부정(-2), 사전가중 1.0, 기본, 반영 -2.00)"
naver,성수족발,hyeppy99,1158.0,2026.04.17,1번째 방문,영수증,"음식 간이 많이 쎄요. 간이 쎄서 많이 먹긴 힘들지만, 고기가 부드러워 편하게 먹었어요~",49,False,,,,"음식 간이 많이 쎄요. 간이 쎄서 많이 먹긴 힘들지만, 고기가 부드러워 편하게 먹었어요~",음식 간이 많이 쎄요 간이 쎄서 많이 먹긴 힘들지만 고기가 부드러워 편하게 먹었어요,0,0,0,0,0,0,0,49,0.0,0.0,2,힘들:-2:knu_word:w1.0:ctx1.0:adj-2.0; 편하게:2:knu_word:w1.0:ctx1.0:adj2.0,0.0,0.0,0,,2,3,1,0.0,0,0.0,0.0,0,0.0,0.0,0,0.0,0.0,0,0.0,0.0,0.0,0.0,0.0,neutral_mixed,polarity_cancelled,0,1.0,not_available,0.0,,"힘들(KNU 원표현, 부정(-2), 사전가중 1.0, 기본, 반영 -2.00) / 편하게(KNU 원표현, 긍정(+2), 사전가중 1.0, 기본, 반영 +2.00)"
naver,성수족발,슌129,1297.0,2026.01.23,1번째 방문,영수증,대가 없어서 중먹음.. 느끼함을 잡아줄게 없어서 술이고팠음.. 쫄깃하고 맛있음,43,True,,,,대가 없어서 중먹음.. 느끼함을 잡아줄게 없어서 술이고팠음.. 쫄깃하고 맛있음,대가 없어서 중먹음 느끼함을 잡아줄게 없어서 술이고팠음 쫄깃하고 맛있음,0,0,0,0,0,0,0,43,-0.25,-1.0,3,대가:1:knu_word:w1.0:ctx1.0:adj1.0; 없어서:-1:knu_word:w1.0:ctx1.0:adj-1.0; 없어서:-1:knu_word:w1.0:ctx1.0:adj-1.0,0.5,1.0,1,맛있음:food:1:manual_custom_dict:ctx1.0:adj1.0,4,5,1,1.0,1,1.0,0.0,0,0.0,0.0,0,0.0,0.0,0,0.0,-0.1,0.0,0.25,0.0,neutral_mixed,polarity_cancelled,0,1.0,not_available,0.0,"맛있음(음식, 긍정(+1), 수동 보완사전, 기본, 반영 +1.00)","대가(KNU 원표현, 긍정(+1), 사전가중 1.0, 기본, 반영 +1.00) / 없어서(KNU 원표현, 부정(-1), 사전가중 1.0, 기본, 반영 -1.00) / 없어서(KNU 원표현, 부정(-1), 사전가중 1.0, 기본, 반영 -1.00)"
naver,소문난성수감자탕,초롱초롱초로롱123,171.0,2026.03.28,1번째 방문,영수증,맛잇게잘먹엇습니다. 예전만큼 맛잇지는않네요. 돼지고기 비린내가 좀 느껴졋어요.,43,True,,,,맛잇게잘먹엇습니다. 예전만큼 맛잇지는않네요. 돼지고기 비린내가 좀 느껴졋어요.,맛잇게잘먹엇습니다 예전만큼 맛잇지는않네요 돼지고기 비린내가 좀 느껴졋어요,0,0,0,0,0,0,0,43,0.0,0.0,0,,0.0,0.0,2,맛잇게:food:1:manual_custom_dict:ctx1.0:adj1.0; 맛잇:food:1:extra_zero_fix:ctx-1.0:adj-1.0,2,3,1,0.0,2,0.0,0.0,0,0.0,0.0,0,0.0,0.0,0,0.0,0.0,0.0,0.0,0.0,neutral_mixed,polarity_cancelled,0,1.0,not_available,0.0,"맛잇게(음식, 긍정(+1), 수동 보완사전, 기본, 반영 +1.00) / 맛잇(음식, 긍정(+1), 0점 보완표현, 반전(-1배), 반영 -1.00)",
naver,이태리국시 성수,현7330,39.0,2026.04.19,1번째 방문,영수증,숯불불고기쌈피자 진짜 맛있어요!! 불고기가 가득 들어있고 야채랑 소스들이 잘 어우러져서 색다른데 엄청 맛있습니당!! 대창돌솥파스타 대창이 실해서 맛있었어요🤤,87,True,,,,숯불불고기쌈피자 진짜 맛있어요!! 불고기가 가득 들어있고 야채랑 소스들이 잘 어우러져서 색다른데 엄청 맛있습니당!! 대창돌솥파스타 대창이 실해서 맛있었어요🤤,숯불불고기쌈피자 진짜 맛있어요 EXCLAM 불고기가 가득 들어있고 야채랑 소스들이 잘 어우러져서 색다른데 엄청 맛있습니당 EXCLAM 대창돌솥파스타 대창이 실해서 맛있었어요,0,0,0,0,1,0,0,87,-0.5,-1.0,1,져서:-1:knu_word:w1.0:ctx1.0:adj-1.0,1.0,5.0,4,맛있어요:food:1:manual_custom_dict:ctx1.5:adj1.5; 색다른:atmosphere:1:manual_custom_dict:ctx1.0:adj1.0; 맛있습니당:food:1:manual_custom_dict:ctx1.5:adj1.5; 맛있었어요:food:1:manual_custom_dict:ctx1.0:adj1.0,5,8,3,4.0,3,1.3333333333333333,0.0,0,0.0,0.0,0,0.0,1.0,1,1.0,-0.2,0.0,0.5,0.0,neutral_mixed,polarity_cancelled,0,1.0,not_available,0.0,"맛있어요(음식, 긍정(+1), 수동 보완사전, 강화(1.5배), 반영 +1.50) / 색다른(분위기, 긍정(+1), 수동 보완사전, 기본, 반영 +1.00) / 맛있습니당(음식, 긍정(+1), 수동 보완사전, 강화(1.5배), 반영 +1.50) / 맛있었어요(음식, 긍정(+1), 수동 보완사전, 기본, 반영 +1.00)","져서(KNU 원표현, 부정(-1), 사전가중 1.0, 기본, 반영 -1.00)"
naver,이태리국시 성수,Keanu33,84.0,2026.04.05,1번째 방문,영수증,서울숲 벚꽃구경하러 온김에 예약하고 방문했는데 너무 맛있어요 대창파스타 특이하고 맛있어요 ㅎㅎ 매콤해서 대창이 느끼하지 않네요 리조또도 넘 맛있어요! 직원분들도 친절하고 분위기도 좋아요^^,105,True,,,,서울숲 벚꽃구경하러 온김에 예약하고 방문했는데 너무 맛있어요 대창파스타 특이하고 맛있어요 ㅎㅎ 매콤해서 대창이 느끼하지 않네요 리조또도 넘 맛있어요! 직원분들도 친절하고 분위기도 좋아요^^,서울숲 벚꽃구경하러 온김에 예약하고 방문했는데 너무 맛있어요 대창파스타 특이하고 맛있어요 매콤해서 대창이 느끼하지 않네요 리조또도 넘 맛있어요 EXCLAM 직원분들도 친절하고 분위기도 좋아요,0,0,0,0,1,0,0,105,-0.5,-1.0,1,약하고:-1:knu_word:w1.0:ctx1.0:adj-1.0,1.0,6.0,5,맛있어요:food:1:manual_custom_dict:ctx1.5:adj1.5; 맛있어요:food:1:manual_custom_dict:ctx1.5:adj1.5; 맛있어요:food:1:manual_custom_dict:ctx1.0:adj1.0; 친절하고:service:1:manual_custom_dict:ctx1.0:adj1.0; 분위기도 좋아요:atmosphere:1:manual_custom_dict:ctx1.0:adj1.0,6,14,8,4.0,3,1.3333333333333333,0.0,0,0.0,1.0,1,1.0,1.0,1,1.0,-0.2,0.0,0.5,0.0,neutral_mixed,polarity_cancelled,0,1.0,not_available,0.0,"맛있어요(음식, 긍정(+1), 수동 보완사전, 강화(1.5배), 반영 +1.50) / 맛있어요(음식, 긍정(+1), 수동 보완사전, 강화(1.5배), 반영 +1.50) / 맛있어요(음식, 긍정(+1), 수동 보완사전, 기본, 반영 +1.00) / 친절하고(서비스, 긍정(+1), 수동 보완사전, 기본, 반영 +1.00) / 분위기도 좋아요(분위기, 긍정(+1), 수동 보완사전, 기본, 반영 +1.00)","약하고(KNU 원표현, 부정(-1), 사전가중 1.0, 기본, 반영 -1.00)"
naver,훼미리손칼국수보쌈,mirror79,346.0,2026.02.06,1번째 방문,영수증,오랜만에 가도 여전한 맛집입니다. 단 추운날 갔는데 매장이 추웠어요. 그거빼곤 친절하시고 고기랑 칼국수 밥까지 나오는 보쌈정식 늘 추천입니다:),80,True,,,,오랜만에 가도 여전한 맛집입니다. 단 추운날 갔는데 매장이 추웠어요. 그거빼곤 친절하시고 고기랑 칼국수 밥까지 나오는 보쌈정식 늘 추천입니다:),오랜만에 가도 여전한 맛집입니다 단 추운날 갔는데 매장이 추웠어요 그거빼곤 친절하시고 고기랑 칼국수 밥까지 나오는 보쌈정식 늘 추천입니다,0,0,0,0,0,0,0,80,-0.5,-1.0,1,추운:-1:knu_word:w1.0:ctx1.0:adj-1.0,1.0,3.0,2,맛집입니다:food:2:manual_custom_dict:ctx1.0:adj2.0; 친절하시고:service:1:manual_custom_dict:ctx1.0:adj1.0,3,5,2,2.0,1,2.0,0.0,0,0.0,1.0,1,1.0,0.0,0,0.0,-0.2,0.0,0.5,0.0,neutral_mixed,polarity_cancelled,0,1.0,not_available,0.0,"맛집입니다(음식, 긍정(+2), 수동 보완사전, 기본, 반영 +2.00) / 친절하시고(서비스, 긍정(+1), 수동 보완사전, 기본, 반영 +1.00)","추운(KNU 원표현, 부정(-1), 사전가중 1.0, 기본, 반영 -1.00)"
kakao,각시보쌈,❤️,5.0,2026-01-26,,,아니 무슨 80년대도아니고 혼자손님이 와도 자기가 앉고싶은자릴 앉는거지 이래라저래라 저기앉아라이러고 통제를 합니까 무슨 공산주의에요????밥먹으러왔다가 기분잡쳐서가네요 먹는 내내 중국종업원들 먹는거 구경하면서 낄낄대고 다음에 가서그러면 가만히 않있습니다 두고보세요,147,False,1.0,2.0,브론즈 레벨,아니 무슨 80년대도아니고 혼자손님이 와도 자기가 앉고싶은자릴 앉는거지 이래라저래라 저기앉아라이러고 통제를 합니까 무슨 공산주의에요????밥먹으러왔다가 기분잡쳐서가네요 먹는 내내 중국종업원들 먹는거 구경하면서 낄낄대고 다음에 가서그러면 가만히 않있습니다 두고보세요,아니 무슨 80년대도아니고 혼자손님이 와도 자기가 앉고싶은자릴 앉는거지 이래라저래라 저기앉아라이러고 통제를 합니까 무슨 공산주의에요 QUESTION 밥먹으러왔다가 기분잡쳐서가네요 먹는 내내 중국종업원들 먹는거 구경하면서 낄낄대고 다음에 가서그러면 가만히 않있습니다 두고보세요,0,0,0,0,0,1,1,147,0.0,0.0,2,아니:-2:knu_word_root:w0.65:ctx-1.0:adj1.3; 아니:-2:knu_word_root:w0.65:ctx1.0:adj-1.3,0.0,0.0,0,,2,2,0,0.0,0,0.0,0.0,0,0.0,0.0,0,0.0,0.0,0,0.0,0.0,0.0,0.0,0.0,neutral_mixed,polarity_cancelled,0,1.0,not_available,0.0,,"아니(KNU 어근, 부정(-2), 사전가중 0.65, 반전(-1배), 반영 +1.30) / 아니(KNU 어근, 부정(-2), 사전가중 0.65, 기본, 반영 -1.30)"
kakao,굴다리식당,ㅇㅅㅇ?,36.0,2026-01-19,,,진짜 5점 주시는 분들 이해안가긴 한데 (개취니까 존중) 개인적으로 너무 국물 시고 고기는 질기고 밥은 질고... 정말 과거의 명성으로만 유지하려는 게 너무 느껴져서 밥 먹다가 기분나빠서 숟가랃 내려놓고 다른데 갔습니다 기대 없으면 먹을 만 할 수 있겠죠 저는 여기 갈바에 그냥 다른 프랜차이즈 김치찌개 집 갑니다 ㅎ,177,True,1.0,3.6,실버 레벨,진짜 5점 주시는 분들 이해안가긴 한데 (개취니까 존중) 개인적으로 너무 국물 시고 고기는 질기고 밥은 질고... 정말 과거의 명성으로만 유지하려는 게 너무 느껴져서 밥 먹다가 기분나빠서 숟가랃 내려놓고 다른데 갔습니다 기대 없으면 먹을 만 할 수 있겠죠 저는 여기 갈바에 그냥 다른 프랜차이즈 김치찌개 집 갑니다 ㅎ,진짜 5점 주시는 분들 이해안가긴 한데 개취니까 존중 개인적으로 너무 국물 시고 고기는 질기고 밥은 질고 정말 과거의 명성으로만 유지하려는 게 너무 느껴져서 밥 먹다가 기분나빠서 숟가랃 내려놓고 다른데 갔습니다 기대 없으면 먹을 만 할 수 있겠죠 저는 여기 갈바에 그냥 다른 프랜차이즈 김치찌개 집 갑니다,0,0,0,0,0,0,1,177,0.0,0.0,6,존중:1:knu_word:w1.0:ctx1.5:adj1.5; 명성:2:knu_word:w1.0:ctx1.5:adj3.0; 져서:-1:knu_word:w1.0:ctx1.5:adj-1.5; 분나:-2:knu_word:w1.0:ctx1.5:adj-3.0; 기대:1:knu_word:w1.0:ctx1.0:adj1.0; 저는:-1:knu_word:w1.0:ctx1.0:adj-1.0,0.0,0.0,0,,6,6,0,0.0,0,0.0,0.0,0,0.0,0.0,0,0.0,0.0,0,0.0,0.0,0.0,0.0,0.0,neutral_mixed,polarity_cancelled,0,1.0,not_available,0.0,,"존중(KNU 원표현, 긍정(+1), 사전가중 1.0, 강화(1.5배), 반영 +1.50) / 명성(KNU 원표현, 긍정(+2), 사전가중 1.0, 강화(1.5배), 반영 +3.00) / 져서(KNU 원표현, 부정(-1), 사전가중 1.0, 강화(1.5배), 반영 -1.50) / 분나(KNU 원표현, 부정(-2), 사전가중 1.0, 강화(1.5배), 반영 -3.00) / 기대(KNU 원표현, 긍정(+1), 사전가중 1.0, 기본, 반영 +1.00) / 저는(KNU 원표현, 부정(-1), 사전가중 1.0, 기본, 반영 -1.00)"
kakao,락희옥 마포본점,카우,613.0,2025-06-16,,,맛은 있으나 가격값을 하는지는.. 한 번쯤은 방문할만한 집입니다만 재방문까지는 모르겠어요,49,True,3.0,3.6,골드 레벨,맛은 있으나 가격값을 하는지는.. 한 번쯤은 방문할만한 집입니다만 재방문까지는 모르겠어요,맛은 있으나 가격값을 하는지는 한 번쯤은 방문할만한 집입니다만 재방문까지는 모르겠어요,0,0,0,0,0,0,0,49,0.0,0.0,0,,0.0,0.0,2,재방문:service:1:extra_zero_fix:ctx1.3:adj1.3; 모르겠:food:-1:manual_custom_dict:ctx1.3:adj-1.3,2,2,0,-1.3,1,-1.3,0.0,0,0.0,1.3,1,1.3,0.0,0,0.0,0.0,0.0,0.0,0.0,neutral_mixed,polarity_cancelled,0,1.0,not_available,0.0,"재방문(서비스, 긍정(+1), 0점 보완표현, 강화(1.3배), 반영 +1.30) / 모르겠(음식, 부정(-1), 수동 보완사전, 강화(1.3배), 반영 -1.30)",
kakao,마포양지설렁탕 도화점,된장찌개 매니아,138.0,2025-08-28,,,이정도면 괜찮죠였지만 점점 아쉽,17,False,3.0,4.0,골드 레벨,이정도면 괜찮죠였지만 점점 아쉽,이정도면 괜찮죠였지만 점점 아쉽,0,0,0,0,0,0,0,17,0.0,0.0,2,괜찮:1:knu_word_root:w0.65:ctx1.0:adj0.65; 아쉽:-1:knu_word_root:w0.65:ctx1.0:adj-0.65,0.0,0.0,0,,2,2,0,0.0,0,0.0,0.0,0,0.0,0.0,0,0.0,0.0,0,0.0,0.0,0.0,0.0,0.0,neutral_mixed,polarity_cancelled,0,1.0,not_available,0.0,,"괜찮(KNU 어근, 긍정(+1), 사전가중 0.65, 기본, 반영 +0.65) / 아쉽(KNU 어근, 부정(-1), 사전가중 0.65, 기본, 반영 -0.65)"
kakao,옥동식 서교점,이재승,16.0,2026-02-12,,,맛있기는 했지만 인스타 맛집 마냥 조용함과 절제됨을 강요하는 느낌이라 짜증이 났다,45,False,3.0,4.2,실버 레벨,맛있기는 했지만 인스타 맛집 마냥 조용함과 절제됨을 강요하는 느낌이라 짜증이 났다,맛있기는 했지만 인스타 맛집 마냥 조용함과 절제됨을 강요하는 느낌이라 짜증이 났다,0,0,0,0,0,0,0,45,0.0,0.0,2,맛집:2:knu_word:w1.0:ctx1.0:adj2.0; 짜증이:-2:knu_word:w1.0:ctx1.0:adj-2.0,0.0,0.0,0,,2,3,1,0.0,0,0.0,0.0,0,0.0,0.0,0,0.0,0.0,0,0.0,0.0,0.0,0.0,0.0,neutral_mixed,polarity_cancelled,0,1.0,not_available,0.0,,"맛집(KNU 원표현, 긍정(+2), 사전가중 1.0, 기본, 반영 +2.00) / 짜증이(KNU 원표현, 부정(-2), 사전가중 1.0, 기본, 반영 -2.00)"
kakao,옥동식 서교점,주관적감별사,241.0,2025-06-22,,,웨이팅은 힘들지만 가치가 있다.,17,False,5.0,4.2,골드 레벨,웨이팅은 힘들지만 가치가 있다.,웨이팅은 힘들지만 가치가 있다,0,0,0,0,0,0,0,17,0.0,0.0,2,힘들:-2:knu_word:w1.0:ctx1.0:adj-2.0; 가치가 있다:2:knu_word:w1.0:ctx1.0:adj2.0,0.0,0.0,0,,2,4,2,0.0,0,0.0,0.0,0,0.0,0.0,0,0.0,0.0,0,0.0,0.0,0.0,0.0,0.0,neutral_mixed,polarity_cancelled,0,1.0,not_available,0.0,,"힘들(KNU 원표현, 부정(-2), 사전가중 1.0, 기본, 반영 -2.00) / 가치가 있다(KNU 원표현, 긍정(+2), 사전가중 1.0, 기본, 반영 +2.00)"
kakao,옥동식 서교점,해컹이,46.0,2025-01-21,,,"평양냉면 국물 베이스?에 돼지살코기, 김치 맛있어요. 양념은 무슨 의도인지는 잘 모르겠다",49,True,4.0,4.8,실버 레벨,"평양냉면 국물 베이스?에 돼지살코기, 김치 맛있어요. 양념은 무슨 의도인지는 잘 모르겠다",평양냉면 국물 베이스 QUESTION 에 돼지살코기 김치 맛있어요 양념은 무슨 의도인지는 잘 모르겠다,0,0,0,0,0,1,0,49,0.0,0.0,0,,0.0,0.0,2,맛있어요:food:1:manual_custom_dict:ctx1.0:adj1.0; 모르겠:food:-1:manual_custom_dict:ctx1.0:adj-1.0,2,3,1,0.0,2,0.0,0.0,0,0.0,0.0,0,0.0,0.0,0,0.0,0.0,0.0,0.0,0.0,neutral_mixed,polarity_cancelled,0,1.0,not_available,0.0,"맛있어요(음식, 긍정(+1), 수동 보완사전, 기본, 반영 +1.00) / 모르겠(음식, 부정(-1), 수동 보완사전, 기본, 반영 -1.00)",
kakao,육산장 홍대본점,최석우,1.0,2026-01-18,,,분위기도 너무 좋고 맛있어요!,16,True,5.0,5.0,브론즈 레벨,분위기도 너무 좋고 맛있어요!,분위기도 너무 좋고 맛있어요 EXCLAM,0,0,0,0,1,0,0,16,-0.5,-1.0,1,위기:-1:knu_word:w1.0:ctx1.0:adj-1.0,1.0,3.0,2,좋고:food:1:manual_custom_dict:ctx1.5:adj1.5; 맛있어요:food:1:manual_custom_dict:ctx1.5:adj1.5,3,5,2,3.0,2,1.5,0.0,0,0.0,0.0,0,0.0,0.0,0,0.0,-0.2,0.0,0.5,0.0,neutral_mixed,polarity_cancelled,0,1.0,not_available,0.0,"좋고(음식, 긍정(+1), 수동 보완사전, 강화(1.5배), 반영 +1.50) / 맛있어요(음식, 긍정(+1), 수동 보완사전, 강화(1.5배), 반영 +1.50)","위기(KNU 원표현, 부정(-1), 사전가중 1.0, 기본, 반영 -1.00)"
kakao,육산장 홍대본점,🌙,1.0,2025-09-15,,,가게 분위기도 너무 좋고 고기 질도 너무 좋아요! 치즈랑 같이 주는데 이게 은근 별미고 된장술밥 맛있습니다!!,61,False,5.0,5.0,브론즈 레벨,가게 분위기도 너무 좋고 고기 질도 너무 좋아요! 치즈랑 같이 주는데 이게 은근 별미고 된장술밥 맛있습니다!!,가게 분위기도 너무 좋고 고기 질도 너무 좋아요 EXCLAM 치즈랑 같이 주는데 이게 은근 별미고 된장술밥 맛있습니다 EXCLAM,0,0,0,0,1,0,0,61,-0.5,-1.0,1,위기:-1:knu_word:w1.0:ctx1.0:adj-1.0,1.0,4.0,3,좋고:food:1:manual_custom_dict:ctx1.5:adj1.5; 좋아요:food:1:manual_custom_dict:ctx1.5:adj1.5; 맛있습니다:food:1:manual_custom_dict:ctx1.0:adj1.0,4,7,3,4.0,3,1.3333333333333333,0.0,0,0.0,0.0,0,0.0,0.0,0,0.0,-0.2,0.0,0.5,0.0,neutral_mixed,polarity_cancelled,0,1.0,not_available,0.0,"좋고(음식, 긍정(+1), 수동 보완사전, 강화(1.5배), 반영 +1.50) / 좋아요(음식, 긍정(+1), 수동 보완사전, 강화(1.5배), 반영 +1.50) / 맛있습니다(음식, 긍정(+1), 수동 보완사전, 기본, 반영 +1.00)","위기(KNU 원표현, 부정(-1), 사전가중 1.0, 기본, 반영 -1.00)"
kakao,육산장 홍대본점,원영인,1.0,2025-08-23,,,매장 분위기도 너무 좋고 고기도 너무 맛있어요!!!,28,True,5.0,5.0,브론즈 레벨,매장 분위기도 너무 좋고 고기도 너무 맛있어요!!!,매장 분위기도 너무 좋고 고기도 너무 맛있어요 EXCLAM,0,0,0,0,1,0,0,28,-0.5,-1.0,1,위기:-1:knu_word:w1.0:ctx1.0:adj-1.0,1.0,3.0,2,좋고:food:1:manual_custom_dict:ctx1.5:adj1.5; 맛있어요:food:1:manual_custom_dict:ctx1.5:adj1.5,3,5,2,3.0,2,1.5,0.0,0,0.0,0.0,0,0.0,0.0,0,0.0,-0.2,0.0,0.5,0.0,neutral_mixed,polarity_cancelled,0,1.0,not_available,0.0,"좋고(음식, 긍정(+1), 수동 보완사전, 강화(1.5배), 반영 +1.50) / 맛있어요(음식, 긍정(+1), 수동 보완사전, 강화(1.5배), 반영 +1.50)","위기(KNU 원표현, 부정(-1), 사전가중 1.0, 기본, 반영 -1.00)"
kakao,육산장 홍대본점,과즙멍뭉시치,1.0,2025-06-21,,,친구랑 지나가다 들어왔는데 분위기가 너무 맘에 들어요,29,True,5.0,5.0,브론즈 레벨,친구랑 지나가다 들어왔는데 분위기가 너무 맘에 들어요,친구랑 지나가다 들어왔는데 분위기가 너무 맘에 들어요,0,0,0,0,0,0,0,29,0.0,0.0,2,친구:1:knu_word:w1.0:ctx1.0:adj1.0; 위기:-1:knu_word:w1.0:ctx1.0:adj-1.0,0.0,0.0,0,,2,2,0,0.0,0,0.0,0.0,0,0.0,0.0,0,0.0,0.0,0,0.0,0.0,0.0,0.0,0.0,neutral_mixed,polarity_cancelled,0,1.0,not_available,0.0,,"친구(KNU 원표현, 긍정(+1), 사전가중 1.0, 기본, 반영 +1.00) / 위기(KNU 원표현, 부정(-1), 사전가중 1.0, 기본, 반영 -1.00)"
kakao,육산장 홍대본점,이도은,4.0,2025-05-30,,,전맛탱입니다 분위기 개좋고 직원분들도 친절해용!!,27,True,5.0,5.0,브론즈 레벨,전맛탱입니다 분위기 개좋고 직원분들도 친절해용!!,전맛탱입니다 분위기 개좋고 직원분들도 친절해용 EXCLAM,0,0,0,0,1,0,0,27,-0.5,-1.0,1,위기:-1:knu_word:w1.0:ctx1.0:adj-1.0,1.0,3.0,2,좋고:food:1:manual_custom_dict:ctx1.5:adj1.5; 친절해용:service:1:manual_custom_dict:ctx1.5:adj1.5,3,5,2,1.5,1,1.5,0.0,0,0.0,1.5,1,1.5,0.0,0,0.0,-0.2,0.0,0.5,0.0,neutral_mixed,polarity_cancelled,0,1.0,not_available,0.0,"좋고(음식, 긍정(+1), 수동 보완사전, 강화(1.5배), 반영 +1.50) / 친절해용(서비스, 긍정(+1), 수동 보완사전, 강화(1.5배), 반영 +1.50)","위기(KNU 원표현, 부정(-1), 사전가중 1.0, 기본, 반영 -1.00)"
kakao,육산장 홍대본점,홍기,1.0,2025-04-17,,,고기가 다 초벌로 구워져 나와서 먹기 편하고 소스도 많아서 기호에 맞게 먹을 수 있어요,48,True,5.0,5.0,브론즈 레벨,고기가 다 초벌로 구워져 나와서 먹기 편하고 소스도 많아서 기호에 맞게 먹을 수 있어요,고기가 다 초벌로 구워져 나와서 먹기 편하고 소스도 많아서 기호에 맞게 먹을 수 있어요,0,0,0,0,0,0,0,48,0.0,0.0,2,벌로:-2:knu_word:w1.0:ctx1.0:adj-2.0; 편하고:2:knu_word:w1.0:ctx1.0:adj2.0,0.0,0.0,0,,2,3,1,0.0,0,0.0,0.0,0,0.0,0.0,0,0.0,0.0,0,0.0,0.0,0.0,0.0,0.0,neutral_mixed,polarity_cancelled,0,1.0,not_available,0.0,,"벌로(KNU 원표현, 부정(-2), 사전가중 1.0, 기본, 반영 -2.00) / 편하고(KNU 원표현, 긍정(+2), 사전가중 1.0, 기본, 반영 +2.00)"
kakao,육지,냠냠,4.0,2025-09-07,,,분위기가 힙하고 숙성고기라 맛나요! 계란찜도 치즈계란찜이라 존맛탱 !!,39,True,5.0,5.0,브론즈 레벨,분위기가 힙하고 숙성고기라 맛나요! 계란찜도 치즈계란찜이라 존맛탱 !!,분위기가 힙하고 숙성고기라 맛나요 EXCLAM 계란찜도 치즈계란찜이라 존맛탱 EXCLAM,0,0,0,0,1,0,0,39,-0.5,-1.0,1,위기:-1:knu_word:w1.0:ctx1.0:adj-1.0,1.0,2.0,1,존맛탱:food:2:manual_custom_dict:ctx1.0:adj2.0,2,3,1,2.0,1,2.0,0.0,0,0.0,0.0,0,0.0,0.0,0,0.0,-0.2,0.0,0.5,0.0,neutral_mixed,polarity_cancelled,0,1.0,not_available,0.0,"존맛탱(음식, 긍정(+2), 수동 보완사전, 기본, 반영 +2.00)","위기(KNU 원표현, 부정(-1), 사전가중 1.0, 기본, 반영 -1.00)"
kakao,을밀대 본점,쿰쿰박사,48.0,2026-02-23,,,총점 : 4.5 맛 : 4.5 분위기 : 3.5 을밀대 2회차 방문. 국물은 생각보다 간이 되어있고 면에서는 메밀 냄새가 많이 남. 무엇보다 이곳에서 평냉에 소주 맛을 알아버림. 소주와 함께 먹다보면 처음에는 국물 맛으로 먹다가 점차 면의 메밀의 맛과 향이 국물에 베면서 또다른 맛이 남.,161,True,5.0,4.0,실버 레벨,총점 : 4.5 맛 : 4.5 분위기 : 3.5 을밀대 2회차 방문. 국물은 생각보다 간이 되어있고 면에서는 메밀 냄새가 많이 남. 무엇보다 이곳에서 평냉에 소주 맛을 알아버림. 소주와 함께 먹다보면 처음에는 국물 맛으로 먹다가 점차 면의 메밀의 맛과 향이 국물에 베면서 또다른 맛이 남.,총점 4 5 맛 4 5 분위기 3 5 을밀대 2회차 방문 국물은 생각보다 간이 되어있고 면에서는 메밀 냄새가 많이 남 무엇보다 이곳에서 평냉에 소주 맛을 알아버림 소주와 함께 먹다보면 처음에는 국물 맛으로 먹다가 점차 면의 메밀의 맛과 향이 국물에 베면서 또다른 맛이 남,0,0,0,0,0,0,1,161,0.0,0.0,2,위기:-1:knu_word:w1.0:ctx1.0:adj-1.0; 함께:1:knu_word:w1.0:ctx1.0:adj1.0,0.0,0.0,0,,2,2,0,0.0,0,0.0,0.0,0,0.0,0.0,0,0.0,0.0,0,0.0,0.0,0.0,0.0,0.0,neutral_mixed,polarity_cancelled,0,1.0,not_available,0.0,,"위기(KNU 원표현, 부정(-1), 사전가중 1.0, 기본, 반영 -1.00) / 함께(KNU 원표현, 긍정(+1), 사전가중 1.0, 기본, 반영 +1.00)"
kakao,을밀대 본점,ㅈㅎㅇ,14.0,2025-11-06,,,엄마가 제일 좋아하는 평냉집! 둘이 가서 평냉 하나에 빈대떡 하나 시켜 나눠먹고 후식으로 옆에 꽈배기집에서 통모짜핫도그 먹으면 갓벽한 염리동 루트,81,False,4.0,4.0,실버 레벨,엄마가 제일 좋아하는 평냉집! 둘이 가서 평냉 하나에 빈대떡 하나 시켜 나눠먹고 후식으로 옆에 꽈배기집에서 통모짜핫도그 먹으면 갓벽한 염리동 루트,엄마가 제일 좋아하는 평냉집 EXCLAM 둘이 가서 평냉 하나에 빈대떡 하나 시켜 나눠먹고 후식으로 옆에 꽈배기집에서 통모짜핫도그 먹으면 갓벽한 염리동 루트,0,0,0,0,1,0,0,81,0.0,0.0,2,좋아하는:2:knu_word:w1.0:ctx1.0:adj2.0; 빈대:-2:knu_word:w1.0:ctx1.0:adj-2.0,0.0,0.0,0,,2,4,2,0.0,0,0.0,0.0,0,0.0,0.0,0,0.0,0.0,0,0.0,0.0,0.0,0.0,0.0,neutral_mixed,polarity_cancelled,0,1.0,not_available,0.0,,"좋아하는(KNU 원표현, 긍정(+2), 사전가중 1.0, 기본, 반영 +2.00) / 빈대(KNU 원표현, 부정(-2), 사전가중 1.0, 기본, 반영 -2.00)"
kakao,일등식당,서준,125.0,2025-01-03,,,국물이 깔끔한듯 밍밍한 평범한 맛,18,False,3.0,3.4,실버 레벨,국물이 깔끔한듯 밍밍한 평범한 맛,국물이 깔끔한듯 밍밍한 평범한 맛,0,0,0,0,0,0,0,18,0.0,0.0,0,,0.0,0.0,2,깔끔한:food:1:manual_custom_dict:ctx1.0:adj1.0; 밍밍한:food:-1:manual_custom_dict:ctx1.0:adj-1.0,2,3,1,0.0,2,0.0,0.0,0,0.0,0.0,0,0.0,0.0,0,0.0,0.0,0.0,0.0,0.0,neutral_mixed,polarity_cancelled,0,1.0,not_available,0.0,"깔끔한(음식, 긍정(+1), 수동 보완사전, 기본, 반영 +1.00) / 밍밍한(음식, 부정(-1), 수동 보완사전, 기본, 반영 -1.00)",
kakao,장인닭갈비 홍대점,예콩,44.0,2026-03-10,,,국내산 닭이랑 최고 신선한 모짜렐라 조합 안드셔 보셨으면 무조건!!!드세요 그리고 볶음밥마저 찐이라 안먹으면 후회함 ㅠㅠ,67,False,5.0,5.0,실버 레벨,국내산 닭이랑 최고 신선한 모짜렐라 조합 안드셔 보셨으면 무조건!!!드세요 그리고 볶음밥마저 찐이라 안먹으면 후회함 ㅠㅠ,국내산 닭이랑 최고 신선한 모짜렐라 조합 안드셔 보셨으면 무조건 EXCLAM 드세요 그리고 볶음밥마저 찐이라 안먹으면 후회함,0,0,0,1,1,0,0,67,0.0,0.0,2,최고:2:knu_word:w1.0:ctx1.0:adj2.0; 후회:-2:knu_word:w1.0:ctx1.0:adj-2.0,0.0,0.0,0,,2,2,0,0.0,0,0.0,0.0,0,0.0,0.0,0,0.0,0.0,0,0.0,0.0,0.0,0.0,0.0,neutral_mixed,polarity_cancelled,0,1.0,not_available,0.0,,"최고(KNU 원표현, 긍정(+2), 사전가중 1.0, 기본, 반영 +2.00) / 후회(KNU 원표현, 부정(-2), 사전가중 1.0, 기본, 반영 -2.00)"
kakao,장인닭갈비 홍대점,떤뿡,25.0,2025-12-17,,,닭 진짜 부드러워요 치즈 꼭 추가해서 드셔보세요 모짜렐라 치즈 사용하시더라구요 닭도 국내산이였어요 야채도 팍팍 넣어주셔서 아삭한 식감 너무 좋드라구요 양념이 진짜 중독적이고 남은 양념에 볶음밥 필수입니다!!,115,True,5.0,5.0,실버 레벨,닭 진짜 부드러워요 치즈 꼭 추가해서 드셔보세요 모짜렐라 치즈 사용하시더라구요 닭도 국내산이였어요 야채도 팍팍 넣어주셔서 아삭한 식감 너무 좋드라구요 양념이 진짜 중독적이고 남은 양념에 볶음밥 필수입니다!!,닭 진짜 부드러워요 치즈 꼭 추가해서 드셔보세요 모짜렐라 치즈 사용하시더라구요 닭도 국내산이였어요 야채도 팍팍 넣어주셔서 아삭한 식감 너무 좋드라구요 양념이 진짜 중독적이고 남은 양념에 볶음밥 필수입니다 EXCLAM,0,0,0,0,1,0,0,115,0.0,0.0,2,중독:-1:knu_word:w1.0:ctx1.5:adj-1.5; 필수:1:knu_word:w1.0:ctx1.5:adj1.5,0.0,0.0,0,,2,2,0,0.0,0,0.0,0.0,0,0.0,0.0,0,0.0,0.0,0,0.0,0.0,0.0,0.0,0.0,neutral_mixed,polarity_cancelled,0,1.0,not_available,0.0,,"중독(KNU 원표현, 부정(-1), 사전가중 1.0, 강화(1.5배), 반영 -1.50) / 필수(KNU 원표현, 긍정(+1), 사전가중 1.0, 강화(1.5배), 반영 +1.50)"
kakao,홍대 조선시대,지언,1.0,2026-03-24,,,분위기가 너무 좋고 노래가빵빵해서 좋았어요 !!,26,True,5.0,5.0,브론즈 레벨,분위기가 너무 좋고 노래가빵빵해서 좋았어요 !!,분위기가 너무 좋고 노래가빵빵해서 좋았어요 EXCLAM,0,0,0,0,1,0,0,26,-0.5,-1.0,1,위기:-1:knu_word:w1.0:ctx1.0:adj-1.0,1.0,3.0,2,좋고:food:1:manual_custom_dict:ctx1.5:adj1.5; 좋았어요:food:1:manual_custom_dict:ctx1.5:adj1.5,3,4,1,3.0,2,1.5,0.0,0,0.0,0.0,0,0.0,0.0,0,0.0,-0.2,0.0,0.5,0.0,neutral_mixed,polarity_cancelled,0,1.0,not_available,0.0,"좋고(음식, 긍정(+1), 수동 보완사전, 강화(1.5배), 반영 +1.50) / 좋았어요(음식, 긍정(+1), 수동 보완사전, 강화(1.5배), 반영 +1.50)","위기(KNU 원표현, 부정(-1), 사전가중 1.0, 기본, 반영 -1.00)"
kakao,홍대 조선시대,예원,1.0,2026-01-02,,,맛도 분위기도 짱이에요! 다음에 또 방문하려고 해요🫶,29,True,5.0,5.0,브론즈 레벨,맛도 분위기도 짱이에요! 다음에 또 방문하려고 해요🫶,맛도 분위기도 짱이에요 EXCLAM 다음에 또 방문하려고 해요,0,0,0,0,1,0,0,29,-0.5,-1.0,1,위기:-1:knu_word:w1.0:ctx1.0:adj-1.0,1.0,2.0,1,짱이에요:food:2:manual_custom_dict:ctx1.0:adj2.0,2,2,0,2.0,1,2.0,0.0,0,0.0,0.0,0,0.0,0.0,0,0.0,-0.2,0.0,0.5,0.0,neutral_mixed,polarity_cancelled,0,1.0,not_available,0.0,"짱이에요(음식, 긍정(+2), 수동 보완사전, 기본, 반영 +2.00)","위기(KNU 원표현, 부정(-1), 사전가중 1.0, 기본, 반영 -1.00)"
kakao,금금,쥬유,16.0,2025-04-22,,,맛있지만! 양이 넘 적어요 소식좌 아니면 2인 3메뉴 해야함,33,True,5.0,4.1,실버 레벨,맛있지만! 양이 넘 적어요 소식좌 아니면 2인 3메뉴 해야함,맛있지만 EXCLAM 양이 넘 적어요 소식좌 아니면 2인 3메뉴 해야함,0,0,0,0,1,0,1,33,0.0,0.0,2,맛있:2:knu_word_root:w0.65:ctx1.0:adj1.3; 아니:-2:knu_word_root:w0.65:ctx1.0:adj-1.3,0.0,0.0,0,,2,2,0,0.0,0,0.0,0.0,0,0.0,0.0,0,0.0,0.0,0,0.0,0.0,0.0,0.0,0.0,neutral_mixed,polarity_cancelled,0,1.0,not_available,0.0,,"맛있(KNU 어근, 긍정(+2), 사전가중 0.65, 기본, 반영 +1.30) / 아니(KNU 어근, 부정(-2), 사전가중 0.65, 기본, 반영 -1.30)"
kakao,능동미나리 성수점,니가지으세요,58.0,2025-07-15,,,양이 좀 적은데 가격은 비싸여 맛있긴 해욤,23,False,4.0,4.3,실버 레벨,양이 좀 적은데 가격은 비싸여 맛있긴 해욤,양이 좀 적은데 가격은 비싸여 맛있긴 해욤,0,0,0,0,0,0,0,23,0.0,0.0,2,비싸:-2:knu_word_root:w0.65:ctx0.5:adj-0.65; 맛있:2:knu_word_root:w0.65:ctx0.5:adj0.65,0.0,0.0,0,,2,2,0,0.0,0,0.0,0.0,0,0.0,0.0,0,0.0,0.0,0,0.0,0.0,0.0,0.0,0.0,neutral_mixed,polarity_cancelled,0,1.0,not_available,0.0,,"비싸(KNU 어근, 부정(-2), 사전가중 0.65, 약화(0.5배), 반영 -0.65) / 맛있(KNU 어근, 긍정(+2), 사전가중 0.65, 약화(0.5배), 반영 +0.65)"
kakao,능동미나리 성수점,Rei,18.0,2025-03-05,,,직원분들이 친절하고 육회비빔밥이 맛있어요. 고추장 육회가 아니라서 덜 자극적이라 좋습니다. 전반적으로 슴슴한데 미나리 곰탕은 생각보다 호불호가 좀 있었어요.,87,False,5.0,3.6,실버 레벨,직원분들이 친절하고 육회비빔밥이 맛있어요. 고추장 육회가 아니라서 덜 자극적이라 좋습니다. 전반적으로 슴슴한데 미나리 곰탕은 생각보다 호불호가 좀 있었어요.,직원분들이 친절하고 육회비빔밥이 맛있어요 고추장 육회가 아니라서 덜 자극적이라 좋습니다 전반적으로 슴슴한데 미나리 곰탕은 생각보다 호불호가 좀 있었어요,0,0,0,0,0,0,0,87,0.0,0.0,0,,0.0,0.0,2,친절하고:service:1:manual_custom_dict:ctx1.0:adj1.0; 맛있어요:food:1:manual_custom_dict:ctx-1.0:adj-1.0,2,4,2,-1.0,1,-1.0,0.0,0,0.0,1.0,1,1.0,0.0,0,0.0,0.0,0.0,0.0,0.0,neutral_mixed,polarity_cancelled,0,1.0,not_available,0.0,"친절하고(서비스, 긍정(+1), 수동 보완사전, 기본, 반영 +1.00) / 맛있어요(음식, 긍정(+1), 수동 보완사전, 반전(-1배), 반영 -1.00)",
kakao,뼈탄집 성수역점,문소빈,1.0,2026-01-16,,,저녁에 먹으러 왔는데 분위기도 너무 좋고 맛있게 먹고 가요!!!!! 9시 쯤에 왔는데 웨이팅은 따로 안하고 들어왓어요,65,True,4.0,4.0,브론즈 레벨,저녁에 먹으러 왔는데 분위기도 너무 좋고 맛있게 먹고 가요!!!!! 9시 쯤에 왔는데 웨이팅은 따로 안하고 들어왓어요,저녁에 먹으러 왔는데 분위기도 너무 좋고 맛있게 먹고 가요 EXCLAM 9시 쯤에 왔는데 웨이팅은 따로 안하고 들어왓어요,0,0,0,0,1,0,1,65,-0.5,-1.0,1,위기:-1:knu_word:w1.0:ctx1.0:adj-1.0,1.0,3.0,2,좋고:food:1:manual_custom_dict:ctx1.5:adj1.5; 맛있게 먹고:food:1:manual_custom_dict:ctx1.5:adj1.5,3,7,4,3.0,2,1.5,0.0,0,0.0,0.0,0,0.0,0.0,0,0.0,-0.2,0.0,0.5,0.0,neutral_mixed,polarity_cancelled,0,1.0,not_available,0.0,"좋고(음식, 긍정(+1), 수동 보완사전, 강화(1.5배), 반영 +1.50) / 맛있게 먹고(음식, 긍정(+1), 수동 보완사전, 강화(1.5배), 반영 +1.50)","위기(KNU 원표현, 부정(-1), 사전가중 1.0, 기본, 반영 -1.00)"
kakao,소문난성수감자탕,1,1.0,2026-04-21,,,"별관 절대 가지 말것 손님하고 기 싸움 열심히 하시고, 맛도 그냥 동네 감자탕집 수준....",51,False,1.0,1.0,브론즈 레벨,"별관 절대 가지 말것 손님하고 기 싸움 열심히 하시고, 맛도 그냥 동네 감자탕집 수준....",별관 절대 가지 말것 손님하고 기 싸움 열심히 하시고 맛도 그냥 동네 감자탕집 수준,0,0,0,0,0,0,0,51,0.0,0.0,2,싸움:-1:knu_word:w1.0:ctx1.0:adj-1.0; 열심히:1:knu_word:w1.0:ctx1.0:adj1.0,0.0,0.0,0,,2,2,0,0.0,0,0.0,0.0,0,0.0,0.0,0,0.0,0.0,0,0.0,0.0,0.0,0.0,0.0,neutral_mixed,polarity_cancelled,0,1.0,not_available,0.0,,"싸움(KNU 원표현, 부정(-1), 사전가중 1.0, 기본, 반영 -1.00) / 열심히(KNU 원표현, 긍정(+1), 사전가중 1.0, 기본, 반영 +1.00)"
kakao,소문난성수감자탕,평점추구미이동진,4.0,2026-01-25,,,감자탕 기본에 한참 모자란데 유명해서 유명한 집,26,False,1.0,3.3,브론즈 레벨,감자탕 기본에 한참 모자란데 유명해서 유명한 집,감자탕 기본에 한참 모자란데 유명해서 유명한 집,0,0,0,0,0,0,0,26,0.0,0.0,2,모자란:-1:knu_word:w1.0:ctx1.0:adj-1.0; 유명한:1:knu_word:w1.0:ctx1.0:adj1.0,0.0,0.0,0,,2,2,0,0.0,0,0.0,0.0,0,0.0,0.0,0,0.0,0.0,0,0.0,0.0,0.0,0.0,0.0,neutral_mixed,polarity_cancelled,0,1.0,not_available,0.0,,"모자란(KNU 원표현, 부정(-1), 사전가중 1.0, 기본, 반영 -1.00) / 유명한(KNU 원표현, 긍정(+1), 사전가중 1.0, 기본, 반영 +1.00)"
kakao,소문난성수감자탕,맛있으면오점,83.0,2025-08-16,,,"부족함 없이 무난한 맛 이었요, 웨이팅 없이 바로 들어갔고 바빠보이셨지만 친절하게 응대해주셨어요🤠",54,False,4.0,4.5,골드 레벨,"부족함 없이 무난한 맛 이었요, 웨이팅 없이 바로 들어갔고 바빠보이셨지만 친절하게 응대해주셨어요🤠",부족함 없이 무난한 맛 이었요 웨이팅 없이 바로 들어갔고 바빠보이셨지만 친절하게 응대해주셨어요,0,0,0,0,0,0,0,54,-0.5,-1.0,1,부족:-1:knu_word:w1.0:ctx1.0:adj-1.0,1.0,3.0,2,웨이팅 없이:service:2:manual_custom_dict:ctx1.0:adj2.0; 친절하게:service:1:manual_custom_dict:ctx1.0:adj1.0,3,5,2,0.0,0,0.0,0.0,0,0.0,3.0,2,1.5,0.0,0,0.0,-0.2,0.0,0.5,0.0,neutral_mixed,polarity_cancelled,0,1.0,not_available,0.0,"웨이팅 없이(서비스, 긍정(+2), 수동 보완사전, 기본, 반영 +2.00) / 친절하게(서비스, 긍정(+1), 수동 보완사전, 기본, 반영 +1.00)","부족(KNU 원표현, 부정(-1), 사전가중 1.0, 기본, 반영 -1.00)"
kakao,소문난성수감자탕,바람부는 날에...,65.0,2025-01-30,,,"주변에 오픈한 식당이 없어 예전부터 맛이 별로라 생각않고 갔지만, 종업원 불친절하고 청결한 느낌은 없으며, 소문난 특별한 맛은 없고, 뼈해장국에 시레기는 기본인데 구분하고, 주차장 완비로 안내하는데, 주차장은 없고 노상에 주차하고 관리비를 받네요.",138,True,1.0,3.1,실버 레벨,"주변에 오픈한 식당이 없어 예전부터 맛이 별로라 생각않고 갔지만, 종업원 불친절하고 청결한 느낌은 없으며, 소문난 특별한 맛은 없고, 뼈해장국에 시레기는 기본인데 구분하고, 주차장 완비로 안내하는데, 주차장은 없고 노상에 주차하고 관리비를 받네요.",주변에 오픈한 식당이 없어 예전부터 맛이 별로라 생각않고 갔지만 종업원 불친절하고 청결한 느낌은 없으며 소문난 특별한 맛은 없고 뼈해장국에 시레기는 기본인데 구분하고 주차장 완비로 안내하는데 주차장은 없고 노상에 주차하고 관리비를 받네요,0,0,0,0,0,0,0,138,0.0,0.0,2,청결한:2:knu_word:w1.0:ctx1.0:adj2.0; 분하고:-2:knu_word:w1.0:ctx1.0:adj-2.0,0.0,0.0,2,친절하고:service:1:manual_custom_dict:ctx1.0:adj1.0; 특별한 맛은:food:-1:manual_custom_dict:ctx1.0:adj-1.0,4,8,4,-1.0,1,-1.0,0.0,0,0.0,1.0,1,1.0,0.0,0,0.0,0.0,0.0,0.0,0.0,neutral_mixed,polarity_cancelled,0,1.0,not_available,0.0,"친절하고(서비스, 긍정(+1), 수동 보완사전, 기본, 반영 +1.00) / 특별한 맛은(음식, 부정(-1), 수동 보완사전, 기본, 반영 -1.00)","청결한(KNU 원표현, 긍정(+2), 사전가중 1.0, 기본, 반영 +2.00) / 분하고(KNU 원표현, 부정(-2), 사전가중 1.0, 기본, 반영 -2.00)"
kakao,이태리국시 성수,쫑♥,1.0,2026-04-23,,,쉬는날 뭐할까 고민하다가 성수가 생각나서 검색해보고 방문했어요~ 분위기 너무 좋고 음식도 맛있었습니다~~^^,60,True,5.0,5.0,브론즈 레벨,쉬는날 뭐할까 고민하다가 성수가 생각나서 검색해보고 방문했어요~ 분위기 너무 좋고 음식도 맛있었습니다~~^^,쉬는날 뭐할까 고민하다가 성수가 생각나서 검색해보고 방문했어요 분위기 너무 좋고 음식도 맛있었습니다 TILDE,0,0,0,0,0,0,0,60,-0.5,-1.0,1,위기:-1:knu_word:w1.0:ctx1.0:adj-1.0,1.0,3.0,2,좋고:food:1:manual_custom_dict:ctx1.5:adj1.5; 맛있었습니다:food:1:manual_custom_dict:ctx1.5:adj1.5,3,5,2,3.0,2,1.5,0.0,0,0.0,0.0,0,0.0,0.0,0,0.0,-0.2,0.0,0.5,0.0,neutral_mixed,polarity_cancelled,0,1.0,not_available,0.0,"좋고(음식, 긍정(+1), 수동 보완사전, 강화(1.5배), 반영 +1.50) / 맛있었습니다(음식, 긍정(+1), 수동 보완사전, 강화(1.5배), 반영 +1.50)","위기(KNU 원표현, 부정(-1), 사전가중 1.0, 기본, 반영 -1.00)"
kakao,이태리국시 성수,김소영,2.0,2026-04-22,,,"후기 보고 기대하고 갔지만, 전 좀 실망스러웠네요. 맛은 평범하고, 곱창 파스타는 먹고나서 니글거리고 텁텁헀습니다.",64,True,3.0,3.5,브론즈 레벨,"후기 보고 기대하고 갔지만, 전 좀 실망스러웠네요. 맛은 평범하고, 곱창 파스타는 먹고나서 니글거리고 텁텁헀습니다.",후기 보고 기대하고 갔지만 전 좀 실망스러웠네요 맛은 평범하고 곱창 파스타는 먹고나서 니글거리고 텁텁헀습니다,0,0,0,0,0,0,0,64,0.0,0.0,2,기대:1:knu_word:w1.0:ctx1.0:adj1.0; 실망:-2:knu_word:w1.0:ctx0.5:adj-1.0,0.0,0.0,0,,2,2,0,0.0,0,0.0,0.0,0,0.0,0.0,0,0.0,0.0,0,0.0,0.0,0.0,0.0,0.0,neutral_mixed,polarity_cancelled,0,1.0,not_available,0.0,,"기대(KNU 원표현, 긍정(+1), 사전가중 1.0, 기본, 반영 +1.00) / 실망(KNU 원표현, 부정(-2), 사전가중 1.0, 약화(0.5배), 반영 -1.00)"
kakao,이태리국시 성수,wasson,2.0,2026-04-10,,,평일 런치 먹었는데 양도 많고 너무 맛있어요! ㅎㅎ 직원분들도 친절하시고 매장 분위기도 너무 좋네요! 성수 오면 또 방문 하겠습니다~~,75,True,5.0,5.0,브론즈 레벨,평일 런치 먹었는데 양도 많고 너무 맛있어요! ㅎㅎ 직원분들도 친절하시고 매장 분위기도 너무 좋네요! 성수 오면 또 방문 하겠습니다~~,평일 런치 먹었는데 양도 많고 너무 맛있어요 EXCLAM 직원분들도 친절하시고 매장 분위기도 너무 좋네요 EXCLAM 성수 오면 또 방문 하겠습니다 TILDE,0,0,0,0,1,0,0,75,-0.5,-1.0,1,위기:-1:knu_word:w1.0:ctx1.0:adj-1.0,1.0,5.0,4,양도 많고:food:1:manual_custom_dict:ctx1.0:adj1.0; 맛있어요:food:1:manual_custom_dict:ctx1.5:adj1.5; 친절하시고:service:1:manual_custom_dict:ctx1.0:adj1.0; 좋네요:food:1:manual_custom_dict:ctx1.5:adj1.5,5,7,2,4.0,3,1.3333333333333333,0.0,0,0.0,1.0,1,1.0,0.0,0,0.0,-0.2,0.0,0.5,0.0,neutral_mixed,polarity_cancelled,0,1.0,not_available,0.0,"양도 많고(음식, 긍정(+1), 수동 보완사전, 기본, 반영 +1.00) / 맛있어요(음식, 긍정(+1), 수동 보완사전, 강화(1.5배), 반영 +1.50) / 친절하시고(서비스, 긍정(+1), 수동 보완사전, 기본, 반영 +1.00) / 좋네요(음식, 긍정(+1), 수동 보완사전, 강화(1.5배), 반영 +1.50)","위기(KNU 원표현, 부정(-1), 사전가중 1.0, 기본, 반영 -1.00)"
kakao,이태리국시 성수,김롸,1.0,2026-04-08,,,분위기도 너무 좋고 직원분들도 친절하십니다! 막창 넘 맛있어요!!,36,True,5.0,5.0,브론즈 레벨,분위기도 너무 좋고 직원분들도 친절하십니다! 막창 넘 맛있어요!!,분위기도 너무 좋고 직원분들도 친절하십니다 EXCLAM 막창 넘 맛있어요 EXCLAM,0,0,0,0,1,0,0,36,-0.5,-1.0,1,위기:-1:knu_word:w1.0:ctx1.0:adj-1.0,1.0,4.0,3,좋고:food:1:manual_custom_dict:ctx1.5:adj1.5; 친절하십니다:service:1:manual_custom_dict:ctx1.5:adj1.5; 맛있어요:food:1:manual_custom_dict:ctx1.0:adj1.0,4,7,3,2.5,2,1.25,0.0,0,0.0,1.5,1,1.5,0.0,0,0.0,-0.2,0.0,0.5,0.0,neutral_mixed,polarity_cancelled,0,1.0,not_available,0.0,"좋고(음식, 긍정(+1), 수동 보완사전, 강화(1.5배), 반영 +1.50) / 친절하십니다(서비스, 긍정(+1), 수동 보완사전, 강화(1.5배), 반영 +1.50) / 맛있어요(음식, 긍정(+1), 수동 보완사전, 기본, 반영 +1.00)","위기(KNU 원표현, 부정(-1), 사전가중 1.0, 기본, 반영 -1.00)"
kakao,이태리국시 성수,유하울,2.0,2026-04-03,,,일단 분위기도 너무 좋고 직원들 착하시고 음식 맛은 뭐 말할 것도 없습니다 너무 맛있습니다 번창하세요,56,True,5.0,5.0,브론즈 레벨,일단 분위기도 너무 좋고 직원들 착하시고 음식 맛은 뭐 말할 것도 없습니다 너무 맛있습니다 번창하세요,일단 분위기도 너무 좋고 직원들 착하시고 음식 맛은 뭐 말할 것도 없습니다 너무 맛있습니다 번창하세요,0,0,0,0,0,0,0,56,-0.5,-1.0,1,위기:-1:knu_word:w1.0:ctx1.0:adj-1.0,1.0,3.0,2,좋고:food:1:manual_custom_dict:ctx1.5:adj1.5; 맛있습니다:food:1:manual_custom_dict:ctx1.5:adj1.5,3,5,2,3.0,2,1.5,0.0,0,0.0,0.0,0,0.0,0.0,0,0.0,-0.2,0.0,0.5,0.0,neutral_mixed,polarity_cancelled,0,1.0,not_available,0.0,"좋고(음식, 긍정(+1), 수동 보완사전, 강화(1.5배), 반영 +1.50) / 맛있습니다(음식, 긍정(+1), 수동 보완사전, 강화(1.5배), 반영 +1.50)","위기(KNU 원표현, 부정(-1), 사전가중 1.0, 기본, 반영 -1.00)"
kakao,이태리국시 성수,윤영서,1.0,2026-03-29,,,지인 추천으로 와봤는데 너무 맛있게 잘먹었어요 다음에 또 오고 싶은 맛이에요~ 분위기도 좋아서 데이트 장소나 가족끼리 와도 좋은 것 같아요~ 웨이팅이 있을 수도 있어서 예약하고 오시는 걸 추천해요 !,111,True,5.0,5.0,브론즈 레벨,지인 추천으로 와봤는데 너무 맛있게 잘먹었어요 다음에 또 오고 싶은 맛이에요~ 분위기도 좋아서 데이트 장소나 가족끼리 와도 좋은 것 같아요~ 웨이팅이 있을 수도 있어서 예약하고 오시는 걸 추천해요 !,지인 추천으로 와봤는데 너무 맛있게 잘먹었어요 다음에 또 오고 싶은 맛이에요 분위기도 좋아서 데이트 장소나 가족끼리 와도 좋은 것 같아요 웨이팅이 있을 수도 있어서 예약하고 오시는 걸 추천해요 EXCLAM,0,0,0,0,1,0,0,111,-0.5,-1.0,1,약하고:-1:knu_word:w1.0:ctx1.0:adj-1.0,1.0,5.0,4,맛있게:food:1:manual_custom_dict:ctx1.5:adj1.5; 잘먹었어요:food:1:extra_zero_fix:ctx1.5:adj1.5; 분위기도 좋아서:atmosphere:1:manual_custom_dict:ctx1.0:adj1.0; 좋은:food:1:manual_custom_dict:ctx1.0:adj1.0,5,12,7,4.0,3,1.3333333333333333,0.0,0,0.0,0.0,0,0.0,1.0,1,1.0,-0.2,0.0,0.5,0.0,neutral_mixed,polarity_cancelled,0,1.0,not_available,0.0,"맛있게(음식, 긍정(+1), 수동 보완사전, 강화(1.5배), 반영 +1.50) / 잘먹었어요(음식, 긍정(+1), 0점 보완표현, 강화(1.5배), 반영 +1.50) / 분위기도 좋아서(분위기, 긍정(+1), 수동 보완사전, 기본, 반영 +1.00) / 좋은(음식, 긍정(+1), 수동 보완사전, 기본, 반영 +1.00)","약하고(KNU 원표현, 부정(-1), 사전가중 1.0, 기본, 반영 -1.00)"
kakao,이태리국시 성수,전유진,1.0,2026-03-29,,,분위기도 너무 좋고 너무 맛있어요!,19,True,5.0,5.0,브론즈 레벨,분위기도 너무 좋고 너무 맛있어요!,분위기도 너무 좋고 너무 맛있어요 EXCLAM,0,0,0,0,1,0,0,19,-0.5,-1.0,1,위기:-1:knu_word:w1.0:ctx1.0:adj-1.0,1.0,3.0,2,좋고:food:1:manual_custom_dict:ctx1.5:adj1.5; 맛있어요:food:1:manual_custom_dict:ctx1.5:adj1.5,3,5,2,3.0,2,1.5,0.0,0,0.0,0.0,0,0.0,0.0,0,0.0,-0.2,0.0,0.5,0.0,neutral_mixed,polarity_cancelled,0,1.0,not_available,0.0,"좋고(음식, 긍정(+1), 수동 보완사전, 강화(1.5배), 반영 +1.50) / 맛있어요(음식, 긍정(+1), 수동 보완사전, 강화(1.5배), 반영 +1.50)","위기(KNU 원표현, 부정(-1), 사전가중 1.0, 기본, 반영 -1.00)"
kakao,태양곱창 성수,빵글이 김진수,233.0,2025-11-23,,,"진짜 명관은 홍보 같은거 안하죠. 여기는 인스타, 블러그,리뷰조작질 어마어마 합니다. 역대급임.. 임대비,천문학적 홍보비 지출인 매장인데 음식,서비스,인테리어 품질이 좋을수가 없죠, 결국 다 소비자만 손해보는것",117,True,1.0,3.0,골드 레벨,"진짜 명관은 홍보 같은거 안하죠. 여기는 인스타, 블러그,리뷰조작질 어마어마 합니다. 역대급임.. 임대비,천문학적 홍보비 지출인 매장인데 음식,서비스,인테리어 품질이 좋을수가 없죠, 결국 다 소비자만 손해보는것",진짜 명관은 홍보 같은거 안하죠 여기는 인스타 블러그 리뷰조작질 어마어마 합니다 역대급임 임대비 천문학적 홍보비 지출인 매장인데 음식 서비스 인테리어 품질이 좋을수가 없죠 결국 다 소비자만 손해보는것,0,0,0,0,0,0,0,117,0.0,0.0,2,좋을:2:knu_word:w1.0:ctx1.0:adj2.0; 손해:-2:knu_word:w1.0:ctx1.0:adj-2.0,0.0,0.0,0,,2,2,0,0.0,0,0.0,0.0,0,0.0,0.0,0,0.0,0.0,0,0.0,0.0,0.0,0.0,0.0,neutral_mixed,polarity_cancelled,0,1.0,not_available,0.0,,"좋을(KNU 원표현, 긍정(+2), 사전가중 1.0, 기본, 반영 +2.00) / 손해(KNU 원표현, 부정(-2), 사전가중 1.0, 기본, 반영 -2.00)"
kakao,훼미리손칼국수보쌈,참기름막국수,70.0,2026-01-04,,,다 괜찮은데 주문 권유 대답하기 귀찮네요,22,False,3.0,3.9,실버 레벨,다 괜찮은데 주문 권유 대답하기 귀찮네요,다 괜찮은데 주문 권유 대답하기 귀찮네요,0,0,0,0,0,0,0,22,0.0,0.0,3,괜찮:1:knu_word_root:w0.65:ctx1.0:adj0.65; 하기:1:knu_word_root:w0.65:ctx1.0:adj0.65; 귀찮:-2:knu_word_root:w0.65:ctx1.0:adj-1.3,0.0,0.0,0,,3,3,0,0.0,0,0.0,0.0,0,0.0,0.0,0,0.0,0.0,0,0.0,0.0,0.0,0.0,0.0,neutral_mixed,polarity_cancelled,0,1.0,not_available,0.0,,"괜찮(KNU 어근, 긍정(+1), 사전가중 0.65, 기본, 반영 +0.65) / 하기(KNU 어근, 긍정(+1), 사전가중 0.65, 기본, 반영 +0.65) / 귀찮(KNU 어근, 부정(-2), 사전가중 0.65, 기본, 반영 -1.30)"
