식당 이름,계정 ID,계정의 리뷰 수,방문 날짜,방문 횟수,인증 수단,리뷰 내용,리뷰 글자 수,리뷰 내 사진 유무
성수족발,누가쓰는닉네임,26,2026.05.06,2번째 방문,영수증,정~~~~~~말 오랫만에 매장 방문!!! 성 수 족 발,30,True
성수족발,EG01ST 꼬맹이,1547,2026.05.04,3번째 방문,영수증,SINCE 1983년 전통있는 족발맛집 성수족발 여전히 한결스럽게 맛있고 여전히 대기판에 웨이팅 많고 여전히 포장도 친절하게 해주시고 여전히 포장은 대기없이 브레이크 타임에도 가능 하고. 단 달라진게 있다면 포장은 길 건너편 투다리에서 먹을수있고 必 안주 1개 시켜야 한다는 것. 사진은 못 남겼지만 맛있게 먹었습니다.🩷,179,True
성수족발,hgg****,12,2026.05.02,1번째 방문,예약,"주말 저녁에 갔는데 대기줄이 길어서 45,000원이나 주고 포장해 가지고 왔는데 맛은 그럭저럭 있습니다 근데 정말 최악이었네요 껍질은 질기고 살코기는 무슨 장조림처럼 다 찢어지고 부분부분 딱딱하게 말라 버렸으며 겉뜨린 반찬으로 준 무생채는 이 맛도 저맛도 아닌 가짓수만 채우려고 한 의도가 보이네요 같이 간 여자 친구가 그 전에 맛있게 먹었다 해서가 봤는데 제가 먹어본 족발 중에 정말 최악이었네요",222,False
성수족발,하이9830,3001,2026.04.25,1번째 방문,영수증,친절하고 너무 쫄깃해서 인생 최고의 족발 맛집입니다!! 성수역 인근 위치 (주차 불가),48,True
성수족발,kiki897,112,2026.04.19,1번째 방문,영수증,비싸고.냄새나고.껍질 너무 질기고.짜고 너무 달고. 물통으로 페트병을 몇 년을 쓰는지 기스가 여기저기 뿌연데 주방 위생 대충 알 듯. 나는 한두입 먹고 물렸는데 자극적인 입맛에 절여진 사람들은 좋아하려나 모르겠다.,119,True
성수족발,사자,466,2026.04.19,1번째 방문,영수증,서울 3대족발이라 불리는 성수족발 그들이 말하는 3대족발중에는 그나마 제일 좋아하는 곳 부드럽고 껍질은 쫄깃하고 좀 달달한 족발 아직고 줄을 서서 사와야하네요 좀더 따뜻하게 먹으면 부드러움이 배가 되요 이집 찍어먹는 소스는 다른곳들 냥 새우젓에 비해 맛있고 좀 달달한 족발에 찰떡 소스 시원한 무채와 먹으면 더 맛나요~,178,False
성수족발,미스리783,1080,2026.04.18,2번째 방문,영수증,,0,False
성수족발,hyeppy99,1158,2026.04.17,1번째 방문,영수증,"음식 간이 많이 쎄요. 간이 쎄서 많이 먹긴 힘들지만, 고기가 부드러워 편하게 먹었어요~",49,False
성수족발,Loen19,16,2026.04.15,1번째 방문,영수증,"제가 정말 왠만해선 맛있다고 리뷰 안쓰는데 여긴 정말 찐 고트 레전드 족발입니다. 태어나서 먹어본 족발 중에 제일 레전드 GOAT 그냥 최고 다음에 재방문 의사가 있다 없다가 아니라 그냥 데일리로 가서 먹고 싶은 곳. 왜 내가 지방에 사는지 후회되는 가장 큰 이유. 이 족발집이 여기에 밖에 없어서… 정말 독보적으로 맛있고 사장님도 친절하시고 모든 것이 다 좋은 곳이었습니다. 웨이팅 해도 화가 전혀 나지 않을 맛이고 그냥 족발 이라는 음식을 다시 돌아보게 하는 계기라고 생각합니다. 정말 얼마나 맛있던지 야구장 가서도 먹고 싶어서 포장을 고민하게 했고 족발 하나하나가 야들야들 부드럽고 큼지막하게 썰린 족발에 처음에는 의아했지만 한 점에 가득찬 입속은 그저 황홀, 정말 모든것이 최고였습니다. 사장님 사랑합니다.",399,True
성수족발,키티먹방,288,2026.04.15,1번째 방문,영수증,진짜 쫀득하고 맛있었음 포장해서 바로 앞 투다리에서 먹어도 되는데 식었어도 난 맛있었음 왜 유명한지 알것같아요,61,True
성수족발,다슬파더,2616,2026.04.11,1번째 방문,영수증,여전히 사람 많고 장사 잘됩니다. 가격이 착한편이고 맛도 변함이 없어요. 스윗한 맛ㅎ 양이 조금 줄은것 같은 느낌? 대부분 포장해서 사먹습니다. 항상 사람이 많아요ㅠ,92,True
성수족발,July6716,403,2026.04.09,1번째 방문,영수증,"12년 전에 갔었는데 아주 오랜만에 방문했네요. 그 사이 제 입맛도 변했나봅니다. 두껍게 썰어내는 족발이고, 비계가 양념은 잘 배었으나 두툼하고 질긴 편입니다. 잡내는 없었습니다. 살코기 부분은 살짝 짠 듯 합니다. 곁들임으로 나오는 무생채와 부추무침이 만족스러웠습니다. 매장에서 먹는다면 좌식 테이블이 더 많습니다. 오래된 집이라 깔끔하다기보다 세월이 느껴집니다.",204,True
성수족발,별별별91,271,2026.04.05,2번째 방문,영수증,방문해서 먹은 적은 없고 이번이 세번째 포장입니다. 2인이 먹을거라 앞전 두번은 중자로 포장했는데 이번엔 특대밖에 없대서 특대로 포장했네요. 그런데 특대하고 중자가 별차이 없다고 느꼈네요. 그리고 함께 주시는 부추 및 상추등은 특대에 챙겨주시는거 치곤 넘나 적더라구요. 암튼 이번 포장은 실망 아닌 실망..,171,True
성수족발,슬갱스터,1438,2026.03.29,1번째 방문,영수증,"서울 3대 족발로 유명한 성수족발에 드디어 와보았습니다!!!! 웨이팅 지옥으로 들었는데, 럭키비키하게 바로 입장했어요 꺅 ♥️♥️ 족발은 듣던대로 정말 역대급으로 맛있고, 제가 먹어본 족발 중 단연코 1등입니다!!!! 정말 야들야들하고 껍질부분이 킥이에요!!!! 매일매일 먹고싶어용 ♥️♥️",162,True
성수족발,힁님412,452,2026.03.28,1번째 방문,영수증,"고기는 잡내없고 맛있는데, 족발겉이 많이 달고 찐득합니다.",32,True
성수족발,데이지율,9,2026.03.15,1번째 방문,영수증,"변했다는 리뷰들을 왜 미리 확인하지 못했을까요ㅠ 웬만하면 나쁜 후기 남기지 않는데 모임에 포장해 갔다가 돈 쓰고 욕 먹은 적은 처음이네요 고기도 퍽퍽하고 껍질은 너무 질겨서 이와 턱이 아플 정도에요.. 안에 큰 뼈 제외하면 양도 적고 구색만 대충 갖춘 반찬들(먹다 남은거 아님) 한때 맛있다는 후기도 남겼었는데 추천글 삭제, 제 맛집 리스트에서도 삭제입니다.",200,True
성수족발,김봉구 엄마,19,2026.03.11,1번째 방문,영수증,"십년단골인데 간만에. 먹는 성수족발. 근데 이게 뭔일인지.......... 특대 를 사왔는데 양도 줄고 고기맛도 예전맛이 아닌 배달앱에서 시키는 평범하고 살은 퍽퍽하고 ㅜㅜ 주인이 바뀐건지 장사가 잘돼서 신경안쓰는건지....., 매우 실망함...내맛집 리스트에서 한군데가 또삭제된다 슬프다",161,False
성수족발,굿데이9757,2,2026.03.05,1번째 방문,예약,"좀ㆍ달고 짜고 그래요..밥하고 먹어야 간이 맞느듯 같이 나오는 밑반찬에 머리카락이 똭..ㅎ 참고 먹음.. 청결한 느낌은 아니고요, 재사용 패트병에 물 주는거 이것도 좀.. 전체적으로 정신없고, 철푸덕 좁은 자리도 좀 불편.. 양에 비해가격도 좀 쎄고, 동네에 사람도 많은데다가 장소가 좁으니 웨이팅 좀만해도 대박집 같다는 느낌을 받을수 있겠다는 전술적 느낌, 조금만 외곽에 빠져있다면 줄까지서서 먹는다? 글쎄....",232,True
성수족발,rhg****,32,2026.03.03,1번째 방문,포장,음.. 음식에서 고무줄이 나와서 당황했네요. 기대 많이 했는데 아쉽네요.,40,True
성수족발,EG01ST 꼬맹이,1547,2026.03.01,2번째 방문,영수증,서울 3대 족발맛집 성수족발🍖🍖 역시 족발맛집 답게 쥴슐랭 웨이팅 맛집의 면모를 실감! 배도 부르고 기다릴 자신이 없어 이번에도 특대로 포장 ▫️참고로 포장은 바로 됩니다▫️ 쫄깃쫄깃 씹을수록 탱글한 식감 은은한 단맛 성수족발 만의 고유한 맛이 있어요 증말루 짱~!👍👍 겉저리 무생채 부추무침도 맛있고 다음에는 식당에서 바로 먹어보고 싶지만 왠지 또 포장일듯..🤣,203,True
성수족발,AfterTheRain,49,2026.02.22,1번째 방문,영수증,"족발의 진미는 자고로 양념 없이 고이 삶은 맛인데 그냥 완벽했다. 서울에 맛나다는 족발집 많이 다녀봤지만 (당산허브족발,만족오향족발,보들이족발,장충족발,뽕나무쟁이등등) 화곡영양족발과 함께 쌍두마차다. ❤️",114,True
성수족발,msu****,4,2026.02.22,1번째 방문,영수증,성수동 이사와서 리뷰보고 포장해왔어요 리뷰잘 안쓰는데 대 사이즈없다고해서 특대 구매해서 왔는데 열어보고 너무 양이 적고요 족발은 너무 두껍게 대충썰었고 껍질은 고무처럼 질겨요 풋고추 1개 양념도 대충 발라진 김치 5조각 상추 6개 무채. 부추무침조금 55000 원 족발 너무 허접해요,158,True
성수족발,Anywaythewindblows,1753,2026.02.21,1번째 방문,영수증,"족발도 맛있고, 사장님도 엄청 친절하세요😊 👍 👍 👍",29,True
성수족발,듀크82,1613,2026.02.12,4번째 방문,영수증,좋아요,3,False
성수족발,jk****,3,2026.02.08,1번째 방문,영수증,전에 맛있게 먹었었는데 오늘만 그런건지 ᆢ 예전 맛이 아니네요,34,False
성수족발,homsem,472,2026.02.07,2번째 방문,영수증,맛있어요~,5,False
성수족발,LUNA1259,130,2026.02.05,1번째 방문,포장,"대 5만원에 구입했어요. 들어가니 바로 포장해주셔서 기다릴 필요 없었어요. 안에 큰 뼈가 많아서 겉보기는 많아보이지만, 먹어보면 3인분으로 적당합니다. 족발은 쫀득쫀득 맛있어요.",99,False
성수족발,sor****,1514,2026.02.05,6번째 방문,영수증,"맛있어요, 근데 항상포장하는데 평일6ㅡ7시에가도 늘중짜는 없고, 대랑 특대만 남았다고 하더라고요. 진짠건지 아닌건지. 그것만빼면 족발은 진짜개존맛.",82,True
성수족발,용우동86,50,2026.02.03,1번째 방문,영수증,특대포장해서 맛있게 잘먹었어요ㅎㅎ퇴근 5시 땡 되자마자 출발사여 5시10분인데 매장안은 이미 사람들로 가득했어요! 다행히 오늘은 예신님이 차로 데리너온다고해서 포장했어요ㅎㅎ예신님과 장인어른 장모님과 다같이 맛있게 잘 먹었습니다ㅎㅎ,128,True
성수족발,hope7141,255,2026.02.01,1번째 방문,영수증,,0,True
성수족발,쿠미쿠쿠,1188,2026.02.01,1번째 방문,영수증,완맛탱,3,True
성수족발,방가1314,6,2026.01.31,1번째 방문,포장,오랜만에 포장한 성수족발 왜이리 고기가 뻑뻑하고 질기고 특유의 족발맛도 그전보다 약해지고 멀리 한시간이나 운전해가서 포장해왔는데 그전엔 한번도 느껴보지 못했던 부분인데 아쉽네요 먹는순간 동네 최애 족발집이 생각이나더군요 저만그런게 아닌 우리가족 다 그렇게 느꼈다는게 ㅠ,150,False
성수족발,평타치,389,2026.01.31,2번째 방문,영수증,"성수동에 들를 때면 고민 없이 선택하게 되는 성수족발입니다. 여전히 변함없는 맛으로 입을 즐겁게 해주네요. 이곳 특유의 감칠맛 나는 양념과 부드러운 식감은 확실히 독보적이라 주기적으로 생각나는 매력이 있습니다. 다만 이번에 포장해서 이용하며 느낀 점은, 대(大)자와 중(中)자의 고기 양 차이가 체감상 크게 느껴지지 않는다는 부분입니다. 맛은 여전히 훌륭하고 만족스럽지만, 포장 시 가성비를 고려한다면 사이즈 선택에 있어 약간의 고민이 생길 것 같네요. 2026년 1월 방문 기준으로 100,000원을 결제했는데, 워낙 인기가 많은 곳이라 대기 없이 즐기려면 포장이 답이긴 합니다. 성수동에서 실패 없는 족발 맛집을 찾으신다면 추천드리지만, 양에 민감하신 분들은 참고하시면 좋을 것 같습니다.",387,True
성수족발,gw****,994,2026.01.27,1번째 방문,영수증,맛있어요,4,True
성수족발,메디칼포럼,2856,2026.01.23,1번째 방문,영수증,성수역 맛집 성수족발 포장해도 좋고 방문해도 좋은 곳입니다. 일인 메뉴가 없어서 아쉽지만 그래서 포장해서 가족들과 함께 맛있게 즐기고 갑니다,78,True
성수족발,슌129,1297,2026.01.23,1번째 방문,영수증,대가 없어서 중먹음.. 느끼함을 잡아줄게 없어서 술이고팠음.. 쫄깃하고 맛있음,43,True
성수족발,Imsalgu,1163,2026.01.21,1번째 방문,예약,"오늘 성수동투어를 했는데, 마무리는 역시 성수족발 포장이요! 십년넘게 먹어도 늘 한결같은 맛이에요👍🏽",56,True
성수족발,dnf****,1379,2026.01.17,4번째 방문,영수증,,0,True
성수족발,야자수그널,1954,2026.01.17,4번째 방문,영수증,,0,True
성수족발,케쿄,725,2026.01.15,1번째 방문,영수증,굿,1,True
성수족발,JENNY68,15,2026.01.12,1번째 방문,영수증,"조카가 암 치료 중이라 식욕이 없는데 족발이 먹고 싶다고 해서, 송파에서 한 시간 거리임에도 망설임 없이 브레이크타임에 맞춰 포장해 왔습니다. 맛있게 먹이고 싶은 마음에 한 시간이 지나 식으면 맛이 떨어지지 않을까 걱정되어 친절하신 남자 사장님께 거리를 말씀드렸는데, 중자를 주문했음에도 “잘 드시고 완쾌해서 꼭 다시 오시라”며 특대 사이즈로 넉넉히 챙겨주셨습니다. 식은 상태였음에도 조카가 “정말 너무 맛있다”며 잘 먹는 모습을 보니, 그 마음과 정성이 더 크게 느껴졌습니다. 이렇게 리뷰를 써보는 것도 처음이네요.ㆍ 살코기가 많아 조카에게 아주좋았으며 순식간에 다먹어 사진을 제대로 못찍었어요 눈이 내리던 어제, 족발 맛은 물론이고 사장님의 따뜻한 마음씨에 큰 감동을 받았습니다.",382,True
성수족발,sop****,4136,2026.01.11,1번째 방문,영수증,굿,1,False
성수족발,rai****,2168,2026.01.10,7번째 방문,영수증,가족들이 이곳 족발만 먹네요. 맛있어요.,22,True
성수족발,미스리783,1080,2026.01.10,1번째 방문,영수증,,0,False
성수족발,오리가방46,1313,2026.01.09,5번째 방문,영수증,,0,True
성수족발,민쉬,545,2026.01.08,1번째 방문,예약,첫입은 레전든데 진짜빨리 물리는맛,18,True
성수족발,yj7965,1425,2026.01.03,6번째 방문,영수증,굿,1,False
성수족발,hye****,128,2025.12.26,1번째 방문,영수증,너무 달아요..,8,False
성수족발,kimpotato,143,2025.12.25,1번째 방문,영수증,브레이크타임 끝나기전에 도착해서 웨이팅 20분정도했어요. 족발이 제 생각보다 더 달달한 맛이 강해서 달달한 족발 좋아하시는분들이 좋아하실것같아요 !,82,True
성수족발,ㄹㄹㄹㄹ,128,2025.12.23,1번째 방문,영수증,"앞다리살을 먹으려면 대, 특대 사이즈를 선택해야해서 두 명이지만 대 사이즈를 시켰는데 양이 딱이에요 식사용으로 성인 두 명이면 대 사이즈 정도는 시켜야할 듯합니다😋 컨디션(?)에 따라 별로인 적도 있었으나 이번엔 정말 맛있게 잘 먹었어요 야들야들 쫀득 달달한 매력의 성수족발 최고:)",158,True
성수족발,mukkegga,588,2025.12.21,7번째 방문,,이제 점점 질려간다,10,True
성수족발,봄날오빠,1822,2025.12.17,1번째 방문,영수증,"주변에서 추천하길래 웨이팅은 힘들것 같아 포장해 왔어요. 1시간 지나 먹었는데... 딱딱하고.. 제입엔 달고 족발치곤 양념이 쎈듯 해요. 짜고 단고 자극적인 맛을 좋아하는 분들께 추천. 기대를 너무 했나... ㅋㅋ 주문하면 미리 포장을 해놔서 바로 주십니다. 중자 ₩45,000 입니다.",160,True
성수족발,bas****,1343,2025.12.13,3번째 방문,영수증,1년만에 성수 족발 ^^ 맛나요,17,True
성수족발,medicom1,548,2025.12.11,2번째 방문,예약,포장해서 먹었는데 여전히 맛있네요,18,True
성수족발,맛집을찾아서잇,198,2025.12.06,1번째 방문,영수증,"서울 3대 족발 중 성수족발에 방문~ 달콤하고 감칠맛 나는 양념이 정말 일품이에요. 족발 껍질은 윤기가 좌르르 흐르면서 쫀득함이 최고인데, 자칫 잘못하면 질기다고 느껴질 수도 있을 만큼 쫄깃한 식감이 살아있습니다. 가장 중요한 꿀팁은! 꼭 식기 전에 드셔야 한다는 점! 따뜻할 때 먹으면 정말 부드럽고 껍질의 쫀득함이 살아있는데, 조금이라도 식으면 딱딱하고 질겨지기 시작하니 나오자마자 드세요 같이 나오는 부추무침과 시원한 무채를 곁들여 먹으니 느끼함은 싹 잡아주고 조화가 미쳤습니다. 특히 달달한 족발과 아삭하고 매콤한 무채의 조합은 굿",301,True
성수족발,모두행복해지세요,738,2025.12.04,1번째 방문,예약,냠냐미!,4,True
성수족발,dnf****,1379,2025.11.29,3번째 방문,영수증,,0,True
성수족발,별별별91,271,2025.11.23,1번째 방문,영수증,그 유명하다는 성수족발 포장으로 첨 먹어보네요 쪽득하니 맛나네요 가격이 쎈편이긴 하네요,48,True
성수족발,2ir****,1934,2025.11.22,3번째 방문,영수증,굿,1,True
성수족발,3ynj,3585,2025.11.22,3번째 방문,영수증,좀 느끼해요,6,True
성수족발,yim****,1944,2025.11.22,3번째 방문,영수증,너무 달아서 금방 물리고 느끼해요,18,True
성수족발,계란말이48,891,2025.11.22,1번째 방문,영수증,유명한집이라 기대하것에 비해 다소 만족하지못함.(껍질이 질기고 맛도 그다지 내 취향은 아니었음),53,True
성수족발,알로하7071,505,2025.11.16,1번째 방문,영수증,"성수 핫플을 하루종일 돌아다니고 조금일찍 저녁을 먹으러 찾아다니다가 유명한 성수족발집을 발견... 줄서서 먹는곳이라더니 줄이없다.. 브레이크타임... 대기자명단에 7번으로 예약을 걸고 대기실에 앉아있다가 전원참석이라서 10분일찍 들어갔다.. 포장만 해먹던 족발을 테이블에서 바로 먹으니 또다른맛이다,.껍질이 엄청 쫀득하고 잡내가 거의없고 족발특유의향이 없어서 좋다..작은 족발을 손으로 뜯어먹으니 제맛이다...근데 작은족에서 살짝 돼지냄새가 올라와서 조금 아쉬움",258,True
성수족발,노맅,1695,2025.11.15,2번째 방문,영수증,"운좋게 웨이팅 없이 바로 입장! 갓 나올때 먹으면 야들야들 너무 맛있어서 눈물나여,, 👏🏻👏🏻",52,True
성수족발,루실86,224,2025.11.14,1번째 방문,영수증,서울 3대족발 이지요🤭 달고 짠 맛 좋아하시는 분들은 호 슴슴한 맛 좋아하시는 분들은 불 방문보단 픽업이 편한곳 주차는 다른데 하고 와야해요 아참 아이들도 잘먹는답니다☺️,95,True
성수족발,4goodlife,188,2025.11.11,1번째 방문,영수증,쫄깃하고 단짠으로 맛있는 껍데기~ 살은 고기냄새도 안나고 부드러웠다👍 포장하러 갔을 때 아쉽게도 대 사이즈가 다 팔려서ㅠ 중으로 포장했는데도 맛나게 먹었다🙏,87,True
성수족발,어푸푸z,50,2025.11.09,1번째 방문,예약,항상 먹을때마다 맛있는곳,13,True
성수족발,모리스98,12,2025.11.01,1번째 방문,영수증,"포장 했습니다. 대기없이 포장해왔어요.. 저는 너무나 너무나 단맛때문에 족발맛을 제대로 음미할수없었네요..다들 단맛을 좋아하신다면 추천하지만, 저처럼 지나친 단맛이 비선호 이시면 추천하지 않겠습니다..",112,False
성수족발,햄톨이19,25,2025.11.01,1번째 방문,예약,25년째..포장만해서 먹어요.. 성수동 10년간 회사다닐때부터 퇴사후 광명시흥안양을 이사가도..사옵니다.. 오늘받은 족발은..껍질이 고무씹는줄알았습니다.ㅠ살은 퍽퍽.. 식어도 쪽득한 족발인데..오늘 먹어도 내일먹어도. 냉장했다 데워먹어도. 이런적이없는데..겉절이.무생채맛도 변했네요 .이번에도 세달만에..갓는데 맛이..점점 ...갈때마다..실망스럽네요. 촉촉한..성수족발 어디갔나요..;;;;;;,221,False
성수족발,맛집이좋아요 진짜로,878,2025.10.29,1번째 방문,영수증,아주 맛나요! 분명히 이곳은 와야합니다!!,23,True
성수족발,Reina4836,280,2025.10.27,2번째 방문,영수증,족발은 성수족발 대/중위 차이는 고기 차이! (참고),29,False
성수족발,Ugly Ddong,1155,2025.10.26,1번째 방문,영수증,족발맛나여,5,True
성수족발,먹기도놀기도,248,2025.10.24,1번째 방문,영수증,오래전부터 다닌곳인데 3대족발 끝내줍니다.,23,True
성수족발,JY3696,1259,2025.10.19,2번째 방문,영수증,,0,True
성수족발,ddungkko,1662,2025.10.15,2번째 방문,영수증,너모너모맛있어요,8,True
성수족발,판다자유,139,2025.10.15,1번째 방문,영수증,,0,True
성수족발,batman29,2708,2025.10.13,4번째 방문,영수증,서울 3대족발이라는 성수족발. 여전히 맛있다^^,26,True
성수족발,호호4573,639,2025.10.13,1번째 방문,영수증,포장해서 집에서 먹었어요. 비오는 평일 방문하니 먹고 가는것도 웨이팅이 없네요. 제 입에는 많이 달았어요.,59,True
성수족발,오늘도 실패는 없길,1116,2025.10.09,1번째 방문,영수증,굿,1,True
성수족발,행복하자5434,2370,2025.10.04,1번째 방문,영수증,한강 빛축제 와서 돗자리펴고 저녁먹었는데 사진이 어디로 갔는지 안보이네요. 사람도 적당히 있고 야외에서 먹는 맛이 있네요.분위기도 좋아요,76,True
성수족발,야무진54,2512,2025.10.01,6번째 방문,영수증,,0,False
성수족발,뿌까1655,398,2025.09.25,1번째 방문,영수증,주인이 바뀐줄 알았는데. 안바뀌었네요 ㅜ ㅜ 맛은 변 했네요 ㅜ,35,True
성수족발,BeomJop,3478,2025.09.22,1번째 방문,영수증,"많이 식기도 했고, 말랐었던 족발이었으며, 포스기가 없고 마지막에 계산하는 중국인 아줌마가 캐셔 아줌마에게 말하는 것이 결국 가격이라 제가 중짜를 먹었음에도 불구하고 특대 가격으로 불러서 잘못 결제를 했습니다. 가시는분들 꼭 자기 테이블이 얼마 먹었는지 계산 꼭!! 꼭!! 하고 결제하세요, 그냥 부르는대로 결제합니다. 삼대족발이라고 많이들 줄서서 먹지만, 좌식 테이블은 수십년 그대로 이어져오며, 시설에 대한 투자는 없고, 낙후된 결제방식만이 남아있는 삼대족발이네요",261,True
성수족발,너랑나는조디,1008,2025.09.20,1번째 방문,예약,맛있는데 고기가 퍽퍽하고 마른 부분도 많이 있었습니다,29,True
성수족발,광진구민,1532,2025.09.08,1번째 방문,영수증,족발(대) 웨이팅 자신없어서 포장했는데 족발을 너무 두껍게 썰어주셨어요 맛있긴 하지만 기대만큼 우와~~정도는 아니예요 족발도 비싼편이예요,76,True
성수족발,뿡7939,1677,2025.09.08,1번째 방문,영수증,3대족발 성수족발 쫄깃쫄깃함,15,True
성수족발,소예짱아,919,2025.09.07,1번째 방문,영수증,오랫만에 포장해 먹었는데 맛나네요,18,False
성수족발,짱서비,660,2025.09.07,1번째 방문,포장,껍질이 아주 쫄깃쫄깃하고 짭쪼름한 맛입니다. 포장은 미리 준비되어 바로 픽업가능합니다. 그냥 먹으면 좀 짠편이여서 물을 많이 먹게되서 안주로 먹는걸 추천합니다.,89,True
성수족발,Ankh Bastet,758,2025.09.03,2번째 방문,영수증,매장에 사람이 많아 포장으로 자주 먹음 변하지 않는 맛~ 맛있어요 오늘은 야채가 시들하고 제대로 안 씻겨져 있었어요.,65,True
성수족발,즐거운하루지,1026,2025.09.03,2번째 방문,영수증,성수족발은 정말맛있어요~껍질이 진짜 쫄깃쫄깃하면서. 다른족발하곤. 틀린 그런맛이 있어요,48,False
성수족발,Oguuana,262,2025.09.02,1번째 방문,영수증,양념이 꽤 달고 짜요. 젊은 사람들은 좋아할 것 같은데 그래서 리뷰에 인생족발이다라는 말이 많은건가..? 회전율이 좋아서 고기 질 자체는 촉촉하고 부드러워서 아주 좋은편입니다. (지나가는 오리지널 시장 족발 맛을 좋아하는 20대가 남깁니다..),136,False
성수족발,즐거운하루지,1026,2025.09.02,1번째 방문,예약,성수족발은. 맛있는데. 자주는 못사고 가끔씩 포장만해서 갑니다,34,False
성수족발,먹고싶은것다먹어,132,2025.09.01,1번째 방문,영수증,정말 너무 유명한 족발집이라서 한 번 가봤습니다. 30분 정도 웨이팅 하고 들어갔습니다. 족발이 정말 부들부들하고 자극적인 맛이예요! 저는 맛있었습니다. 다만 다른 사이드 메뉴가 없어서 살짝 아쉬웠지만 그만큼 족발에 집중할 수 있어서 좋았습니다. 매장이 좁고 협소해서 포장도 많이 해가더라구요. 살짝 위생에 민감하신 분들은 포장 추천드려요! 그래도 족발이 맛있어서 유명한 이유가 있긴합니다!,218,True
성수족발,JAYBY,9,2025.08.30,1번째 방문,예약,"사장님, 근 15년째 이용중인데, 야채가 다 물러터졌습니다. 전화는 원래 안받으시는거 아는데, 오랜만에 포장해 왔는데, 마음이 좋지않네요.",77,True
성수족발,Memory Archive,316,2025.08.30,1번째 방문,예약,쫜득쫜득하고 좀 달달한 맛이네요 잘 먹고 갑니다:),28,True
성수족발,보노보노6682,5,2025.08.30,1번째 방문,영수증,12시 영업시작 10분후 포장했는데 야채상태가 맞나해서요..고추는 눌러져서 자리에 육수가 남아있습니다,56,True
성수족발,필랐61,14,2025.08.28,1번째 방문,포장,족발은 역시 진짜 맛있습니다. 근데 같이 주신 고추랑 당근 상태가.... 이런부분만 좀더 신경써주시면 좋겠네요,61,True
성수족발,이너피스는,68,2025.08.26,1번째 방문,예약,소문만 듣던 성수족발을 운좋게 먹게되었어요 오픈시간에 맞춰서 갔더니 대기가 생각보다 별로 없더라고요 (다만 평일이라서..) 가게 들어가자마자 이미 만석! 오랜만에 먹는 족발이었는데 지금까지 먹었던 족발중에 탑3에 들어요!!! 너무 맛있다 증말~~!! 여기 안왔으면 후회할 뻔 했어요🥹 맛을 보면 딱 알 수 있는 오랜 내공이 느껴지는 그런 맛이었습니다. 소스도 맛있다..!! 다음에는 줄 있으면 포장이라도 해서 갖고 가야겠습니다,238,True
성수족발,코코네청소,1319,2025.08.19,1번째 방문,영수증,갑자기 땡기는 맛에 오랜만에 들러 포장해와맛나게 냠냠했어요 ㅎ,34,True
성수족발,동콩79,76,2025.08.16,1번째 방문,영수증,쫀득한 족발이 아주 맛있엇러요!! 소주가 막 그냥 들어갔습니다 ㅎㅎ,37,True
성수족발,효니비니마미,81,2025.08.16,1번째 방문,영수증,족발 쫄깃 부드럽고 진짜 맛있었어요,19,True
성수족발,후니맛블,436,2025.08.16,1번째 방문,영수증,와....세상에 이렇게 맛있는 족발이있었다니... 진짜 괜히 3대족발이 아니었어요...대박 너무 맛있고 또 생각나는 그 족발의 고기😍 꼭 가보세요. 안가시면 후회하실수도!,95,True
성수족발,herasoul,2312,2025.08.15,1번째 방문,영수증,맛있네요. 다만. 털이 있어서.. 그게 좀 꺼려지는데 그거 빼곤 다 좋아요,41,False
성수족발,딩굴6651,1,2025.08.12,1번째 방문,예약,"리뷰를 목적으로 하지않아 사진을 찍지 않았습니다. 이곳이 조금이라도 개선 됐으면 해 리뷰 남깁니다. 연로하신 부모님이 이곳 족발 맛나게 드시는 모습이 흐뭇해 때로는 먼길돌아가며 오랜기간 애용했습니다. 이곳은 오래된 노포임에도 가격은 쎈편이고 가격인상도 거침없이 하는 편이라 정감가는 그런 노포는 아닙니다. 이 가게만의 맛을 특화한 맛집이죠. 가격인상이야 시대가 그러하니 이해합니다. 그러나 어느순간부터 가격을 동결한것도 아니면서 막국수도 없어지고 콩나물국도 사라지고 이런 노포가 찰떡 궁합인 곁들임 음식을 다 없앴더군요. 마지막으로 결정타는 족발 두개를 샀는데 고추 하나를 잘라 반반씩 넣었더군요. 부추나 무채, 상추도 마지못해 넣어둔 정도. 이건 아니지 싶습니다. 손님들의 애정은 이런것에서 식기 시작합니다.",397,False
성수족발,ssb****,1628,2025.08.10,1번째 방문,영수증,,0,True
성수족발,yj183,2011,2025.08.10,1번째 방문,영수증,,0,True
성수족발,싱싱한사과의꿈,10,2025.08.09,1번째 방문,영수증,음...처음부터 반말로 일관해 음식맛을 떠나 기분 나쁜 음식점이네요.,38,False
성수족발,일백선생,1705,2025.08.09,1번째 방문,영수증,굳,1,False
성수족발,2002jj,413,2025.08.08,1번째 방문,영수증,"성수족발 달달구리 족발 포장은 웨이팅 없이 바로 가능!! 특대 55,000원 주차 불가 ❌",50,True
성수족발,후암동 올리,1619,2025.08.08,4번째 방문,영수증,족발의 쫀득 촉촉함을 성수족발 따라갈곳이 없는것 같아요. 그런데 포장할 때 물가올라서인지 상추 3장은 정말 야박해요 ㅠㅠ,67,True
성수족발,elfmom0,75,2025.08.06,1번째 방문,영수증,정말 오랫만에 가서 포장해왔어요 요즘 족발 새로 생기는곳 많잖아요 족발을 어디서 먹어도 이맛이 아니다 이맛이 아니다 해서 결국 비도오는데 가서 포장해왔어요 역시 껍질이 쫄깃쫄깃 양념도 너무 맛있었어요 근데 살코기가 너무 퍽퍽해서 어쩌나 고민할정도 였고 결국 쌈싸먹든 해야겠다하고 미뤄뒀어요 여긴 부추무침이 너무 맛있어서 다른데서 사먹더라도 꼭 이런 스타일로 집에서 부추 무침을 따로 해먹을 정도로 맛있어요 상추랑 야채가 미리 포장되어 있어서 상추는 다 짓눌려 상해있고 고추도 색이 다 변해있어서 잘라내고 먹었네요 여름이여서 위생이 더 중요한거 같아요 아무래도 오래된집이여서 요즘 새로 생신곳보다는 그런면이 좀 아쉬워요 성수족발만의 먹어봐야 아는맛은 모두 꼭 경험해보길 강추합니다 담엔 가서 더 맛있게 먹을래요,396,True
성수족발,내꿈은로또일등,1086,2025.08.06,4번째 방문,영수증,오랜만에 간 성수족발 맛이 변한거 같은 느낌..ㅠ,27,False
성수족발,batman29,2708,2025.08.04,3번째 방문,영수증,서울의 3대족발이라는 성수족발. 명성답게 초저녁에 갔는데도 대자는 다 나가고 중자밖에 없다.,51,True
성수족발,도깨비8770,103,2025.08.04,1번째 방문,예약,처음 한 입 먹었을 땐 맛있고 쫄깃쫄깃하다 싶었어요. 근데 계속 먹다 보니까 좀짜다? 라는 느낌이 들더라구요. 맛은 있는데 계속 먹기엔 좀 부담스러운 짠맛입니다.,90,True
성수족발,마이응화안,106,2025.08.02,1번째 방문,예약,"찐덕쫀득한 족발을 쭈왑쭈왑😋 12시가 오픈이었는데, 어쩌다보니 11시에 도착해서 1번으로 대기판 작성했습니다 ㅎㅎ 바로 옆에 메가커피가 있어서 커피마시면서 더위를 식히고 있었더니 금방 11:50이 되어서 가게 앞으로 다시 가니 곧 1번~ 하고 번호로 불러 주시더라구요.📢 자리는 의자식 2개, 좌식 6개 이렇게 있어서 최대 8번까지 한번에 들어 올거 같아요.(저땐 7번까지 들어옴) 족발은 껍질이 정말 쫀득하고 양념?이 묻어있어서 달고 진하고 너무 맛있었습니다. 살코기만 있으면 좀 뻑뻑하긴 해서 껍질이랑 같이 먹어야... 와우🫢 그리고 여기의 킥은 부추와 무채입니다. 무조건 싸드세요!! 밥은 밥솥에서 바로 퍼주시는데 고기 양이 많아서 2명이서 하나면 충분하더라구요. 👬🍚 재방문 의사 완 가득이요~~",393,True
성수족발,비공개1865,105,2025.07.23,1번째 방문,예약,"5시에 바로 가니 예약없이 들어갈 수 있었음. 바로 풀방되긴 했지만... 중 대 특대가 있는데 대짜 이상부터 앞다리살이 나오기에 둘이 가도 대짜를 시켜야 한다 &lt;&lt; 필수 한방족발을 안좋아하는 분들에겐 압도적 1등 족발로 뽑힐듯. 쫄깃한 껍질아래 야들야들한 살, 달달하게 베어있는 양념은 감칠맛이 뛰어나다. 잡내도 없고 잡내를 가리기 위한 한방향도 없다. 단짠의 정석. 달고 느끼한 편이라 적당히 물려서 과식을 못하게 막아줌. 막국수도 안파는게 신의 한 수. 막국수라도 있었으면 둘이서 특대로 먹었다...",287,True
성수족발,복덩이 냠냠박사,816,2025.07.22,2번째 방문,영수증,포장해서 앞에 투다리에서 먹었어요 투다리 메뉴1개 주문하면 같이 먹을 수 있습니다,45,False
성수족발,남4,61,2025.07.18,2번째 방문,영수증,가끔 포장해서 먹는데 달고 맛나요,18,False
성수족발,mik****,970,2025.07.17,1번째 방문,영수증,말로만듣던성수족발! 맛나게먹었어요,18,False
성수족발,JSA네,39,2025.07.11,1번째 방문,영수증,절대 먹지마세요 특히 포장은 김치부추 도 다흘리게 스티로폼 용기에 넣어주고 포장은 무슨 보온기? 안에서 꺼내주시는데 위생이 안좋아서 인지 배가 다음날까지 아프네 껍질 씹어지지도 않고 짜기만 하고 4만원이 아깝다 진짜 ;,122,False
성수족발,Matthew6666,26,2025.07.11,1번째 방문,영수증,오래 기다리긴했는데 그정도 가치 있었습니다. 근데 초복지난 요즘 날씨에는 못기다릴거같네요 .. ㅎㅎ,55,True
성수족발,샤방샤방엘리스,908,2025.07.07,1번째 방문,영수증,서울 3대족발이라고 해서 갔어요 매장안은 생각보다 작네요 메뉴는 족발하나인데 그냥 이해가 가는맛 빛깔부터 다르고 쫄낏하니 너무 맛있네요👍 특대 주문했는데 양은 그리 많지 않아요 공기밥에 족발 김치랑 같이 먹으니 맛있어요 강추!!💕,128,True
성수족발,무츄,433,2025.07.06,1번째 방문,영수증,둘이서 대 사이즈를 시켰는데 양이 많아서 다 못 먹었어요🥹 고기가 두껍고 부드럽고 너무 맛있어요~!!!!👍대짜부터 앞다리 중짜는 뒷다리 부위라고 하시네요! 취향따라 드세요~!!!,99,True
성수족발,Lia1003,366,2025.07.05,1번째 방문,영수증,족발러버 최애 맛집 성수족발💛 15년 넘는 단골인데 항상 넘 맛있어요!! 다른데와 달리 한방 맛이 없고 달달한 여기만의 맛이 중독적이예요! 친구들 몇명 데리고 가면 모두 대만족합니다👍🏻 웨이팅이 정말 많으니 (현장 웨이팅만 가능) 포장도 강추드려요!,139,True
성수족발,batman29,2708,2025.07.04,2번째 방문,영수증,"누구는 대한민국 3대족발중 하나라는 성수족발. 맛있고 좋은데, 항상 대기가 많고, 양반다리하는 좌석은 불편하다.",62,True
성수족발,장안동 맛탐방,41,2025.07.02,1번째 방문,포장,채소를 언제 담았는지 거의 썩었네요. 이거 신고해야 정신차릴까요,35,True
성수족발,Dinogirl,1379,2025.06.30,3번째 방문,영수증,"진짜 이렇게 쫀득한 족발 여기밖에 없어유 늘 매장에서 먹다가 처음으로 포장해왔는데, 찬도 다 챙겨주시고 양도 지인짜 많아요 몇시간이 지나고 먹는거여서 식었는데도 쪽득해서 놀라움 . . 진짜 또간집 또또간집 성수가면 또 먹어야지😎 * 월요일 브타 시간 맞춰서 5시 땡하고 포장하러간건데도 매장 만석이였어요 ! 참고하세요오 먼저 가는 사람이 자리 임자 *",196,True
성수족발,ju****,1,2025.06.29,1번째 방문,영수증,자주이용하는집입니다.... 고추는 미끈거리고 홍당무는 곰팡이가 피어나고.... 유명한집인데.... 이럴수가... 왠만하면 참는 성격인데.... 이건... 도저히.... 몬 참겠습니다.... 자숙하시길.....,116,True
성수족발,kyo****,3,2025.06.29,1번째 방문,영수증,"가끔 포장해서 가족들과 함께 먹는데 오늘 오랫만에 방문포장해서 집에와 풀어보니 채소가... 당근 곰팡이, 고추는 상태가 너무 좋아하는 집인데 왜 이런거죠? 전화도 안되어 어디 말씀드릴 수도 없네요",109,True
성수족발,leehy1101,34,2025.06.29,1번째 방문,예약,아무리 맛집이라지만 다 썩은걸 가져다 파는 노양심 .. 오픈때 포장해간건데 전날 야채쓰는지 심지어 두팩다 곰팡이야채,64,True
성수족발,정미이,20,2025.06.29,1번째 방문,영수증,이걸 먹으라고 주신겁니까? 진짜 보자마자 입맛 떨어져서 족발도 먹다 말았습니다. 상추는 씻지도 않은건지 흙인지 때꾸정물인지 상태가 다 저렇구요 4만원이나 주고 이런 음식을 사왔다는게 너무 화가 나네요,111,True
성수족발,JS9318,332,2025.06.28,2번째 방문,,,0,True
성수족발,동동팔,888,2025.06.28,1번째 방문,영수증,어쩌다보니 오픈런하게 되었는데 오픈전부터 웨이팅이 장난 아니더라구요. 중국인 한국인 일본인 등 … 전 포장이라 오픈후 5분정도 기다렸다 받아보았는데요. 입장손님 교통정리 하시고 포장 주시는 거 네 좋아요 다 좋은데. 포장하러 왔다고 세 번 정도 말씀드려서 겨우; 결제했네요. 알아서 해주겠거니하며 멍때리면 시간낭비하기 십상이겠어요.,185,True
성수족발,규남매 맘21,8,2025.06.27,1번째 방문,영수증,이게 뭔가요?포장을 뜯는 순간 정말 깜짝 놀랐어요. 곰팡이가 이렇게 있네요. 항상 이용하던곳인데 식재료 검수 안하시나요? 날이 덥다고해도 이정도 상태면 하루 이틀 상온보관이 아닌것 같은데요.족발 위생상태는 어떨지 먹기가 망설여지네요. 이젠 족발사러 갈 수 없을듯 하네요.맛도 좋아야겠지만 위생 신경 써주세요. 전화도 안받으셔서 리뷰로 남깁니다. 가족끼리 먹기위해 사왔는데 금요일 저녁 즐거웠던 기분이 상했네요.,229,True
성수족발,믿고먹고떠나는 믿쓰리,1715,2025.06.23,1번째 방문,영수증,음..서울3대 족발이라해서 기대를 많이했나?맛이 없는건 아닌데 좀 달아요 달아서 아쉽.껍질은 쫄깃쫄깃해요,58,False
성수족발,hoho777,867,2025.06.22,2번째 방문,영수증,누가 이 적발을 마다하겠어요~~^^,19,True
성수족발,sun****,154,2025.06.22,1번째 방문,영수증,오랫만에 맛있는 족발 잘 먹었습니다. 대기줄이 엄청많아 포장해오길 잘한것같아요^^,45,False
성수족발,힝1758,203,2025.06.21,1번째 방문,영수증,항상 포장해서 먹었는데...족발은 맛있어요 하지만!!!! 언제부턴가 살때마다 연달아 3~4번째 계속 돼지털이......... 비위상해서....이젠 끝 수고하세요!!!,92,False
성수족발,oJH,390,2025.06.18,1번째 방문,예약,성수맛집이라는 성수족발! 포장해서 집 와서 먹어봤어요!! 웬만해서는 맛있다는 말을 안 하는 부모님이 맛있다고 인정하셨습니다 ㅋㅋㅋㅋ 껍데기도 쫄깃하고 너무 맛나게 먹었어요!! 괜히 맛집이 아니다!!,110,True
성수족발,재영0521,848,2025.06.07,1번째 방문,영수증,"서울3대 족발이라길래 와봤어요 ㅎㅎ 왜 3대 족발이라하는지 먹어보면 압니다. 사진으로만 봐도 윤기 좌르르에 쫄깃해보이지않나용 ,, 웨이팅하면서 족발냄새가 심하길래 혹시나 잡내나면 어쩌나 걱정햇는데 전혀요 …. 냄새 하나도 안나고 마싯어요 ㅠㅠ 서울에 살고 집앞이엇으면 자주 포장해서 먹엇을거같아요🤤🤤",167,True
성수족발,10ten10,207,2025.06.06,1번째 방문,영수증,화장실 남여 공용임 족발 대자리 오랜만에 맛나게 부추가 👌 😊 🙆‍♂️ 궁합좋음 콩나물국이 간이. 안되있는 것도 딱 내스타일 족발집 몇군데있는데 여긴 포장도 많고 가게는 모양새는 허름한데 일단 간 안한 콩나물국하고 적절양념의 부추가 다른데랑 다름 딱 좋음,142,True
성수족발,봄바스틱04,569,2025.05.31,1번째 방문,영수증,"오랜만에 재방문한 성수족발 토요일 방문이라서 카페가면서 3시에 첫번째로 이름쓰고 5시에 가니 사람들 엄청 많았어요! 미리 써놓기를 잘 했다는 생각이 ㅎㅎ... 웨이팅 하는데 안에서 잡내 비릿내랑 시큼한 냄새가 너무 나서 오랜만에 왔는데 맛없으면 어쩌나 고민했는데, 첫번째 순서라 그냥 먹어보자! 하고 들어갔어요 다행히 냄새만 이상했고, 먹어보니 잡내 하나 없이 맛있었어요👍🏻🤤 직원분들이.. 대부분은 친절하시지는 않은... 부르면 한번에 오지를 않는 ,,, 극 I들은 절대 못갈듯 😅 다른리뷰들에 써있는거처럼 야채들은 넘 시들시들 했어요🥹 포장은 미리 썰어논거를 줘서 위생은 .. 걱정되어서 오픈런해서 매장에서 먹는게 나을거같아요! 맛 하나는 최고👍🏻 콩나물국도 시원해서 3번 리필 해먹었어요🤤",388,True
성수족발,Ojin7,10,2025.05.29,1번째 방문,영수증,"포장해서 먹었는데 바로 가져가서 먹었는데도 마늘,양파는 이미 상한 냄새가 나서 손도 안 댔구요 부추도 맛이 이상해서 먹다가 못 먹었어요 중요한건 둘이 먹었는데 둘 다 설사를 했다는거 포장을 미리 해 놓으셨던데 오래된 야채로 장사를... 맛집 맞나요? 고기도 한쪽에 살코기,다른 한 쪽에 껍질만 적당하게 섞인 그런 부위는 진짜 조금",184,False
성수족발,I불타는돼지I,71,2025.05.28,1번째 방문,영수증,"족발은 너무 맛있는뎈ㅋㅋ위생 신경쓰는분들은 격하게 피해야 할듯하네요ㅎㅎㅎ 테이블 바닥 더러븐건 떠나서, 물컵서 미묘한 수영장냄새 ㅠㅠ 내어주신 야채더미에서는 고추 한입 베여문상태로 나왔는데, 모르시는듯... 그냥 냅두고 나왔습니다 족발은 맛나요 ㅎㅎ",139,False
성수족발,온니크로와상,280,2025.05.25,1번째 방문,영수증,특대사이즈이나 다른 족발집의 대사이즈 정도입니다. 짭쪼름한 맛이 강하고 끝에 단맛이 느껴짐. 약간 *촌치킨먹을때의 느낌처럼 밥이랑 먹어야 될 정도로 간이 쎕니다. 고기의 비계부분은 쫄깃하고 살코기는 흐믈한 식감입니다.,121,True
성수족발,Ankh Bastet,758,2025.05.21,1번째 방문,영수증,포장해서 먹음 성수 족발 맛있음,17,True
성수족발,soong0619,118,2025.05.18,1번째 방문,예약,서율 3대족발이라 해서 방문 보드랍고 달달한 족발 쵝오 아쉬운점은 가게가 좀 좁았다는?? 그래서 오래도록 못앉아 있겠다는?? 대기 시간짧으면 완죤 재방문 의사 있음!! 너무길면 쫌...,103,True
성수족발,쭈이모모맘,4369,2025.05.18,1번째 방문,영수증,오랫만에 성수족발 포장해서 먹었습니다. 주말 오후2시30쯤 이었는데 포장 손님이 많은지 주문하자마자 바로 준비해주시더라고요. 달달하고 맛있었어요,80,True
성수족발,D블리,1965,2025.05.17,1번째 방문,영수증,맛있게 먹었던 기억을 가지고 7년만에 방문한 성수 족발은…….. 가격만 오르고 맛은 그대로도 아닌 별로였던 족발. 비가와서 그런가…? 이젠 맛있는 족발집들이 많아져서 그런걸까..? 내 입맛이 변한건가..? 여러가지 생각이 들지만 그래도 여전히 사람 많은 성수족발.,147,False
성수족발,마르키토,1948,2025.05.15,2번째 방문,영수증,성수족발은 진짜 젤 맛있거 같아요 따끈따근할때 포장해서 먹어도 정말 맛있어요!!! 특대 포장입니다!!!,57,True
성수족발,바로바로두,32,2025.05.13,1번째 방문,포장,"돼지냄새가 조금 나네요. ㅜㅜ 원래 이런적 없었는데.. 할머니 계실때는 안그랬는데... 이제 바뀐건가요? 20년동안 가끔씩 들려 포장 했었는데, 아쉽습니다.이번만 이랬을거라 생각해야겠져?",104,True
성수족발,후리지아1234,3752,2025.05.10,5번째 방문,영수증,아들최애 족발 성수동 가면 늘 포장해와요. 오늘 대자는 품절 특대랑 중자랑 고민하다 특대 포장했는데 생각보다 양이 적은 느낌이었고 특대는 반찬을 추가로 더 줬으면 좋겠어요 사춘기 아들이 좋아해서 3인가족 조금 남기고 맛있게 먹었답니다,130,True
성수족발,Nadiya94,642,2025.05.05,1번째 방문,예약,"포장했어요~~ 달다는 평이 많아서 긴장하고(?) 먹어서 그런지, 괜찮았어요~~ 맛있게 단짠 느낌이었어요! 대자 넷이서 먹고 딱 맞았어요. 포장은 바로 픽업 가능했구요.",93,True
성수족발,can1066,51,2025.05.03,1번째 방문,영수증,"저녁에 먹었는데 브레이크타임 이후 오픈 시간 맞춰 가면 웨이팅이 있다고 해서 검색해서 알아본 대로 오후 2시 30분에 대기명단에 작성하고 오후 3시부터 오후 5시인 브레이크타임을 지나 오후 5시에 맞춰서 입장했습니다. 성수족발은 왜 사람들이 줄 서서 먹는지 한 번에 납득이 가는 맛이었습니다. 껍질은 일반 족발처럼 질기지 않고 탱글하면서도 쫀득하게 잘 끊어져 식감이 정말 좋았습니다. 은은하게 배어나는 단맛 덕분에 자꾸 손이 가고, 부추나 양파, 상추와도 조화롭게 어울립니다. 막국수 같은 곁들임 없이도 족발만으로 충분히 만족스럽습니다. 사장님들도 친절해서 기분 좋게 식사할 수 있었고, 포장 손님도 많았습니다. 브레이크타임 끝나기 전에 미리 대기명단 올려두는 게 팁이니까 미리 알아두세요.",386,True
성수족발,우유881,1050,2025.04.19,2번째 방문,예약,대기가 많아서 저희는 포장해서 투다리에서 먹었어요. 기다리는 게 싫은 사람은 포장해서 먹는 것도 괜찮은 거 같아요,63,True
성수족발,진실의,178,2025.04.18,1번째 방문,영수증,다시는 안옵니다... 두껍기만 하고 두께는 일정치 않고... 털까지 씹혀서... 좀 심하네요...,54,True
성수족발,gourmethe,166,2025.04.15,1번째 방문,예약,넘 맛있게 잘먹고갑니다. 내부가 좀 더 넓으면 좋을거 같아용,33,True
성수족발,hoh****,847,2025.04.14,1번째 방문,영수증,포장해서 식었지만 너무 맛있었어요 브레이크타임이라 포장했지만 직접가서 먹는것도 맛있지만 포장해서 식은것도 진짜 맛있네요 껍질을 별로 좋아하지않는데 성수족발은 껍질이 제일 맛있어요,99,True
성수족발,Ssun911,22,2025.04.13,1번째 방문,예약,넘 맛있어요 ~부드럽고 ㅎㅎ 쫄깃하고 냄새도 안나고 따뜻할때 먹어야해용 ~ ㅎㅎ 그리고 콩나물국…맛이 맹물에 콩나물향만 나더라구요…그거는 매일 맛이 다를까요….? 제가 갔을땐 그래서 같이간친구도 콩나물국 맛보더니 흠칫 놀랐습니다 맛이 없어서 …그리고 오래된 맛집이라 가게가 아담하기도하지만 신발벗고 앉아야하는 자리가 있는데..불편하더라규요 개선되면 더 좋을거같아요 ㅎㅎ,206,True
성수족발,Super Ssu,643,2025.04.09,1번째 방문,영수증,친구가 맛있다고 해서 특대 포장해와서 먹었는데 진짜 너무 너무 맛있네요 포장이나 배달도 많은거 같고 다른거 없이 족발만 파는곳이라 더 좋았어요 잡내 하나도 없고 부추랑 매운소스가 특히 맛있었어요,108,False
성수족발,코파카바나97,106,2025.04.02,1번째 방문,영수증,"족발 맛집으로 유명한 성수족발에서 포장해왔습니다.포장하러가니 작은 매장안은 이미 만석이고 웨이팅이 있더군요.저는 처음 맛보는데, 집에서 같이 먹은 친구는 15년전부터 이용해왔는데 늘 같은 맛이라고 합니다.전반적으로 간이 슴슴합니다.족발과 김치, 양념장은 조금 달달해요.다른 족발집 3배 두께로 썰어져 있고, 먹어보면 잡내를 비롯해서 한약냄새, 오향 냄새 같은것 하나없이 깔끔해요.껍데기가 이렇게 쫄깃하다 못해 안끊어지고 질긴것도 첨이에요.낮에 포장해와서 밤에 먹었는데, 살코기가 퍽퍽하지않고 부드럽습니다.반찬 및 족발 간이 약한데도 잡내없이 부드럽고 쫄깃한것이 상당한 내공이 느껴집니다.다음엔 따뜻할때 먹어보고 싶어요.",346,True
성수족발,앙글42,161,2025.03.10,1번째 방문,예약,진짜 성수 최고 맛집. 오픈시간 임박해서 갔는데 럭키비키로 바로 입장했습니다!! 그 뒤로도 계속 웨이팅 하시더라고요 근데 .. 납득이 갈만한 맛.. 오히려 기다리고 먹으면 더 맛잇을수도 … 포장도 많이 하시더라고요 사장님들도 다 너무 친절하시고 좋았어요,141,True
성수족발,As Good as Done,418,2025.01.25,1번째 방문,영수증,"특대로 시켜서 먹으니 양 많아서 더 맛있다! 다른 족발집과 다른 탱글보다 쫄깃한 식감이 껍질부분에서 제대로 느낄 수 있었어요 :) 즉, 다른 족발은 껍질 부분이 씹어도 탱글하지만 잘 안끊어지거나 질긴 느낌이라면! 성수족발은 탱글한 느낌과 쫄깃한 식감으로 잘 씹히고 알맞게 끊어지는 느낌입니다. 그리고, 달짝지근해서? 달달한 향 때문에 등 호불호 갈린다는 얘기가 있던데.... 이해가 안갑니다 ㅎㅎ 달달한 향 때문에 더 계속 먹게 되고 부추나 양파, 상추에 까먹기도 좋으면서 오히려 막국수 같은 추가메뉴 없어도 맛있게 먹을 수 있었습니다 :) 물론 개인적인 호불호가 있을 순 있지만~ 불족발과 같은 시대에 기본족발맛으로도 훌륭한 곳이라고 생각되어요😉 다음에도 기회되면 또 방문 예정입니다👍👍",385,True
