store_name,platform,review_count,avg_food_score,avg_price_score,avg_service_score,avg_atmosphere_score,avg_general_score,avg_total_score,positive_ratio,neutral_ratio,negative_ratio
각시보쌈,kakao,41,0.975609756097561,0.17073170731707318,0.0,-0.12195121951219512,0.2926829268292683,1.3170731707317074,0.5853658536585366,0.12195121951219512,0.2926829268292683
각시보쌈,naver,127,1.4960629921259843,0.25196850393700787,-0.015748031496062992,-0.007874015748031496,0.8267716535433071,2.5511811023622046,0.7244094488188977,0.13385826771653545,0.14173228346456693
굴다리식당,kakao,25,0.4,-0.04,-0.12,-0.04,-0.36,-0.16,0.48,0.08,0.44
굴다리식당,naver,54,0.6851851851851852,0.0,-0.018518518518518517,-0.05555555555555555,0.018518518518518517,0.6296296296296297,0.5185185185185185,0.12962962962962962,0.35185185185185186
금금,kakao,21,0.9523809523809523,-0.14285714285714285,-0.2857142857142857,-0.047619047619047616,0.14285714285714285,0.6190476190476191,0.42857142857142855,0.19047619047619047,0.38095238095238093
금금 성수점,naver,149,2.1946308724832213,0.0,0.1476510067114094,0.14093959731543623,1.395973154362416,3.879194630872483,0.9395973154362416,0.04697986577181208,0.013422818791946308
능동미나리 성수점,kakao,92,1.5869565217391304,-0.043478260869565216,0.17391304347826086,0.043478260869565216,0.6304347826086957,2.391304347826087,0.75,0.09782608695652174,0.15217391304347827
능동미나리 성수지점,naver,140,2.0285714285714285,0.05714285714285714,0.21428571428571427,0.06428571428571428,1.3071428571428572,3.6714285714285713,0.8857142857142857,0.05714285714285714,0.05714285714285714
락희옥 마포본점,kakao,20,0.75,-0.35,0.5,0.25,1.25,2.4,0.5,0.15,0.35
락희옥 마포본점,naver,116,2.0948275862068964,-0.008620689655172414,0.46551724137931033,0.4224137931034483,1.9482758620689655,4.922413793103448,0.9827586206896551,0.0,0.017241379310344827
마포양지설렁탕,naver,56,1.4821428571428572,-0.10714285714285714,0.03571428571428571,0.10714285714285714,0.7857142857142857,2.3035714285714284,0.7321428571428571,0.125,0.14285714285714285
마포양지설렁탕 도화점,kakao,22,0.6363636363636364,-0.045454545454545456,-0.18181818181818182,0.0,-0.2727272727272727,0.13636363636363635,0.5,0.18181818181818182,0.3181818181818182
보끔당 성수점,kakao,13,1.2307692307692308,0.0,0.6153846153846154,0.38461538461538464,1.2307692307692308,3.4615384615384617,0.9230769230769231,0.07692307692307693,0.0
보끔당 성수점,naver,114,1.9649122807017543,0.21052631578947367,0.3157894736842105,0.14035087719298245,1.3421052631578947,3.973684210526316,0.9473684210526315,0.03508771929824561,0.017543859649122806
뼈탄집 성수역점,kakao,96,2.3854166666666665,0.0,0.3020833333333333,0.6666666666666666,1.9791666666666667,5.333333333333333,0.96875,0.020833333333333332,0.010416666666666666
뼈탄집 성수역점,naver,165,2.16969696969697,0.048484848484848485,0.46060606060606063,0.509090909090909,1.993939393939394,5.181818181818182,0.9696969696969697,0.012121212121212121,0.01818181818181818
성수족발,kakao,26,0.5769230769230769,-0.07692307692307693,0.11538461538461539,0.0,-0.46153846153846156,0.15384615384615385,0.38461538461538464,0.2692307692307692,0.34615384615384615
성수족발,naver,108,1.1388888888888888,-0.027777777777777776,0.07407407407407407,0.046296296296296294,0.42592592592592593,1.6574074074074074,0.6111111111111112,0.17592592592592593,0.21296296296296297
소문난성수감자탕,kakao,174,0.1724137931034483,-0.005747126436781609,-0.19540229885057472,-0.06896551724137931,-0.764367816091954,-0.8620689655172413,0.2988505747126437,0.1206896551724138,0.5804597701149425
소문난성수감자탕,naver,153,1.1372549019607843,0.1437908496732026,0.013071895424836602,0.006535947712418301,0.19607843137254902,1.4967320261437909,0.6535947712418301,0.13725490196078433,0.20915032679738563
옥동식,naver,143,1.4405594405594406,-0.02097902097902098,0.0,0.14685314685314685,1.006993006993007,2.5734265734265733,0.7762237762237763,0.09090909090909091,0.13286713286713286
옥동식 서교점,kakao,97,0.8865979381443299,-0.05154639175257732,0.0,0.09278350515463918,0.24742268041237114,1.175257731958763,0.5567010309278351,0.16494845360824742,0.27835051546391754
원조 조박집 본관,naver,70,1.5285714285714285,0.1,0.35714285714285715,0.0,0.45714285714285713,2.442857142857143,0.7714285714285715,0.08571428571428572,0.14285714285714285
원조조박집 본관,kakao,22,0.9090909090909091,0.045454545454545456,0.36363636363636365,-0.09090909090909091,0.045454545454545456,1.2727272727272727,0.5909090909090909,0.13636363636363635,0.2727272727272727
육산장 홍대본점,kakao,67,1.4029850746268657,0.029850746268656716,0.029850746268656716,0.26865671641791045,1.7611940298507462,3.4925373134328357,0.8955223880597015,0.029850746268656716,0.07462686567164178
육산장 홍대본점,naver,109,1.5596330275229358,0.06422018348623854,0.23853211009174313,0.47706422018348627,2.146788990825688,4.486238532110092,0.9908256880733946,0.0,0.009174311926605505
육지,kakao,91,1.7802197802197801,-0.02197802197802198,0.3626373626373626,0.23076923076923078,0.6483516483516484,3.0,0.7802197802197802,0.03296703296703297,0.18681318681318682
을밀대 본점,kakao,107,0.9626168224299065,-0.12149532710280374,-0.037383177570093455,-0.056074766355140186,0.24299065420560748,0.9906542056074766,0.5420560747663551,0.21495327102803738,0.24299065420560748
을밀대 평양냉면,naver,139,1.6115107913669064,-0.014388489208633094,0.014388489208633094,0.08633093525179857,0.6402877697841727,2.338129496402878,0.7697841726618705,0.07913669064748201,0.1510791366906475
이태리국시 성수,kakao,91,1.6703296703296704,0.02197802197802198,0.2087912087912088,0.3626373626373626,1.7362637362637363,4.0,0.9560439560439561,0.02197802197802198,0.02197802197802198
이태리국시 성수,naver,183,2.4153005464480874,0.07103825136612021,0.22950819672131148,0.453551912568306,1.9672131147540983,5.136612021857924,0.9781420765027322,0.01639344262295082,0.00546448087431694
일등식당,kakao,35,1.6,0.22857142857142856,0.05714285714285714,0.0,0.3142857142857143,2.2,0.7428571428571429,0.11428571428571428,0.14285714285714285
일등식당,naver,68,1.4705882352941178,0.27941176470588236,0.07352941176470588,0.08823529411764706,1.2647058823529411,3.176470588235294,0.8529411764705882,0.058823529411764705,0.08823529411764706
장인닭갈비 홍대점,kakao,136,1.3088235294117647,0.11764705882352941,0.051470588235294115,0.15441176470588236,1.0514705882352942,2.6838235294117645,0.7941176470588235,0.058823529411764705,0.14705882352941177
장인닭갈비 홍대점,naver,88,1.4545454545454546,0.2727272727272727,0.4318181818181818,0.1590909090909091,0.6477272727272727,2.965909090909091,0.8295454545454546,0.09090909090909091,0.07954545454545454
조선시대,naver,126,1.6428571428571428,0.10317460317460317,0.16666666666666666,0.5158730158730159,1.8174603174603174,4.246031746031746,0.9682539682539683,0.031746031746031744,0.0
쭌곱창,kakao,64,1.375,0.046875,0.359375,0.078125,1.390625,3.25,0.8125,0.078125,0.109375
쭌곱창,naver,116,2.2672413793103448,0.08620689655172414,0.5086206896551724,0.13793103448275862,1.4741379310344827,4.474137931034483,0.9741379310344828,0.02586206896551724,0.0
태양곱창 성수,kakao,57,0.24561403508771928,-0.05263157894736842,0.17543859649122806,0.07017543859649122,0.017543859649122806,0.45614035087719296,0.5087719298245614,0.08771929824561403,0.40350877192982454
태양곱창 성수점,naver,111,1.5945945945945945,0.25225225225225223,0.15315315315315314,0.10810810810810811,0.7837837837837838,2.891891891891892,0.8648648648648649,0.09009009009009009,0.04504504504504504
할머니의 레시피,naver,66,1.4242424242424243,0.07575757575757576,0.3333333333333333,0.16666666666666666,1.0909090909090908,3.090909090909091,0.7727272727272727,0.06060606060606061,0.16666666666666666
할머니의레시피,kakao,29,0.41379310344827586,0.06896551724137931,-0.6206896551724138,-0.10344827586206896,0.034482758620689655,-0.20689655172413793,0.41379310344827586,0.06896551724137931,0.5172413793103449
홍대 육지,naver,165,2.2484848484848485,0.01818181818181818,0.5878787878787879,0.3575757575757576,1.8606060606060606,5.072727272727272,0.9818181818181818,0.012121212121212121,0.006060606060606061
홍대 조선시대,kakao,61,1.639344262295082,0.11475409836065574,0.3770491803278688,0.5081967213114754,1.8032786885245902,4.442622950819672,0.9836065573770492,0.0,0.01639344262295082
황금콩밭,kakao,44,1.2954545454545454,-0.13636363636363635,0.0,0.09090909090909091,0.36363636363636365,1.6136363636363635,0.6818181818181818,0.09090909090909091,0.22727272727272727
황금콩밭,naver,73,1.5753424657534247,0.0821917808219178,0.0547945205479452,0.0958904109589041,1.1917808219178083,3.0,0.821917808219178,0.0684931506849315,0.1095890410958904
훼미리손칼국수보쌈,kakao,51,0.7058823529411765,0.19607843137254902,-0.11764705882352941,0.0,0.2549019607843137,1.0392156862745099,0.6274509803921569,0.13725490196078433,0.23529411764705882
훼미리손칼국수보쌈,naver,147,1.5918367346938775,0.1564625850340136,0.02040816326530612,-0.05442176870748299,0.48299319727891155,2.197278911564626,0.7414965986394558,0.061224489795918366,0.19727891156462585
