store,account_id,account_review,visit_date,visit_count,verification,review,review_text,photo
난포,kji****,3650,2026.04.15,1번째 방문,영수증,,0,TRUE
난포,밍기적20,47,2026.02.23,1번째 방문,영수증,,0,TRUE
난포,otx****,1324,2026.02.25,1번째 방문,영수증,,0,TRUE
난포,석민01,33,2026.02.17,1번째 방문,예약,,0,TRUE
난포,일상 그 이상,328,2025.12.20,1번째 방문,예약,,0,TRUE
난포,기역이응리을,1225,2025.12.30,1번째 방문,예약,,0,TRUE
난포,부레옥잠115,6,2026.01.17,1번째 방문,예약,,0,TRUE
난포,muguri,1224,2025.09.18,1번째 방문,예약,,0,TRUE
난포,wyuj010729,84,2025.10.23,1번째 방문,예약,,0,TRUE
난포,kl****,39,2025.08.13,1번째 방문,영수증,,0,TRUE
난포,지효니34,2115,2025.04.26,3번째 방문,영수증,,0,TRUE
난포,모험가146,2754,2025.03.27,1번째 방문,영수증,,0,TRUE
난포,sunkyung0824,1339,2025.04.09,1번째 방문,영수증,,0,TRUE
난포,finderjoo,13,2025.05.12,1번째 방문,예약,,0,TRUE
난포,moon9809,682,2025.03.13,1번째 방문,영수증,,0,TRUE
난포,ian203,5,2025.04.07,1번째 방문,예약,,0,TRUE
난포,kkk687,1254,2025.05.13,1번째 방문,예약,,0,TRUE
난포,띠원,192,2025.02.02,1번째 방문,영수증,,0,TRUE
난포,rnfejr5596,2299,2024.12.23,1번째 방문,영수증,,0,TRUE
난포,sygnus47,260,2024.12.12,1번째 방문,,,0,TRUE
난포,Aaeng,1002,2024.12.06,1번째 방문,영수증,,0,TRUE
난포,wls****,43,2024.11.29,1번째 방문,예약,,0,TRUE
난포,몬티맘,112,2024.11.02,1번째 방문,예약,,0,TRUE
난포,파란 하늘가득,965,2025.03.13,1번째 방문,영수증,,0,TRUE
난포,Hankkry,442,2024.11.03,1번째 방문,영수증,,0,TRUE
난포,동식415,617,2024.10.10,1번째 방문,영수증,,0,TRUE
난포,mmmio,1905,2025.01.05,1번째 방문,예약,,0,TRUE
난포,두부두부두루둡,1212,2024.10.12,1번째 방문,영수증,,0,TRUE
난포,Wendy02,852,2024.10.07,1번째 방문,영수증,,0,TRUE
난포,아엠마더,1111,2024.10.03,1번째 방문,영수증,,0,TRUE
난포,프른마녀,289,2024.09.06,1번째 방문,예약,,0,TRUE
난포,zziddang,511,2024.09.29,1번째 방문,영수증,,0,TRUE
난포,xiangfen1421,12,2024.10.30,1번째 방문,예약,,0,TRUE
난포,릴리릴6633,571,2024.08.31,1번째 방문,영수증,,0,TRUE
난포,soj****,1605,2024.08.20,1번째 방문,영수증,,0,TRUE
난포,mys****,193,2024.08.15,1번째 방문,영수증,,0,TRUE
난포,채영74,42,2024.09.04,1번째 방문,예약,,0,TRUE
난포,102에오,1320,2024.10.24,1번째 방문,영수증,,0,TRUE
난포,Hammer11520,1331,2024.08.01,1번째 방문,영수증,,0,TRUE
난포,민섭맘51,31,2024.06.05,1번째 방문,예약,,0,FALSE
난포,eun****,1946,2025.09.18,1번째 방문,영수증,긋,1,TRUE
난포,ANNA1119,3525,2026.02.02,1번째 방문,영수증,ㅁ,1,TRUE
난포,kym****,1290,2025.02.23,1번째 방문,영수증,굳,1,TRUE
난포,냥냠밍,608,2025.03.23,3번째 방문,영수증,굿,1,TRUE
난포,오후5시30분,4363,2024.12.01,1번째 방문,영수증,굿,1,TRUE
난포,얄루55,556,2024.10.19,1번째 방문,영수증,굿,1,TRUE
난포,오리892,1897,2025.10.24,1번째 방문,영수증,한식,2,TRUE
난포,3335960,9,2025.09.24,1번째 방문,예약,와앙,2,TRUE
난포,maria117,1607,2025.01.17,1번째 방문,영수증,:),2,TRUE
난포,두목이다,40,2025.02.13,1번째 방문,예약,👍🏻,2,TRUE
난포,its****,633,2024.11.24,1번째 방문,영수증,👍🏻,2,TRUE
난포,ydh3200,3001,2025.10.08,1번째 방문,예약,맛나요,3,TRUE
난포,화신49,1232,2025.01.13,1번째 방문,,비싸요,3,TRUE
난포,honey800937,807,2025.05.09,1번째 방문,영수증,좋아요,3,TRUE
난포,마이구미미미,653,2025.11.23,1번째 방문,영수증,음식 굳,4,TRUE
난포,냥냥이er,1769,2025.04.24,1번째 방문,영수증,맛있어요,4,TRUE
난포,깐돌이7,1406,2025.03.02,1번째 방문,예약,맛집투어,4,TRUE
난포,메이플로드,2672,2025.04.04,3번째 방문,영수증,맛있어요,4,TRUE
난포,룰루랄라8D,38,2024.11.13,1번째 방문,영수증,맛있어요,4,TRUE
난포,inhwa627,310,2025.08.09,1번째 방문,영수증,맛있어요.,5,TRUE
난포,littlebambi,2813,2025.03.15,1번째 방문,영수증,맛있어요!,5,TRUE
난포,윤뽕,3627,2024.11.11,1번째 방문,예약,보통...,5,TRUE
난포,hye****,3094,2025.06.10,1번째 방문,영수증,감사합니다,5,TRUE
난포,bit****,54,2024.10.17,1번째 방문,예약,맛있어요!,5,TRUE
난포,눈플레이스,916,2024.10.01,2번째 방문,영수증,맛있어요!,5,TRUE
난포,랄랄라1827,1209,2024.09.06,2번째 방문,영수증,특색있어요,5,TRUE
난포,tuc,30,2026.01.05,1번째 방문,예약,맛있오요!!,6,TRUE
난포,sY12,13,2025.12.03,1번째 방문,예약,맛있어요!!,6,TRUE
난포,재진업고튀어,821,2025.05.06,1번째 방문,영수증,맛있었어요!,6,TRUE
난포,ponori,520,2024.10.14,1번째 방문,예약,맛있었어요😀,6,TRUE
난포,bboyakim,749,2024.08.16,1번째 방문,영수증,장아찌 존맛,6,TRUE
난포,san****,1174,2025.10.23,1번째 방문,예약,매일먹고싶어여,7,TRUE
난포,여름3327,2748,2025.03.01,1번째 방문,영수증,노래가 좋았어요,8,TRUE
난포,Zozitten,1082,2024.12.07,1번째 방문,영수증,묵은지가 킥이에요!,10,TRUE
난포,su2834,25,2024.11.20,1번째 방문,예약,언제나 맛있습니다!,10,TRUE
난포,rac****,1199,2024.10.30,1번째 방문,영수증,음식이 독특했어요~,10,TRUE
난포,딕챙셩,1130,2025.03.16,1번째 방문,영수증,소문대로 맛있네요^^,11,TRUE
난포,롱롱어고우,28,2024.10.17,1번째 방문,예약,요메뉴가 제일 맛나요,11,TRUE
난포,pak****,28,2024.09.08,1번째 방문,영수증,난포 미쳐따리 졸맛ㅋ,11,TRUE
난포,뽁슝,185,2024.07.30,1번째 방문,영수증,맛있게 잘먹었습니다!,11,TRUE
난포,19****,717,2025.02.08,1번째 방문,영수증,퓨전한식? 느낌입니다.,12,TRUE
난포,나5201,1661,2024.12.29,2번째 방문,영수증,맛있게 잘 먹고 가요.,12,TRUE
난포,음성남,903,2024.07.29,1번째 방문,영수증,건강한 맛이라서 좋아요,12,TRUE
난포,덤보탱,207,2025.12.18,1번째 방문,예약,깔끔한 식사 좋았습니다~,13,TRUE
난포,채윤531,36,2025.12.30,1번째 방문,예약,메뉴 독특하고 맛있어요!,13,TRUE
난포,Zzzzzn59,29,2025.11.24,1번째 방문,예약,간이 슴슴하니 맛있었어요,13,TRUE
난포,sto****,1363,2025.05.12,1번째 방문,영수증,한번가는 맛집입니다 ㅋㅋ,13,TRUE
난포,shinyongmi,2022,2024.06.23,1번째 방문,영수증,자극적이지 않고 맛있어요,13,TRUE
난포,jjez,11,2024.07.17,1번째 방문,예약,깔끔한 한식! 만족합니다,13,TRUE
난포,지리산반달곰,425,2026.04.28,1번째 방문,영수증,음식이 맛나요..간도 좋고,14,TRUE
난포,사계절7559,1571,2026.01.19,1번째 방문,영수증,삼삼하니 정갈하고 맛있어요,14,TRUE
난포,esp****,781,2025.04.16,1번째 방문,영수증,아주 맘에드는 밥집이네요~,14,TRUE
난포,두바퀴로가는자동차,199,2025.02.21,1번째 방문,영수증,맛있었으나 회는 별로 였다,14,TRUE
난포,에스티구르망,1236,2025.01.16,2번째 방문,영수증,진짜 최고입니다 난포!!!,14,TRUE
난포,이우85,2,2025.04.07,1번째 방문,예약,맛있어요 친구들이 감동했어요,15,TRUE
난포,토마토552,1018,2024.10.05,1번째 방문,예약,들기름 국수랑 쌈밥 괜찮았음,15,TRUE
난포,농수산원정대,31,2025.01.18,1번째 방문,영수증,건강한 한식 먹는 맛입니다!,15,TRUE
난포,별별10000,593,2024.11.21,1번째 방문,예약,예약하고 간 만큼 맛있었어요,15,TRUE
난포,kikikiij,1585,2024.09.01,1번째 방문,영수증,맛이써요 웨이팅!! 필수에여,15,TRUE
난포,dudtls17,796,2024.09.02,1번째 방문,영수증,"제스타일,, 너무 맛있었어요",15,TRUE
난포,히히히흐히히,541,2025.03.18,1번째 방문,예약,음식 다 맛있었어요 국수 짱맛,16,TRUE
난포,TalktomeYllopGoose,60,2024.10.08,2번째 방문,예약,맛있어서 항상 찾는 곳이에요!,16,TRUE
난포,내일봐,510,2024.08.23,1번째 방문,영수증,묵은지말이 무조건 드셔야합니다,16,TRUE
난포,바람5711,508,2024.03.22,1번째 방문,예약,메뉴 다 건강한맛 맛있어요🫶🏻,16,TRUE
난포,리뷰파이터요세프,647,2026.04.06,1번째 방문,영수증,"맛있는지는 사실 모르겠어요,,,",17,TRUE
난포,앵두랜드,36,2026.01.16,1번째 방문,예약,깔끔하고 예약이 수월해서 좋아요,17,TRUE
난포,별아Ssi,338,2025.06.04,1번째 방문,영수증,비쥬얼에 비해 맛은 평범해요 ~,17,TRUE
난포,유후이이이,1145,2025.04.27,1번째 방문,영수증,맛있어요 쌈밥은 조금 슴슴하네여,17,TRUE
난포,SSUMS,702,2025.03.06,1번째 방문,영수증,간이 세지 않아서 더 좋았어요!,17,TRUE
난포,빛나라두부,977,2024.05.05,1번째 방문,예약,묵은지활어(?)가 맛있었어요!!,17,TRUE
난포,진진왕자님,134,2026.02.28,1번째 방문,예약,건강해지는 기분이에요 담백쓰~~!,18,TRUE
난포,눈누난나920,36,2025.09.20,1번째 방문,영수증,웨이팅할만큼 특별한 맛은 없습니다,18,TRUE
난포,kav****,44,2025.08.06,1번째 방문,예약,"성수하면 난포, 난포하면 성수!!",18,TRUE
난포,Anne1598,8,2025.01.22,2번째 방문,예약,건강하고 맛있는 밥~적극추천합니다,18,TRUE
난포,데비르밍,15,2024.09.10,1번째 방문,예약,한식을 다양하게 푸는 맛이 좋았음,18,TRUE
난포,구름67,10,2026.03.07,1번째 방문,예약,너무 색다르고 맛있어서 또 가려구요,19,TRUE
난포,삐삐님0,94,2025.07.20,1번째 방문,영수증,가격에 비해서 양이 진짜 적긴해요😂,19,TRUE
난포,navyle,38,2024.07.12,1번째 방문,예약,맛도 그닥 직원들 서비스도 그닥..,19,TRUE
난포,심심타파07,977,2025.11.07,1번째 방문,영수증,지나가다 우연히 방문했어요 단백하네요,20,TRUE
난포,kkimme,1183,2025.02.14,1번째 방문,예약,간이 밍밍해서 생각보다 그냥 그랬어요,20,TRUE
난포,행복이해플,703,2025.01.22,1번째 방문,영수증,진짜 다 맛있어요!!! 깔끔 정갈!!,20,TRUE
난포,민초몬,587,2024.06.26,1번째 방문,예약,깔끔하고 정갈한 음식이 맛있습니다:),20,TRUE
난포,하리보73,34,2025.04.03,1번째 방문,예약,왜 인기인지 알겠더라구요! 또 갈거에용,21,TRUE
난포,SKJG,672,2024.05.05,1번째 방문,영수증,메뉴 전부 맛있어요 담백하고 깔끔해요😋,21,TRUE
난포,케이트10,114,2025.10.10,1번째 방문,예약,성수점은 처음인데 역시 맛있고 친절하네요,22,TRUE
난포,푸테이토,378,2025.08.23,2번째 방문,영수증,"언제나 맛있는 난포, 오늘도 잘 먹고가요",22,TRUE
난포,스피키 네르지 마세요,3086,2024.06.13,1번째 방문,영수증,돌문어간장국수와 제철회묵은지말이는 차갑다,22,TRUE
난포,모든것 감사,1203,2025.03.29,1번째 방문,영수증,종류 별로 다양하게 ㅋ 맛있게 먹었네요^^,23,TRUE
난포,청춘용이,902,2025.01.22,1번째 방문,예약,맛있어요~ 특별해서 좋고 분위기도 좋습니다,23,TRUE
난포,샐리니,1037,2024.10.25,1번째 방문,예약,음식 금방나와요 양은 작은편입니다 맛있어요,23,TRUE
난포,임과함께,1338,2024.06.28,1번째 방문,,회국수랑 김치말이회덮밥이 완전 짱 맛나용.,23,TRUE
난포,임꺽정34,147,2024.08.10,1번째 방문,영수증,맛있ㅇ었고 다음에는 부모님과 같이 와야겠음,23,TRUE
난포,나5201,1661,2024.10.19,1번째 방문,영수증,맛있어요. 다음엔 다른 메뉴 먹어봐야겠어요.,24,TRUE
난포,천일홍33,800,2024.08.27,1번째 방문,영수증,음식 깔끔하고 맛나네요 맛나게 잘 멋었습니다,24,TRUE
난포,내가먼저2,34,2026.05.01,1번째 방문,예약,건강한 음식을 맛있게 먹을 수 있어서 좋아요~,25,TRUE
난포,로렌2548,36,2025.07.31,1번째 방문,예약,음식이 깔끔하고 정갈해서 맛있는 식사를 했어요,25,TRUE
난포,오이시쿠나레 모에모에 뀽,1480,2025.05.15,1번째 방문,영수증,맛있어요.ᐟ.ᐟ 양이 좀 적긴 한데 맛있어요😄,25,TRUE
난포,밍3634,553,2025.02.27,1번째 방문,영수증,음식이 나오는데 좀 걸리김 하지만 맛은 있어요,25,TRUE
난포,무무지mm,7,2025.12.28,1번째 방문,예약,너무 맛있고 분위기랑 인테리어가 너무 좋아요!!,26,TRUE
난포,까꿍이7040,238,2024.12.20,2번째 방문,영수증,정말 정말 매우 매우 맛있어! 맛있어! 맛있어!,26,TRUE
난포,pensieve26,1776,2024.06.20,1번째 방문,영수증,돌문어 간장국수/ 제철회 묵은지말이/ 강된장쌈밥,26,TRUE
난포,티스타일,852,2025.10.09,1번째 방문,영수증,자극적이지 않고 건강한 맛이었습니다. 깔끔합니다.,27,TRUE
난포,kenit,2192,2025.04.03,3번째 방문,영수증,강된장쌈밥과 새우감자전^^ 건강하게 맛있습니다~~,27,TRUE
난포,엘리머스크,577,2025.05.02,1번째 방문,예약,우연치 않게 빠르게 예약 후 바로 입장 특별한 메뉴,28,TRUE
난포,sensenpapa,82,2024.08.18,1번째 방문,예약,다음에 또 방문할게요!! 맛있게 잘 먹고 갑니다!!,28,TRUE
난포,금융어린이,663,2024.07.09,1번째 방문,예약,난포 오랜만에 왔습니다! :) 늘 사람많고 맛있네요!,29,TRUE
난포,mangoya,328,2024.08.24,1번째 방문,예약,오래 기다리고 먹었는데 술안주로 좋은 메뉴구성인듯해용,29,TRUE
난포,울랄라맛나,2564,2024.10.20,1번째 방문,영수증,생각보다 ㅂㄹ.. 걍 평범한 맛인데 웨이팅 왜 하지?,29,TRUE
난포,라운드치과병원,261,2024.05.09,1번째 방문,영수증,메뉴가 특색있고 음식이 정갈하게 담겨서 나와요. :),29,TRUE
난포,인선643,8,2025.10.29,1번째 방문,예약,블로그용 음식인듯해요 양과 맛에 비해 가격이 쫌 있네요,30,TRUE
난포,작은곰그림자,1279,2025.04.24,1번째 방문,예약,깔끔하고 맛 있었네요 그런데 다들 무뚝뚝한 편이에요ㅎㅎ,30,TRUE
난포,skinnytangerine,565,2024.11.02,1번째 방문,영수증,난포올때마다먹는 제철회묵은지말이 추천해요 정말 맛잇어요,30,TRUE
난포,성빈맘54,971,2024.09.15,1번째 방문,영수증,딸과 성수동 데이트~~ 맛있게 잘 먹고 갑니다 ~~^^,30,TRUE
난포,딘이528,104,2025.07.20,1번째 방문,영수증,국수는 좀 짰어요 그래도 부모님과 함께 맛있게 먹고왔어요,31,TRUE
난포,Aoaoyr56,7,2025.07.10,1번째 방문,예약,건강하게 맛있게 먹었습니당〰️ 간이 세지 않아서 좋았어요,31,TRUE
난포,호호1015,88,2025.02.11,1번째 방문,예약,맛있었어요! 2인에 메뉴 3개정도 ㅎㅎ 가야할 것 같아요,31,TRUE
난포,오뎅678,19,2024.10.30,1번째 방문,예약,"아는 맛인데도 맛있어요, 지인과 술 3병 비우고 갑니다.",31,TRUE
난포,므엉므엉2,663,2024.10.03,1번째 방문,영수증,맛있어요. 줄이 길어요. 둘이서 3개는 시켜야 배불러요.,31,TRUE
난포,수문장18,531,2025.07.24,4번째 방문,,서울숲에서 친구들 만날때마다 들르는 단골집입니다. 맛있어요,32,TRUE
난포,pineapple,41,2025.05.30,1번째 방문,예약,배달 말고 매장 방문은 처음! 대표메뉴들 역시나 맛났어요😍,32,TRUE
난포,upup33,1414,2025.04.06,1번째 방문,,음식이 다 맛있어요. 쌈밥이 슴슴하니 비빔국수랑 같이 드세요,33,TRUE
난포,fam****,43,2025.03.10,1번째 방문,예약,"양이 적어요! 맛은 너무 평범, 줄 설 정도의 맛 아니네요.",33,TRUE
난포,kim****,268,2024.12.28,1번째 방문,영수증,강된장쌈밥 구수하고 맛있어요~~ 다른 메뉴도 맛있게 먹었네요,33,TRUE
난포,gusrud74,293,2024.08.26,1번째 방문,영수증,한식을 깔끔하고 맛나게 잘 만들었어요 간도 세지않고 맛있어요,33,TRUE
난포,twoson222,29,2024.07.15,1번째 방문,예약,비쥬얼과 맛이 함께.ㅡ 맛있어서 또 다른 지인과 방문예약함.,33,TRUE
난포,냠냠 맛있게,105,2024.03.09,1번째 방문,영수증,기다리는 시간이 길었지만 맛이 있는 음식먹을수 있어 좋았어요,33,TRUE
난포,후추어멍,8,2026.04.27,1번째 방문,예약,매번 배달 시키다가 매장에서 처음 먹었는데 넘 맛있네요ㅠㅠㅠㅠ,34,TRUE
난포,수문장18,531,2025.07.18,3번째 방문,예약,작년에 이어 세번째 방문. 서울숲 산책후 점심 맛나게 먹었어요,34,TRUE
난포,푸테이토,378,2025.06.03,1번째 방문,영수증,참기름 풍미가 인상적이었던 난포! 정말 맛나게 식사했어요 :),34,TRUE
난포,vhe****,101,2025.10.05,1번째 방문,영수증,맛있는 된장쌈밥이 생각날 때 가는 곳이에요 곰국도 진하니 좋네요,35,TRUE
난포,리라로,29,2024.06.19,1번째 방문,영수증,깔끔하고 맛있어요^^ 양이 많진 않지만 먹다보니 배부르네요^~^,35,TRUE
난포,잘살자00,1461,2026.04.23,1번째 방문,영수증,딸아이가 예약해서 갔는데 맛있네요. 다음에도 또 방문하고 싶네요.,36,TRUE
난포,느ㅏ,311,2025.04.27,2번째 방문,영수증,둘이서 메뉴 세개 시켜도 배 안차요 ㅎㅎ 슴슴하니 맛 괜찮습니다~,36,TRUE
난포,vnvnxo,45,2025.03.06,1번째 방문,예약,엄청 맛있습니다! 다음에 서울숲 놀러갈 쯤에 또 가고 싶네요 ㅎㅎ,36,TRUE
난포,허밍5547,106,2024.07.30,1번째 방문,예약,예약해서는 처음인데 순서대로 잘 나오고 좋았어요 또 갈랴구요 냠냠,36,TRUE
난포,제이드43,400,2024.12.31,1번째 방문,예약,예약이 가능해져서 좋았습니다. 음식 하나하나 맛있었고 만족스러웠어요,37,TRUE
난포,qwio12547,14,2024.09.11,1번째 방문,예약,묵은지 말이가 정말 맛있어요 집 와서도 계속 생각나는 감칠맛이에요🩵,37,TRUE
난포,wjd****,1627,2024.06.02,1번째 방문,영수증,"여자친구와 제철회국수, 제철회묵은지말이, 강된장쌈밥 먹고 왔어요✌️",37,TRUE
난포,asdvev,947,2025.12.11,1번째 방문,영수증,"Pros 면이 꼬들하고, 맛있다. Cons 여자 홀직원이 어리버리하다",38,TRUE
난포,lovely girl77,2333,2024.10.09,1번째 방문,영수증,음식맛있고 부모님도 좋아하셔요. 공휴일기준 50분정도 대기하였습니다.,38,TRUE
난포,서울인디언,763,2024.06.06,1번째 방문,영수증,속에 부대끼지 않고 부담없는 맛이에요 자극적이지않으면서도 맛도 있어요,38,TRUE
난포,완밤빵82,343,2025.12.03,1번째 방문,예약,기대하고 갔는데 넘 맛있썼네용 !!!!! 자극적이지 않고 건강한 한끼!,39,TRUE
난포,윤짱구32,219,2025.12.27,1번째 방문,예약,"매장이 큰편은 아니지만, 패딩을 걸어둘 수 있는 공간이 있어 괜찮았어요",39,TRUE
난포,걷는서울,571,2025.02.09,1번째 방문,영수증,반지하처험 보이지만 들어가보면 밝고 따뜻합니다 겨울에 밥먹기좋은것같아요,39,TRUE
난포,ejch,85,2024.06.19,1번째 방문,예약,일년에 2~3번은 가는 것 같아요. 넘 맛있는데 양이 좀 적어요. ㅠㅠ,39,TRUE
난포,ㅇㅂㅇ55,69,2025.08.22,1번째 방문,예약,짜지않고 슴슴하게 맛있어요 금요일 11시에도 사람이 많으니 꼭 예약하세요,40,TRUE
난포,슈렉956,249,2024.11.24,1번째 방문,영수증,2명인데도 난포오면 항상 이렇게 먹는듯 ㅎㅅㅎ 너무 맛있고 좋습니당 ◡̈,40,TRUE
난포,니엘지코,135,2025.08.23,1번째 방문,영수증,주문한 모든게 맛있었어요! 된장쌈밥은 생각보다 삼삼했어요 고급진 한식 좋아,41,TRUE
난포,uck****,213,2025.07.06,1번째 방문,영수증,음식이 다 예뻐요 아쉬운건 어떤음식은 싱겁고 어떤음식은 짜고 간이 안맞아요,41,TRUE
난포,몽니하트,433,2025.03.14,1번째 방문,예약,"엄청난 맛은 아니지만 건강한 맛이고, 가격도 적당했어요. 잘 먹었습니다:)",41,TRUE
난포,뽀로롱쀼,852,2024.09.05,1번째 방문,영수증,역시 한국인 마무리는 된장인기봅니댜~ 퓨전한국음식같고 넘 맛있게 먹고갑니댱,41,TRUE
난포,바비리스,70,2024.09.04,1번째 방문,예약,웨이팅이 많은 난포 소문대로 자극적이지 않구 담백한게 요리가 다 맛있습니다,41,TRUE
난포,lalswo,13,2025.02.10,1번째 방문,예약,여자친구와 같이 갔는데 음식도 빨리 나오고 너무 맛있었어요! 번창하세요~~😀,42,TRUE
난포,실리카겔31,130,2024.09.13,1번째 방문,영수증,평일 5시 웨이팅 없이 바로 들어갔어요! 강된장쌈밥 참기름꼬소한게 맛나유~~,42,TRUE
난포,너구리꼬리곰탕,160,2024.07.22,1번째 방문,예약,레전드 맛있음 너무 충격먹음 맛잇어서 또 먹으러 가고싶어요 제발 또먹고싶어요,42,TRUE
난포,자유부인692,2,2025.10.15,1번째 방문,예약,예약 하여 가서 바로 입장.. 빠르게 나와 좋았어요 입으로 눈으로 맛 있었어요,43,TRUE
난포,abc1767,279,2024.10.25,1번째 방문,영수증,회국수 완전 추천드려요. 쫀득쫀득한 회에 매콤달콤한 국수 궁합이 정말 좋아요.,43,TRUE
난포,공삼이오,30,2025.03.21,1번째 방문,예약,예약없이 가면 안되는 곳! 신선하게 잘 먹었습니다ㅎㅎ 되게 유니크한 음식점이에요,44,TRUE
난포,히키코모리,479,2024.12.30,1번째 방문,영수증,항상 먹는 메뉴인데 언제 먹어도 맛있어요. 웨이팅 길지 않아서 바로 들어갔어요.,44,TRUE
난포,니나뇨3883,1244,2024.10.15,1번째 방문,영수증,테이블링했어도 엄청 기다렸는데 그런거치고 역대급 그닥..양도 적고 진짜 놀랐어요,44,TRUE
난포,matzip finder,238,2024.11.12,1번째 방문,영수증,한식 맛집으로 단언컨대 최고 같아요! 한남점도 서울숲점도 늘 맛있게 먹고 가요👍🏻,45,TRUE
난포,S iron,21,2024.08.14,1번째 방문,예약,주문한 음식 다 맛있어요 ^^ 직원분들 친절하고 좀 아쉬운게 매장이 살짝 더웠어요,45,TRUE
난포,푸른자연휴양림,1424,2024.04.27,1번째 방문,,캐치테이블로 미리 웨이팅 걸어놓고 놀다가 오니까 기다릴만 했어요 ~~ 맛있더라구용,45,TRUE
난포,sngylkm,11,2025.07.23,1번째 방문,예약,불고기 쌈밥이 특이했고 새우 감자전은 맛있었어요 문어국수는 다소 호불호가 있어보여요,46,TRUE
난포,살아야저리가,349,2024.06.01,1번째 방문,영수증,아주 대만족 간이 세지 않고 적당하구 대화하기 좋고 옛날 음악 듣는 것도 좋았어요!,46,TRUE
난포,kam****,14,2024.04.05,1번째 방문,예약,모든 음식이.맛있고 정갈해요 특히 전복들깨국수 정말 맛있어요!!!! 강추 합니다!!,46,TRUE
난포,콩이3789,32,2025.07.24,1번째 방문,예약,너무 맛있다. 회비빔국수는 맛있어서 집에서 따라하며 해먹었다. 그 맛이 안났지만ㅎㅎㅎ,47,TRUE
난포,에스티구르망,1236,2025.05.22,3번째 방문,영수증,자극적이지 않고 자꾸 땡기는 음식들입니다. 기분 좋게 항상 식사하고 나오는 곳 난포!,47,TRUE
난포,ieo****,95,2025.10.11,1번째 방문,영수증,강된장쌈밥이 푸짐하고 맛있어서 자주 찾게 되네요 된장향도 은은하고 밑반찬도 잘 어울려요,48,TRUE
난포,tkf****,54,2025.06.01,1번째 방문,영수증,"맛있는데, 웨이팅과 가격대비해서는 보통이였어요ㅜ.ㅜ 건강하고 슴슴한 맛 좋아하시면 추천",48,TRUE
난포,둡두부둡둡,1197,2025.08.08,1번째 방문,예약,예전부터 와보고 싶었는데 드디어 왔네요! 깔끔 담백 그 자체라 부모님도 맛나게 드셨어요!,49,TRUE
난포,러브홀릭37,501,2024.04.05,1번째 방문,예약,맛이 담백합니다 특별한 메뉴는 아니지만 건강하게 기분좋게 먹을수있는 음식들이었어요 강추!,49,TRUE
난포,리뷰경보쟁이,548,2024.05.01,1번째 방문,영수증,세시간 웨이팅.. 매장엔 30분 남짓 머물다 갔음 음식먹을만 했고 웨이팅이 너무함.....,50,TRUE
난포,kim****,663,2024.10.25,1번째 방문,영수증,서울의 숲 갔다가 발견한 맛집. 세대불문 다 좋아할거 같은 비쥬얼과 맛. 탁월한 선택이였어요,51,TRUE
난포,gir****,194,2025.11.09,1번째 방문,영수증,밥 한 끼 제대로 먹고 싶을 때 찾게 되는 곳이에요 쌈밥이 푸짐하고 된장 맛이 깊어서 좋았어요,52,TRUE
난포,자이당43,10,2024.10.22,1번째 방문,예약,건강한 퓨전 음식 부담스럽지 않게 잘 먹었습니다. 전체적으로 적당한 간이 제일 맘에 들었네요!,52,TRUE
난포,새벽별6369,381,2024.05.23,1번째 방문,영수증,바싹하고 마른새우향도 많이 나는 감자전 묵은지와 강된장쌈도 맛있네요. 국물이 없는게 아쉽다는 점,53,TRUE
난포,제과왕 우지,30,2024.12.06,1번째 방문,예약,음식들이 다 예쁘게 나오고 맛있어서 엄마가 너무 좋아하셨어요! 가게도 예쁘고 넓고 다 좋았습니다~,54,TRUE
난포,좋은날5754,1232,2025.01.18,1번째 방문,영수증,예약도 했지만 1시간 이상 기다린 후 맛본집 맛없음 화냈을텐데 기다린 보람 있듯이 음식이 맛있어요,54,TRUE
난포,katie861,115,2024.06.19,1번째 방문,예약,양은 매우 적지만 ㅋㅋ 넘 귀엽고 예쁜 인스타용 사진 나오구요 맛도 괜찮아서 재방문 의사 있어요!,54,TRUE
난포,lmy10004,1395,2024.05.27,1번째 방문,영수증,운이좋게 11시에 웨이팅없이 바로 입장~ 그러나 만석 ㅋ 주문하고 30분기다리니 음식이 나오네요~,54,TRUE
난포,KMS8319,13,2025.06.23,1번째 방문,예약,정갈하게 잘 나오고 음식도 깔끔하게 맛있어요. 직원분들도 친절하고 매장도 깔끔해서 너무 좋았어요!!,55,TRUE
난포,맛도리찾기고수,72,2024.09.23,1번째 방문,영수증,오래도록 줄서는 식당이라 미루다가 느즈막히 이용해봤어요. 부담없이 속이편한 깔끔한 음식이라 좋네요.,55,TRUE
난포,블랑제리Kong,140,2024.10.17,1번째 방문,영수증,친구들과 방문했습니다 예약을해두어서 바로 입장했습니다 번호대로 주문받아주시네요 음식 정갈하고 맛있어요,56,TRUE
난포,나는천재야최고야엡벱벱,52,2024.06.05,1번째 방문,예약,외국인인 새언니도 엄청 맛있게 먹었다고 하네옹 진짜 메뉴가 다 맛있었어요 다음에도 또 방문하고 싶어요,56,TRUE
난포,옴뇸뇨노롬,114,2026.01.16,1번째 방문,영수증,"투뿔육회묵은지 말이, 강된장쌈밥 먹었는데 둘다 맛있었습니다. 우엉간장절임도 맛있었어요. 또 먹고 싶어요",57,TRUE
난포,belle30,178,2025.07.18,2번째 방문,예약,맛있게 먹었어요~ 생각보다 양이 너~~무 적어요 쌈밤은 너무 심심했고 국수 종류 감자전 곰국도 괜찮아요,57,TRUE
난포,대엥,721,2025.05.03,1번째 방문,영수증,"캐치테이블로 미리 예약하고 가서 웨이팅없이먹기좋았어요 맛있었는데 웨이팅해서까지 먹을정도는 아닌거같고,,",57,TRUE
난포,bea****,66,2025.07.16,1번째 방문,예약,언니들이랑 맛있게 먹고왔어요 먹으면서 즐겁고 좋았어요 눈호강 입호강 하고 왔어요 비만안왔으면 좋았을듯요,57,TRUE
난포,so****,346,2025.06.01,1번째 방문,영수증,강된장쌈밥 제철회묵은지말이는 꼭 드시길 ! 다음에 가면 한우묵은지 먹어보려합니다 이상 또또간집이었습니다,57,TRUE
난포,아송73,30,2026.02.22,1번째 방문,예약,맛있게 잘 먹었습니다! 메뉴가 특별한데 양이 많지는 않아서 ㅎㅎ 3명이서 7개는 시켜먹은 것 같아요 하핳,58,TRUE
난포,pen****,181,2025.11.22,1번째 방문,영수증,쌈밥 먹으러 갔는데 된장이 진하고 구수해서 좋았습니다 야채도 싱싱하고 밥도 잘 나와서 든든하게 먹었습니다,58,TRUE
난포,느ㅏ,311,2025.02.22,1번째 방문,영수증,예전부터 와보고싶었던 곳인데 기대만큼 음식이 예쁘고 맛있었어요! 다시방문해서 다른메뉴들도 먹어보고싶네요~,58,TRUE
난포,664****,642,2025.04.11,1번째 방문,예약,맛있었어요 전복들어간 들기름 국수는 좀 아쉬윤 맛이예요 예약 후 차가 막혀 조금 늦었는데 양해해주샸어요!,58,TRUE
난포,대충살자8,190,2024.09.28,1번째 방문,예약,한남동 난포만 가보다가 성수는 처음감.. 저녁 오픈전 오픈런 개빡세지만 역시 난포는 난포에요 너무 맛있엄,58,TRUE
난포,nat****,142,2025.11.10,1번째 방문,영수증,가격도 부담스럽지 않고 양도 넉넉해서 좋았어요 쌈밥이랑 같이 나오는 반찬들도 하나같이 정성스럽고 맛있었어요,59,TRUE
난포,5mith,54,2024.10.23,1번째 방문,예약,"된장쌈밥은 그냥 그랬고, 묵은지회말이가 진짜 맛있어요, 설렁탕은 평범 다음에 가면 묵은지회말이2개먹고싶어요",59,TRUE
난포,kukaracha,1816,2025.12.14,1번째 방문,영수증,전체적으로 맛이 슴슴한 한식퓨젼이예요. 새우감자전은 짭쪼롬해요. 전복들깨국수가 콜드디시인데 고소하고 맛있어요,60,TRUE
난포,pai****,199,2025.10.15,1번째 방문,영수증,맛있게 잘 먹었어요 직원분이 친절하게 응대해주시고 강된장쌈밥이 고소하고 진한 맛이라 한 끼 식사로 든든했어요,60,TRUE
난포,수성미인,1137,2025.03.07,1번째 방문,영수증,아직까지도 인기가 많은 난포🍚 새우감자전 바삭바삭 베스트👍🏻 강된장밥이 따뜻하지 않았던🥲 양은 많지 않아요😅,60,TRUE
난포,blu****,591,2025.03.06,1번째 방문,영수증,맛있게 먹었어요 양이 조금 적어서 여자 셋이 메뉴 세개 먹고 근처 빵집에서 빵5개 먹었습니다 맛이 깔끔합니다,60,TRUE
난포,Annshirley,112,2024.10.14,1번째 방문,예약,가보고 싶었던 맛집중에 하나였는데 드뎌 먹어봤네요 깔끔하고 다다다 맛있음 자꾸 생각나서 또 먹어야 겠어요 😜,60,TRUE
난포,bba****,145,2024.05.19,1번째 방문,영수증,지이인짜 건강하고 맛있는 맛!!! 엄마랑 같이가면 칭찬받는곳!! 실제로 어머님들께서 많이와서 식사하고 계셨움,60,TRUE
난포,동희야,121,2025.12.17,1번째 방문,예약,음식 진짜 맛있고 양이 좀 적긴해요ㅎㅎ 전골은 너무 졸아서 육수 더달라고 했지만 제공 안된다 하셔서 아쉬웠아요,61,TRUE
난포,GooDs,1906,2024.09.07,1번째 방문,예약,새우감자전 맛이 새우깡 빠싹한 맛~~~~♡♡ 강된장쌈밥은 심심하니 맛있고 제철회묵은지말이는 짜지만 맛있어요~~,61,TRUE
난포,Ramini1002,95,2024.08.01,1번째 방문,예약,부모님께서 재방문 원하셔서 또 다녀왔어요 ! 어른분들과 함께 오기에 좋은 곳이에요. 음식도 깔끔하고 맛있습니다,61,TRUE
난포,Joon72896,30,2024.05.20,1번째 방문,예약,음식이 정갈하고 맛있어서 먹은 후에도 부담이 없어요. 깔끔하고 깨끗한 맛이에요! 잊을만하면 또 생각나고 그래요👍,62,TRUE
난포,Sea30,305,2026.03.07,1번째 방문,영수증,"소문으로만 듣던 난포~ 드뎌와서, 적당한 기다림으로~ 맛.점 했네요~ 또, 자주~ 가고 싶은 곳이 되었어요😊👍🏻🔥",63,TRUE
난포,어깡8,25,2025.12.08,1번째 방문,예약,음식맛있었어요. 근데 히터를 끈건지 너무 추웠고 음식이 처음부터 뜨거운 음식이 아니였어서 춥게먹어서 아쉬웠습니다.,63,TRUE
난포,kjolie22,21,2025.07.04,1번째 방문,예약,퓨전한식이라 어떨지 궁금했는데 음식이 정갈하니 맛이 깔끔하고 한끼식사로 딱이에요! 담에 다른메뉴도 먹어보고싶네요~,63,TRUE
난포,추이옌쯔15,68,2024.11.10,1번째 방문,예약,서울숲 찐맛집이래서 다녀왔어요 근데 1시간20분 웨이팅할 정도는 아닌 것 같아요..😇 경험해봤다 생각하겠습니다 ~,63,TRUE
난포,pricenyeong,513,2024.06.25,1번째 방문,영수증,"제철회묵은지말이, 제철회국수, 돌문어간장국수 먹었습니다. 양이 좀 적지만 맛있어서 둘이 세 메뉴 먹을 수 있어요.",63,TRUE
난포,mer****,48,2024.04.30,1번째 방문,예약,"가족들과 같이 방문했는데 모두 맛있다고 또 오고 싶다고 하네요 :) 음식이 나오는 속도도, 청결도, 맛도 굿👍🏻✨",63,TRUE
난포,세연26,14,2026.02.15,1번째 방문,예약,음식이 모두 맛있어요! 모두 베스트메뉴라 주문해보았고 같이간 가족들이 맛있다고 칭찬했습니다. 다음에 또 방문할께요😊,64,TRUE
난포,yu****,5,2025.09.05,1번째 방문,예약,외국인 지인과 같이 갔는데 넘 좋아했어요 적절한 퓨전요리라고 생각해요 양이 작아서 낭비없이 먹으니 특히 더 좋았어요,64,TRUE
난포,챱이,12,2025.01.16,1번째 방문,예약,돌문어간장국수가 제일 맛있어요 향긋하고 신선한 맛 좋아하는 분 추천.. 근데 쌈밥은 기름맛이 너무 강해서 아쉬웠어요,64,TRUE
난포,롱롱어고우,28,2024.11.04,2번째 방문,예약,일단 먹고 나서 속이 편안해서 좋습니다. 조미료를 많이 안쓰는 것 같아요. 들깨 들어간 저 국수가 정말 별미입니다.,64,TRUE
난포,mil****,1014,2024.04.27,1번째 방문,포장,서울숲 나들이 도시락에 제격입니다. 1인분으로 든든히 딱 적당하네요. 맛있어서 근처사는 언니에게 배달해줬어요 ㅋㅋㅋ,64,TRUE
난포,goldrich55,306,2026.02.27,1번째 방문,예약,예약하고 가니 오래 기다리지 않아 좋았습니다. QR주문이라 편하고 음식도 빨리 나오네요. 음식들이 짜지않고 맛있어요.,65,TRUE
난포,han****,212,2025.11.09,1번째 방문,영수증,"직원분들이 주문부터 음식 나올 때까지 친절하게 응대해주셔서 기분 좋았고, 쌈밥이 푸짐하고 깔끔해서 맛있게 먹었어요~!",65,TRUE
난포,미담미담,23,2024.11.28,1번째 방문,예약,좋아요! 자리도 넓고 직원분들이 친절합니당 다만 양이 조금 더 많았으면..! 하는 마음이지만 맛은 있어요 추천합니다!,65,TRUE
난포,은도리도리도리도리,397,2025.10.11,2번째 방문,영수증,새우감자전은 처음이었는데 단짠하면서 맛있었어요!! 들깨국수도 고소하고 제철회묵은지말이도 한입가득 먹으니 맛있더라구요🥹🩷,66,TRUE
난포,YAYAYAYA놀자,807,2025.05.03,1번째 방문,예약,정말 여러번 방문했는데 갈 때 마다 맛있어요!!! 그 중 당연 묵은지회초밥이 제일 맛있어요!! 식감이 너무너무 좋아요🥹,66,TRUE
난포,hkh9336875,1696,2025.04.26,1번째 방문,영수증,오래 대기하긴 했지만 음식은 맛있었어요 그런데 제로페이 결재가 된다고 나와 있었는데 막상 결재할려고 하니 안된다고 함ㅠ,66,TRUE
난포,수문장18,531,2024.10.30,2번째 방문,예약,"돌문어간장국수, 전복들깨국수, 강된장쌈밥, 새우감자전 등 다양하게 주문했어요. 예약 필수. 인원이 많으면 예약 힘들어요",66,TRUE
난포,유u하,1556,2024.10.19,1번째 방문,영수증,"정말 정갈하고, 깔끔한데 감칠맛이라고 해야하나... 특히 국수는 소스 잘 버무려서 한입 먹었는데 너무 맛있었어요ㅠㅠ!!",66,TRUE
난포,mil****,1014,2024.04.28,2번째 방문,포장,서울숲 나들이 가서 도시락으로 잘 먹었어요 깻잎장아찌 반찬 맛있네요 먹다가 잊어서 나중에 찍었고요 서울숲 덤으로 보세요,66,TRUE
난포,그냥그래5493,48,2025.11.20,1번째 방문,예약,오랜만의 방문인데 여전히 인기네요 :) 음식도 다 변함 없이 맛있었습니다. 예약하길 잘했어요 바로 입장해서 편리했습니다.,67,TRUE
난포,xan****,162,2025.10.03,1번째 방문,영수증,정말 만족스러웠어요. 강된장쌈밥 정말 깔끔하고 맛있게 먹었네요. 직원분들도 친절하셔서 음식 맛과 함께 기분도 좋아졌어요~,67,TRUE
난포,dpx****,34,2025.11.05,1번째 방문,영수증,여기 왜 이렇게 맛있어요 쌈밥 먹으러 왔는데 반찬 하나하나 다 신경 쓴 게 느껴지고 된장 진하니까 고기 싸먹으니 딱이네요,67,TRUE
난포,뽀로롱쀼,852,2024.09.08,2번째 방문,예약,난포하면 꼭 먹어야할 음식들이 있잖아요!! 묵은지와 회의 조합은 말다해꾸 꼬소하이 담백한 한식은 우리입맛에 딱이지요!!!,67,TRUE
난포,수문장18,531,2024.05.13,1번째 방문,영수증,"돌문어간장국수, 강된장쌈밥, 새우감자전을 주문해서 맛있게 잘 먹었어요. 붐비기 전 이른 시간이라 기다림없어서 좋았습니다.",67,TRUE
난포,랄라라라라랄라13,663,2024.04.25,1번째 방문,영수증,오픈런해서 바로 입장했습니당👍🏻 일단 그냥 맛있네용 배고픈 상태에서 가서 그런건지 아닌건짛ㅎ 근데 그래도 맛있어용👍🏻👍🏻,67,TRUE
난포,yoojw7777,1,2025.11.07,1번째 방문,예약,음식은 맛있는데 음악이 오늘 유난히 크고 시끄러웠어요. 마치 시끄러운게 싫으면 빨리 먹고 나가라고 재촉하는 느낌이들 정도로,68,TRUE
난포,MadisonSquareGarden,167,2025.02.23,1번째 방문,영수증,운좋게 웨이팅은 안 했지만 보통은 웨이팅 해야겠네요 부모님 모시고 다녀왔는데 만족하셨습니다 음식 간도 적당했고 맛있었습니다,68,TRUE
난포,hap****,55,2025.04.14,1번째 방문,예약,강된장 쌈밥 먹고 입 냄새 날까봐 걱정했는데 고소한 참기름 냄새가 더 많이 나서 다행이었어요~~ 너무 맛있게 잘 먹었습니당,68,TRUE
난포,12t****,258,2024.12.01,1번째 방문,영수증,딸이랑 손자랑 갔는데 맛있고 새우감자전은 아이가 먹을수 있도록 배려도 해주고 다음에 또 가면은 생맥주도 한잔~~마셔야겠어요,68,TRUE
난포,분당여인,353,2025.11.27,1번째 방문,예약,처음 줄서서먹던 그때보다는 음식도 첫맛이랑 좀 틀리게 느껴지네요. 추운날이라 국수종류가차갑게느껴졌어요 음식즐겁게 잘먹고왔네요,69,TRUE
난포,reg****,167,2025.11.08,1번째 방문,영수증,쌈밥이 정갈하고 깔끔하게 나와요 반찬 종류도 충분하고 된장 맛이 깊어서 밥이랑 잘 어울려요 가격 대비 구성이 알차서 좋았어요,69,TRUE
난포,gio****,249,2025.10.13,1번째 방문,영수증,진짜 맛있는 강된장쌈밥이에요 쌈을 싸서 먹으니 더 맛있더라구요 가격도 가성비 좋고 직원분들 친절하게 응대해줘서 좋았네요 ㅎㅎ,69,TRUE
난포,3tj****,169,2025.10.03,1번째 방문,영수증,강된장쌈밥 맛있고 푸짐해요 쌈채소도 신선하니 좋네요 제철회묵은지말이도 곁들여 먹으니 맛있고 색다른 맛이었어요 인기있을만 해요,69,TRUE
난포,CoffeeBoy,2002,2024.08.31,1번째 방문,영수증,돌문어 간장국수 맛있어요. 전복들깨국수는 그냥 그래요. 전복이나 문어는 둘 다 맛있었어요. 직원분들도 친절한 편이라 좋았어요,69,TRUE
난포,출근하는보부상,105,2025.02.28,1번째 방문,영수증,1. 왼쪽 : 새우감자전 오른쪽 위 : 강된장쌈밥 2. 돌문어간장국수 2명이서 국수 추가했어요. 다 맛있어요. 재방문 의사 O,70,TRUE
난포,큐캬큐캬캬,570,2025.01.01,1번째 방문,영수증,"줄서는 식당에 나왔다는 난포, 저도 가보았습니다. 평일 브레이크타임 끝나는 시간에 바로 갔더니 웨이팅 없이 맛있게 먹었답니다!",70,TRUE
난포,1117sh,121,2024.08.27,1번째 방문,예약,깔끔하고 맛있는 퓨전 한식 요리 양이 많은 편은 절대 아니지만 오히려 이것저것 먹어볼 수 있어서 좋은 거 같아요 ☺️ 맛있아요,70,TRUE
난포,슬기세리맘,57,2024.08.08,1번째 방문,예약,평일 예약후 방문하니 바로 입장되서 너무좋았어요! 메뉴는 골고루 주문해서 남김없이 먹고 왔답니다! 깔끔하고 맛있어요 ^^!!!,70,TRUE
난포,맛있는게최고얌,175,2024.06.07,1번째 방문,영수증,웨이팅만 안길면 매번 가고싶은 곳이에요!!! 음식 하나하나 다 맛있어요~ 기본 제공 물도 보리차(?)인듯 해서 더 잘먹었습니다,70,TRUE
난포,ufo****,198,2024.02.24,1번째 방문,예약,맛있어요. 친구들과 먹으러가면 호불호 없이 담백하게 즐길 수 있습니다. 웨이팅이 좀 있어서 미리 웨이팅 잡고 가시면 좋습니다.,70,TRUE
난포,potolive,4,2024.11.18,1번째 방문,예약,평일 예약 가능해서 편하게 먹을수 있었고 음식들도 자극적이지 않으면서도 충분히 맛있고 만족스러웠습니다 담에 또 방문할 의향있어요,71,TRUE
난포,ams****,153,2025.09.04,1번째 방문,영수증,쌈밥은 기본적인 맛이고 회국수랑 묵은지초밥이 맛있어요~ 김치가 좀 시큼했지만 잘 먹었어요 회국수는 다음에 또 먹고 싶을 것 같아요,72,TRUE
난포,모두가은혜입니다,513,2025.05.29,1번째 방문,영수증,먹깨비 동료의 소개로 가봤습니다. 창의성넘치는 메뉴들을 맛볼수 있어서 좋았어요. 양은 많지 않으니 1인 1.5메뉴정도로 생각하셔요😄,73,TRUE
난포,olo4866,73,2024.12.16,1번째 방문,예약,"2년 전에 한번 갔었는데, 기억에 남아 재방문했습니다. 전복들깨국수, 감자전, 쌈밥 너무 맛있었습니다. 부모님께서도 좋아하시네요 ㅎㅎ",74,TRUE
난포,민섭맘51,31,2024.06.05,1번째 방문,예약,예약하고 가니 너무 편하고 좋았습니다. 음식도 바로바로 나오고 양도 적당했어요. 친구생일이어서 알아보고 같이갔는데 친구도 좋아했어요.,74,TRUE
난포,히히6087,31,2024.07.10,1번째 방문,예약,음식이 깔끔하고 건강한 느낌이라 좋았어요. 특히 저의 최애는 강된장쌈밥..! 다음에 방문하면 오늘 안먹어본 다른 음식도 시켜볼게요ㅎㅎ,74,TRUE
난포,보라보라669,270,2024.04.05,1번째 방문,영수증,음식이 자극적이지 않고 맛이 깔끔해서 엄마가 좋아하셨어요~~~ 2명이서 저 구성이거나 새우감자전 대신 국수류를 시켜도 좋을 것 같아요,74,TRUE
난포,놀란너구리,164,2024.08.01,1번째 방문,예약,메뉴 두 개 더 시켰는데 배고프고 맛있어서 못 찍었네욤😂 다들 예약하실수 있으면 꼭 하고 가세요 ~ 인기있는 맛집이라 대기 너무 길어요,75,TRUE
난포,둡당,155,2024.07.09,1번째 방문,예약,이렇게 신선하고 건강하게 맛있을 수 있다니ㅜㅜ 난포 최고예요!! 예약시스템 있어서 전보다 편하게 방문할 수 있어 너무 좋습니다 ㅎㅎㅎㅎ,75,TRUE
난포,mail****,58,2025.11.18,1번째 방문,영수증,와 이런 쌈밥 집 찾았다니 너무 좋아요 쌈이랑 반찬 종류도 다양하고 된장 맛이 깊어서 계속 손이 가더라고요 양도 푸짐해서 배불리 먹었어요,76,TRUE
난포,imw02,1245,2025.04.30,1번째 방문,예약,평일 1시쯤 와서 10분정도 대기하고 왔어요 ㅋㅋㅋ ㅋ평일에도 사람이 꽉차있어서 널람 ㅋㅌㅋ 문어 간장국수가 진짜 베스트네여 꼭시켜야해요,76,TRUE
난포,usu****,103,2025.10.10,1번째 방문,영수증,강된장쌈밥이 너무 맛있었어요~ 쌈 싸서 한입 베어물면 깊은 맛이 느껴졌어요 직원분들이 친절하게 응대해주시고 곰국도 깔끔한 맛이라 좋았어요,76,TRUE
난포,huthut71,12,2025.03.30,1번째 방문,영수증,솔직히 내가 만들어도 가게보다 맛 있게 만듭니다.기대하고 웨이팅 30분 넘게 했는데 실망 실망 그 자체.네이버 후기는 진짜 믿을게 못 됨,76,TRUE
난포,you****,158,2026.03.10,1번째 방문,영수증,건강맛집 입맛없을때 눈으로 즐기며 새로운 맛 찾고싶을때 먹기 좋은거ㅈ같아요 간단히 먹기좋고 건강식 한끼를 먹은듯해서 좋습니다 종종 들르는곳,77,TRUE
난포,여행 좋아요,1827,2024.11.09,1번째 방문,영수증,캐치테이블로 1시간전 예약후 갔는데도 30분 정도 기다림. 내부 들어가보니 bar쪽 좌석 6개. 홀쪽은 한 32석 정도. 음식은 완전 만족,77,TRUE
난포,호로롭짭짭후루룹굿,789,2025.12.21,1번째 방문,예약,너무 맛있게 먹었어요 한식 식당 중 제 인생 맛집 등극입니다ㅠㅠ 벌써부터 또 먹고 싶어여유ㅠㅠ 양이 적은 게 아쉽지만 후회 없습니다.....,78,TRUE
난포,Cloud99042,9,2026.01.02,1번째 방문,영수증,음식은 맛있어요 적당히 삼삼하고 다들 강된장쌈밥이랑 새우감자전먹어서 그대로 시켰는데 둘다 맛있었어요 근데 홀 알바생 진짜 불친절해요 개띠꺼움,78,TRUE
난포,지수지지,717,2024.06.17,1번째 방문,예약,메뉴는 프라이빗한느띰이지만 막상 가게는 오픈형이였습미닼ㅋㅋ그래서 더 부담없고 좋은기분 쌈밥이랑 묵은지회말이는 꼭 먹어야할 것 같아영 맛있어요,78,TRUE
난포,개린,33,2025.07.24,1번째 방문,예약,"비주엋은 맛있어 보이는데 왜 인기있는지는 모르겠어요…ㅎ 밥에 간이 하나도 안되어 있고, 양도 너무 적고 ㅠㅠ 너무 기대했는지 저는 실망이였네요",79,TRUE
난포,제논0601,1401,2025.02.01,1번째 방문,영수증,되게 정갈한 느낌의 한상 근데 생각보다 조그매서 놀랐어요! 완전 금방 먹음ㅋㅋㅋ 분위기도 조용한 느낌이고 건강한 한끼 먹는 느낌이라 좋았습니다,79,TRUE
난포,맹쓰님66,29,2024.06.12,1번째 방문,예약,처음 성수동 나들이였는데 맛집부터 성공하고 기분도 좋고 또한 맛도 맛있고 깔끔하고 간이 쎄지도 않아서 부담스럽지도 않고 맛있게 잘 먹었습니다.,79,TRUE
난포,즐거운일상하루,236,2025.04.29,1번째 방문,예약,메뉴들이 대체적으로 슴슴하고 건강한 맛이예요 양은 좀 적은 느낌이라 둘이 가면 3개 메뉴는 시켜야 할 것 같아요 제철회국수가 새콤하고 맛있었어요,80,TRUE
난포,세상에 맛있는것들,246,2024.08.30,1번째 방문,영수증,너무너무 가고싶던 난포를 뒷북치듯 너무 늦게왔네요😁 기대했던 음식들 자극적이지않은 담백함이 맛났습니당! 특히 처음 마셔보는 매실원주 짱맛이에요👍,80,TRUE
난포,spirita1,2202,2024.05.17,1번째 방문,영수증,양이 아쉽기는 하지만 맛이 없는 게 없어요. 평소 다 싫어하는 음식인데 여긴 다 멋있어요. 속도 편하고. 그래서 기다려서라도 꼭 먹어야하는 식당,80,TRUE
난포,momo9117,123,2024.11.27,1번째 방문,예약,스지전골이랑 우렁이 쌈밥 시켰는데 우렁이 쌈밥은 참기름향이 강하고 스지전골은 담백했어요 쫄깃한 부분이 족발 껍질도 생각나고요 맛있게 잘 먹었습니다,81,TRUE
난포,hye****,49,2024.09.05,1번째 방문,예약,"배부른 상태로 갔는데, 다먹었어요! 건강한데 진짜 맛있는 맛!! 참기름 쓰시는거 어디꺼 쓰시는지!! 물어보고 싶었어요 ㅋㅋㅋ 진짜 최고의 맛집!!",81,TRUE
난포,1등분석가,1535,2024.06.21,1번째 방문,영수증,시킨 메뉴 다 맛있었는데 개인적으로는 제철회묵은지말이가 가장 맛있었어요! 오래 기다리긴 했지만 분위기도 좋고 개성있는 음식이라 기다릴만 했습니다👍,81,TRUE
난포,val****,510,2024.03.12,1번째 방문,영수증,드디어 벼루고 벼뤘던 난포에 왔네요~~~ 지인들과 함께 기다리며 냠냠하고 왔습니다. ㅎㅎ 비싸지만 ㅎㅎ 그래도 건강한맛에 ㅎ 맛나게 잘먹고왔습니다♡,82,TRUE
난포,단신부부 뚱냥이,358,2025.05.10,1번째 방문,예약,비가 많이 온 날이라 그런지 대기 없이 바로 입장이 가능했고요 :) 맛이 아주 깔끔하고 담백하니 맛 났어요!! 간이 딱 중간이라 너무 취저였습니당!!,83,TRUE
난포,yeonnj0,761,2024.10.19,1번째 방문,영수증,순한 된장의 쌈밥과 조미료 크게없이 맛있는 한식. 그래서 더 좋은 곳. 난포 항구같은 노래들과 또 색다른 분위기 서울 숲 오면 엄마 아빠 같이오고픈곳,83,TRUE
난포,195****,165,2025.10.20,1번째 방문,영수증,강된장쌈밥 너무 맛있고 든든해요 상추가 신선하고 된장소스도 진한 맛이라 특유의 풍미가 좋네요 제철회묵은지말이도 함께 먹었는데 조화롭게 어울려서 좋았어요,84,TRUE
난포,이쁨둥이24,74,2025.08.06,1번째 방문,예약,새우감자전 맛있습니다! 제철회묵은지랑 한우불고기쌈밥은 밥에 간이 안 되어있어서 그런지 대체적으로 건강한 맛입니다!! 건강한 한 끼 잘 먹고 갑니다~!!,84,TRUE
난포,쟁이5034,1128,2025.07.26,2번째 방문,영수증,저녁타임 오픈 맞춰서 갔더니 웨이팅 없어서 바로 입장할 수 있었어요 메뉴가 다 한식이라 너무 좋아요 강된장쌉밥 제철회국수 다 너무 맛있게 잘먹었습니다!,84,TRUE
난포,릴리프리챗,225,2025.05.18,1번째 방문,예약,양은 좀 적어요. 가격은 좀 잇는편이구요 ㅠ 치즈 감자전이 제일 감격스런 맛이엇어요. 꼬리한 치즈라서 호불호잇을거같아요. 웨이팅 네다섯팀에 이십분정도.,84,TRUE
난포,바다진주2,847,2025.05.07,1번째 방문,영수증,맛있어요 신선하고 깔끔하면서 계속 감칠맛 나는 자꾸 생각나는 맛이에요 다른 메뉴도 먹어보고 싶어요 또 들려야겠어요 웨이팅 겁나지만 부지런히 가보렵니다~,84,TRUE
난포,lbk0726,26,2025.03.27,1번째 방문,예약,음식은 맛있고 좋은데 스피커앞이라 음악이 너무시끄럽고 컨셉인가 매장분위기랑 안맞는 트로트 음악에 빨리 먹고 나가게 됐네요 음악선정을 다시 해야할듯~~~,84,TRUE
난포,곱디고운,928,2024.06.23,2번째 방문,영수증,유명한 메뉴만 시키지말고 곰탕도 먹어보세용 굳 곰탕고기 부드러워서 다음엔 수육먹을 거에요 감자전은 예전보다 짜게 느껴졌어요 그릇이 전부 정갈하고 예뻐요,84,TRUE
난포,독서쟁,24,2024.04.22,1번째 방문,예약,건강한 느낌으로다가 맛있게 먹었어요ㅎㅎㅎ 전체적으로 다 맛있었는데 국수랑 묵은지 말이는 또 먹거 싶어요 가족들이 만족해서 기분 좋았어요 잘 먹었습니다!,84,TRUE
난포,냠냠마싯주,756,2025.04.21,1번째 방문,영수증,서울숲 피크닉하면서 먹었어요 아주 특별한 맛은 아니고 간기도 삼삼한 편인데 같이 주는 반찬이 오히려 더 기억에 남네요 그래도 다른 메뉴 먹어보고 싶어요~,85,TRUE
난포,준4409,161,2025.02.22,1번째 방문,예약,"토요일 조금 이른 저녁시간이지만 대기 3팀, 이정도는 양호^^ 딸은 처음 갔는데 육회초밥과 피자를 특히 맛있어했다. 모두 메뉴가 맛있다. 배경음악까지~~",85,TRUE
난포,아야어여오유정,86,2024.09.26,1번째 방문,영수증,묵은지말이 맛있어서 두번 시켜 먹었어요! 셋이서 먹었는데 양이 엄청 많진 않지만 적당히 가볍게 먹기 좋은 곳입니다 새우감자전이랑 쌈밥도 진짜 맛있어요!!,85,TRUE
난포,긔여븐인간,388,2024.06.08,1번째 방문,영수증,다 너무너무 맛있었어요!!! 먹으면서 다른메뉴가 궁금해질정도...ㅎㅎ 캐치테이블로 미리 예약 할 수 있어서 좋았어요!! 다른메뉴 먹으러 또 방문할게요ㅎㅎ,85,TRUE
난포,졸린곰돌,178,2026.03.08,1번째 방문,영수증,"장점: 건강한 맛이라 너무너무 좋아요, 매장이 넓어요, 쾌적하고 청결해요 참고: 맛은... 그냥 그랬어요 그치만 건강한 메뉴라 다음에 또 올 의향 있습니다",86,TRUE
난포,shin****,65,2025.11.02,1번째 방문,영수증,오늘 점심 먹고 왔는데 생각보다 든든하고 좋더라고요 쌈밥이랑 같이 나온 반찬들도 깔끔했고 전체적으로 구성이 알차다는 느낌 받았어요 다음에 또 올 것 같아요,86,TRUE
난포,세라짱29,53,2024.04.09,1번째 방문,예약,"캐치테이블로 예약하니 바로 입장, 빠른 주문 가능했어요. 음식이 매우 깔끔하고 단정해서 기분도 좋아져요. 양은 많지 않지만 적게 먹는 저에게는 딱이네요^^",86,TRUE
난포,까꿍이7040,238,2024.07.02,1번째 방문,예약,사진을 못 찍었네요. 갑자기는 못 오는 곳이라 예약 후 왔는데 비가와서(?) 평소보다는 손님들이 덜했어요. 날씨 좋으면 웨이팅이 엄청난곳. 정말 맛있어요.,86,TRUE
난포,dmswlsehdrh,137,2024.04.02,1번째 방문,예약,두번째 방문하는 난포!! 넘 맛있게 먹었어요 예약안하고 가면 평일에도 웨이팅이… 편하게 네이버예약도 되어 넘 좋았습니다:) 다음에는 가족들이랑 방문할게요!!,87,TRUE
난포,530,16,2025.05.27,1번째 방문,예약,2년 전에 웨이팅 기다리다기다리다 못 먹었었는데 . . 이제 예약할 수 있더라고요! 성수동 가려니 생각나서 방문했꾸 메뉴 모두 맛있게 잘 먹었습니당 ! 😋😋😋,88,TRUE
난포,빛68,41,2025.05.05,1번째 방문,예약,"특별한 메뉴로 입이 즐거운 시간이었습니다! 웨이팅이 엄청 많았는데, 예약하고 들어가서 바로 식사할 수 있었습니다! 문어국수.. 저 메뉴 정말 맛나요 별미!!!",88,TRUE
난포,유기농하늘보리,834,2024.07.04,1번째 방문,영수증,"한남동에 한 번 방문했었는데 직장 근처에도 있어서 들렀습니다 ! 혼자 이용하기에도 부담스럽지 않은 가격에 보장된 맛, 친절하기까지 ! 너무 잘 먹었습니다 :)",88,TRUE
난포,미239,54,2025.10.21,1번째 방문,예약,새우감자전이 젤 맛있어요 문어국수가 새콤한 맛이 매우 강해서 취향 탈것같아요 제철회묵은지말이는 다른 지점에서 먹었을때 너무 맛났는데 그 맛이 아니라 아쉬웠습니다,89,TRUE
난포,둡둡토끼,1253,2024.04.28,1번째 방문,영수증,진심 맛나요…. 또 생각날 듯… 저 셋 중에 돌문어간장국수가 젤 맛났어요! 같이 간 친구도 저게 젤 맛있대요 ㅎㅎ 둘이서 세 개 시켰는데 안 남기고 다 먹었슴당,89,TRUE
난포,tar****,204,2025.10.19,1번째 방문,영수증,식사하면서 쓰윽 보면 풀향기 가득한 쌈 싸 먹으면 짭짤한 간이 맛있게 잡혔어요~ 강된장쌈밥 먹고 맑은 국물에 도톰한 돌문어와 쫄깃한 식감 있는 면발이 매력적이네요,90,TRUE
난포,598,159,2025.09.15,1번째 방문,예약,수년 전 방문하고 오랜만에 다시 방문한 난포. 기대치가 높아서 그럴 수도 있겠지만 흡사한 메뉴를 판매하는 타 매장의 가격이나 퀄리티가 훨씬 더 좋게 느껴졌습니다.,90,TRUE
난포,the빵,1555,2024.04.29,1번째 방문,영수증,"예약마감돼서 오픈15분전에 갔는데, 2명 좌석은 좀 있었는데, 3명좌석이 없어서 40분 웨이팅했어요ㅜㅜ3명이 가서 식사 3가지에 새우감자전까지 먹어야 적당합니다^^",91,TRUE
난포,데이브레이크2232,864,2026.03.05,1번째 방문,영수증,웨이팅 없이 입장해서 좋았어요~! 안내 받은 테이블에 음식 찌꺼기가 조그맣게 있었지만 손으로 톡 치우고 주문 한 음식 맛나게 먹고 음식양은 좀 적다고 느껴지긴 했어요,92,TRUE
난포,dms0310,98,2025.03.10,1번째 방문,영수증,쌈밥이 가장 맛있었어요! 새우감자전은 조금 아쉬웠어요ㅠ 탱글한 새우살일 줄 알았는데 멸치반찬에 들어가는 건새우(?)가 들어가더라구용.. 회국수는 예상대는 맛 그대로에요,93,TRUE
난포,kikapie,28,2024.05.31,1번째 방문,예약,메뉴가 정갈하고 정말 맛있었어요. 줄서는식당이지만 운좋게 예약을 통해 편리하게 식사를 즐겼어요. 식당에서 나오는 음악도 선곡이 좋아요. 맛있고 즐거운 식당입니다😀👍🏻✨,93,TRUE
난포,lovelatte,43,2024.06.18,1번째 방문,영수증,"딸이 맛집으로 추천한곳 대기 19번 오래 기다리지는 않았다 쌈밥, 제철회비빔국수, 감자전 주문했는데 모두 만족스러운 맛이었다 묵은지회말이는 담에 꼭 다시 와서 먹는걸로",93,TRUE
난포,haedal222,172,2024.06.20,1번째 방문,,맛있긴한데 이렇게 유명할 정도인가 의문이 들긴 했다 감자전은 미리 해둔 걸 해동해 주시는 건지? 하나도 안 뜨거웠고.. 비빔국수는 나쁘지 않았고 강된장은 글쎄..?!?,93,TRUE
난포,서은띠,425,2024.05.30,1번째 방문,예약,캐치테이블 제도 너무 좋은데 3명이라 넘 오래 기다렸어요.. 쥬륵 맥주 겁나 맛있고요!!! 음식도 맛있어서 전복들기름파스타(?) 포장해서 대구까지 데려왔어요 ㅎㅎ 굿띠,93,TRUE
난포,mpb****,112,2025.10.14,1번째 방문,영수증,강된장쌈밥 맛이 정말 깊고 진하게 느껴졌어요. 신선한 쌈 채소와 함께 먹으니 더욱 풍미가 살아나는 것 같았어요. 직원분들도 친절하게 응대해주셔서 기분 좋게 식사했었어요.,94,TRUE
난포,195****,278,2025.10.20,1번째 방문,영수증,강된장쌈밥이 참 깔끔하고 진해서 좋네요 여러가지 쌈채소에 강된장을 듬뿍 올려먹으니 속이 든든해졌어요 ㅎㅎ 친절하게 응대해주셔서 기분도 좋았고 다음에 또 먹으러 가고 싶어요,95,TRUE
난포,내앞길을막지마라,65,2024.04.14,1번째 방문,영수증,주말에 웨이팅 두시간 반정도 걸렸는데 캐치테이블로 예약해놓고 일정 마치고 갔더니 딱 들어갔어요! 웨이팅이 아깝지않게 모든 메뉴 너무너무 맛있어요... 또 올거예요 최고최고,95,TRUE
난포,호호잇75,434,2024.09.27,1번째 방문,영수증,"음식은 삼삼하니 맛있었습니다. 2시 이후에 가서 자리도 좀 비어있고 그렇게 안바쁘신거 같았는데.. 주문도 겨우 하고, 필요한거 있으면 서버분에게 직접 찾아갔어요.. 아쉽네요",96,TRUE
난포,오늘도 스마일,201,2024.04.29,1번째 방문,영수증,외국인 친구들과 맛있게 잘 먹고 왔어요~^^ 대기가 길어서 걱정했는데 다행히 빠르게 입장했네요!! 너무 마니 시켜서 쌈밥은 포장해왔는데 집에서 먹은 쌈밥 더 맛있었네요~^^,96,TRUE
난포,오리날다8987,1075,2025.10.17,1번째 방문,영수증,"돌문어 간장국수가 새콤하고 정말 맛있었어요♡ 강된장 쌈밥과 제철회 묵은지말이, 새우 감자전은 제 입에 너무 슴슴해서 곁들여 먹는 장아찌를 몇 번씩 리필 요청해야 했습니다^^;;",98,TRUE
난포,파이팅너드,6,2025.11.21,1번째 방문,예약,전형적인 한식느낌의 맛 쌈이랑 새우감자전이랑 제철회롤? 먹었는데 3메뉴 다 맛있었음 간이 세지않고 슴슴함 자극적인거 좋아하시는 분들은 간이 약할듯 근데 꼭 한번 먹어보는건 추천,98,TRUE
난포,이야이야82,56,2025.09.03,1번째 방문,예약,웨이팅이 없었는데? 있다고 말해서 허겁지겁 갔는데 두팀있었어요🥵 ㅋ ㅋ ㅋ 그래도 강된장쌈밥이라는 설숲에서 먹기 어려운 메뉴가 있어서 좋았어요! 된장맛이 더 많이 났음 좋겠어용,98,TRUE
난포,xh3r9qn,25,2025.02.05,1번째 방문,예약,유명맛집이라고 해서 방문했어용 일단 비주얼이 너무 귀엽고 예뻐서 좋았어요 ! 양은 좀 적은거 같아서 2명이서 가서 3개 시켰더니 딱 맞았어요~ 건강하게 잘 먹은 느낌이에요 ◡̈,98,TRUE
난포,joa조아,185,2024.07.31,1번째 방문,예약,음식은 늘 맛있고 너무 맛있고 비쥬얼 끝내주고 평일1:30분 이후에 가니 줄도 안서고 딱 좋네요 근데 원래 여기 음악이 80년도 노래였나요? 주현미 잠깐만 나와서 놀랍고 새롭고,98,TRUE
난포,JH Lennon,128,2024.08.06,1번째 방문,예약,"군더더기없는 깔끔한 맛입니다. 별 거 없는데 맛있는 게 젤 어려울텐데 딱 그런 맛입니다 성수동 유행타는 그런 거 아니고 진정성있는 맛으로 승부하시는 사장님, 쉐프님 응원합니다.",98,TRUE
난포,꼬냥이54,1661,2024.04.23,1번째 방문,영수증,건강한 맛 삼삼한 느낌이에요 강된장도 생각보다 짜지않았어요. 메뉴 모두 고유의 맛이 느껴지고 질리지 않게 먹을 수 있어요 예약 및 입장 순서에 따라 주문 받으시는 것도 좋았어요,98,TRUE
난포,고원태,195,2025.10.08,1번째 방문,영수증,강된장쌈밥이 정말 맛있어요 신선한 쌈채소도 듬뿍 나와서 푸짐하게 먹을 수 있고 양도 넉넉해요 제철회묵은지말이는 향이 독특하면서도 감칠맛이 좋네요 건강하게 차려진 한 끼 식사였어요,99,TRUE
난포,Jjmons,126,2025.01.27,1번째 방문,예약,"전체적으로 간이 약하구요, 강된장 쌈밥에 강된장도 심심해서 아쉬웠습니다. 3명이서 메뉴 4개는 시켜야 배부르게 먹는 양이에요. 마늘쫑, 깻잎 간장 나물이 가장 입맛에 맞았습니다!",99,TRUE
난포,Memymemy,73,2024.02.13,1번째 방문,,재재재방문 맛집이고요 여전히 웨이팅있고 음식이 대체로 삼삼해요 절임류랑 먹기 좋은 간이고 제철회묵은지말이랑 돌문어간장국수가 최애인데 자주 솔드아웃이에요ㅠ많이 가져와주세여 재료..,99,TRUE
난포,ioj****,97,2025.11.02,1번째 방문,영수증,강된장쌈밥 먹고 왔는데 쌈 종류도 여러 가지고 된장 맛이 구수해요 제철회묵은지말이도 같이 시켜서 먹었는데 상큼하니 입맛 돋우기 좋더라고요 포만감도 충분하고 다음에 또 올 것 같아요,100,TRUE
난포,pianistran,1150,2025.04.21,2번째 방문,영수증,난포에선 기본으로 강된장쌈밥을 시키시고요~ 나머지는 그날 땡기는걸 드시면됩니다! 왜냐면 정말로 다 맛있거든요.. 😋 건강한 한식이라 다 먹은후 속도 편하고 배도 든든해서 왕추천!!,100,TRUE
난포,별이3154,203,2024.09.19,1번째 방문,예약,"맛있어요! 건강하게 맛있는 맛이에요🥰 예약하고 방문했고, 바로 입장했습니다. 대기줄이 생각보다 길더라고요~ 예약 후 방문 추천드립니다. 그래도 음식이 빨리 나와서 회전율이 좋아요!",100,TRUE
난포,크르릉4233,28,2025.10.02,1번째 방문,예약,음식이 정갈하고 깔끔해서 눈으로 보는 맛도 있어요! 전부 다 너무 맛있어요! 직원분이 너무너무너무 친절하세요 👏👏👏👏👏 덕분에 오랜만에 친구들과 너무 좋은시간 보내고 왔어요 ☺️☺️,101,TRUE
난포,eun****,6,2025.08.27,1번째 방문,예약,"줄서는 식당에 나왔다고 해서 예약하고 찾아감. 평일에는 예약을 안해도 괜찮을듯..테이블 절반정도 비어있었음,,너무 기대하지 말기.. 비싸지 않다..그래서인지 음식양이 적게 나온다..",101,TRUE
난포,Hermione25,6,2025.07.03,1번째 방문,예약,회가 조금 비렸는데 소스덕에 먹을만했고 쌈밥은 조금 싱거워서 좋았어요.된장도 맛있었을 것같아요. 매장은 넓은데 스피커 직통자리여서 대화하긴 좀 불편했네요! 반지하라 그런지 조금 습했어요,103,TRUE
난포,Bum3505,933,2024.09.28,5번째 방문,영수증,오랫만에 성수방문으로 찾은 난포 여전한 웨이팅으로 입장에 한시간 이상 걸렸지만 주변에 충분한 볼거리들이 많이 있으니 다행 강된장 쌈밥 기본에 제철회국수와 전복들깨국수까지 환상의 조합 💕,103,TRUE
난포,GIVE THX,1151,2024.04.04,1번째 방문,영수증,"두시간십분 웨이팅은 처음😭 해떠있었는데 기다리동안 해가져서 바람도 너무 불어서 추웠는데, 매장안은 따뜻하고 분위기도 음식이랑 잘매치되고 다 맛있어서 만족했어요~ 새우감자전 추천해요!!!",103,TRUE
난포,쏠라파데,84,2025.12.17,2번째 방문,예약,"음식 다먹고 계산할때 그릇이가 나갔다고 말했는데..살펴보겠다고 대답해서 조금 당황함.. 사과가 먼저인데.. 뒤쪽으로 놓여져 있어서 시야에 가려있다가 다 먹을때쯤,발견해서.. 찝찝했는데...",105,TRUE
난포,sensatiOn,1169,2024.11.10,1번째 방문,영수증,제철회묵은지말이는 회가 크고 묵은지와 맛이 잘 어우러졌어요. 강된장쌈밥도 강된장에 두부가 많이 들어 맛있었어요. 웨이팅이 무척 많으니 미리 캐치테이블 원격 웨이팅 걸어두시는 걸 추천합니다.,105,TRUE
난포,땡결,169,2024.08.22,1번째 방문,예약,제철회묵은지말이 강된장쌈밥 돌문어간장국수 이렇게 세 가지 메뉴 먹었어요! 전부 다 맛있었습니다 😊😊 메뉴 양이 많지 않은 편이라 여자 두 명이서 가도 메뉴 세 개 시키는 게 좋을 것 같아요,105,TRUE
난포,처음뵙다,42,2024.08.30,1번째 방문,영수증,솔직한 평 남깁니다. 돌문어 간장국수: 평범한 맛 제철회묵은지말이: 묵은지 간이 쎔 새우감자전: 건새우가 겁나 많이 들어가 비린내 심함 왜 맛집으로 유명하죠 여기?-? 물타기 그만 했으면…,105,TRUE
난포,wn****,1424,2025.11.20,2번째 방문,예약,한식좋아하는 동생들 데리고 다녀온 성수동 난포 음식들이 정갈하고 자극적이지 않아요 간은 슴슴한데 재료본연의 맛이 있어서 감칠맛은 있네요! 늘 먹는 한식이 지겨울때 한번씩 찾아가면 색다릅니다!,106,TRUE
난포,브루,90,2025.07.13,1번째 방문,영수증,만약 웨이팅이 있었다면 대기하고 먹을 맛은 아니지만 괜찮았오요! 요즘 식당에서 찾기힘든 건강하고 자극적이지 않은 맛이에요. 단 맛도 별로 없어서 좋았지만 간만 조금 더 세져도 좋을 것 같아요!,107,TRUE
난포,윤4275,11,2024.12.24,5번째 방문,영수증,"묵은지말이, 쌈밥, 돌문어간장국수 맛있어요! 5번째 방문인데 누굴 데려가도 모두 좋아하네요~ 다만 메뉴들이 대부분 찬 메뉴라서 겨울에는 따뜻한 물이나 장국 종류가 함께 나왔으면 좋을 것 같아요!",108,TRUE
난포,auwine,58,2025.05.19,1번째 방문,예약,새우감자전은 치즈가 너무 많아서 저처럼 치즈 덜 좋아하는 분들은 좀 느끼하다 생각하실수도 돌문어간장국수랑 강된장쌈밥은 슴슴하니 맛있었어요 둘이 메뉴 3개 먹으니 좋으네요 양이 많은 분들 참고하세요,109,TRUE
난포,YYW32,171,2024.06.22,2번째 방문,영수증,"N번째 방문입니다만, 새우감자전은 왜 이리 변했죠? 짜고 딱딱해서 먹을수가 없었습니다. 컴플레인 걸려다가 그냥 넘어갔는데 반도 못먹고 버렸습니다… 처음 데려가는 지인도 있었는데 굉장히 속상했네요.",109,TRUE
난포,참나김,167,2025.04.22,1번째 방문,영수증,비오는 4월22일 서울숲 산책하러 왔는데 비가오네요 난포에서 예쁜 강된장쌈밥이랑 한우육회묵은지말이로 시작해서 전복들깨국수의 고소함에감동하고 돌문어간장국수의 새콤함 마무리는 새우감자전 와서 드셔보세요,110,TRUE
난포,3inn4,146,2025.04.08,1번째 방문,영수증,한식을 재해석한 느낌으로 정갈하고 깔끔해요🧡 항상 웨이팅이 길어서 갈 엄두도 못냈었는데 미리 예약 후 드뎌 먹어보고왔는데 맛있게 잘 먹구왔습니다! 데이트는 물론 외국인을이나 어른들도 좋아하실것같아요,110,TRUE
난포,lotslot,1289,2024.03.06,1번째 방문,영수증,와 역시 성수에서 살으남은 맛집인데는 이유가 있는 듯 하네요ㅎㅎ 메뉴도 특별하고 음식도 정갈하게 나오니 먹는데 기분 좋고 특히 저 제철회묵은지말이랑 돌문어간장국수가 맛있었어요!! 담에 또 오고싶네요,110,TRUE
난포,박민서63,25,2024.05.22,1번째 방문,예약,"너무 맛있게 잘 먹었습니다! 양이 적을 줄 알았는데 생각보다 넉넉했고, 매장도 쾌적하고 한국적인 분위기여서 좋았어요 재방문 의사 있습니다 ✨ 웨이팅이 있는 것 같았는데 예약 후 방문 추천드려요! ♥",110,TRUE
난포,달고먐미,319,2023.12.31,1번째 방문,영수증,강된장쌈밥은 어느지점이든 맛있네요~ 묵은지 광어말이는 광어회 상태가 한남지점이 훨씬 좋고 맛있었어요. 성수점은 좀 흐물떡했고 한남점이 쫄깃했네요. 나머지 음식들은 한남점 성수점 모두 맛있었습니다ㅎㅎ,110,TRUE
난포,쏠라파데,84,2025.12.23,3번째 방문,예약,"최근 약속이 연달아 있어 8일동안 3번 왔는데.. 첫날 먹은 돌문어 국수.. 갈수록 양줄어.. 어제는 똑같운 거 하나 더시킴 묵은지, 회도 양 줄고 제발 초심 잃지 말고, 레시피대로 적량 주시길 ㅠㅠ",111,TRUE
난포,홍매,8,2024.11.26,1번째 방문,예약,"음식도 맛있고, 식재료도 신선한데 직원서비스는 다른분들 말처럼 좀 불친절해요. 음악소리도 커서 대화하기가 불편한 점이 있었습니다. 음식은 참 좋은데 요즘 음식만 먹으러 가는것도 아니니데 좀 아쉬웠어요.",112,TRUE
난포,lee****,71,2026.03.02,1번째 방문,예약,음식에서 머리카락 나오고 11시 예약인데 준비가 안 되어서 늦게 들어갔어요! 오픈이라 그런지 모르겠는데 육회 냉동이라 얼어있더라구요 가실 분들은 가시겠지만! 꼭 한 번 더 다시 생각하고 예약하시고 가세요,113,TRUE
난포,징9yo,125,2024.09.17,1번째 방문,예약,웨이팅이 좀 있었지만 빠르게들어갔어요 ㅎ 궁금해서 가봤는데 엄청 맛있는 한식이라기보다는 간간하게 깔끔한 한끼 할 수 있어서 좋았습니다~ 매장노래가 옛날 노래라서 부모님 모시고가면 더 좋아하실 것 같아욬ㅋㅋ,114,TRUE
난포,음식에 진지해요,481,2024.06.01,1번째 방문,영수증,예약 걸고 나서도 오래 기다렸습니다 ㅜㅜ 음식은 빨리 나오는편 이였구요 양은 많은 편이 아니라서 여러가지 시켜도 좋으실거같습니다 음식 모두 다 신선하고 맛있어요 특히 제철회묵은지말이는 꼭 드셔야합니다 👍🏻,114,TRUE
난포,2013후추,22,2024.06.03,1번째 방문,영수증,새로운 느낌 원하는분은 딱 한번만 가보시면 좋네요 그런데 사장님 취향인지 매장에 나오는 음악이 매장과 너무 안어울리고 시끄럽고 가창력뽐내는 옛날 가요가 막 나오는데 괴로울정도.. 그게 음식맛을 다 가리네요,114,TRUE
난포,kukukukkk,893,2024.01.10,1번째 방문,영수증,건강한 맛집이에요. 매일 튀긴음식 파스타 밀가루 이런거만 먹다가 건강한 음식 먹으니까 기분이 좋아요. 그리고 사실 강된장쌈밥 기대했는데 쏘쏘하고 곰국이 너어어어무 맛있었어요..여러분 곰국 드세요ㅠ-ㅠㅋㅋㅋ,114,TRUE
난포,공공소금빵,471,2024.03.12,1번째 방문,예약,평일 뚝섬역 근처에서 갈만한 식당 찾다가 난포 예약을 받는 거 보고 당일 예약해서 방문했어요! 새콤한맛의 음식들이 많네요! 다른 메뉴도 먹어보고 싶어요 매실주 맛있고 음식이 다 슴슴한 편인데 맛있어요!! 🍒,115,TRUE
난포,쪼꼬미맛집탐방,989,2024.01.19,1번째 방문,영수증,"평일 1시쯤 갔는데 대기 있어서 10분 정도? 웨이팅하고 들어갔어요! 여자 둘이서 돌문어간장국수, 강된장쌈밥, 새우감자전 시켰는데 다 맛있었지만 개인적인 취향으로 셋 중에 돌문어간장국수가 제일 맛있었음!👍🏻",115,TRUE
난포,방문자가자,121,2025.11.05,1번째 방문,영수증,쌈밥!! 진짜 맛있구요. 새우감자채 꼭 드세요!! 들깨 칼국수도 시원하니 맛있어요. 반찬으로 나온 장아찌들이 맛있어서 종류를 물어보니 초석잠이래요. 락교랑은 다른 맛이예요. 다음에 친구들이랑 같이 올래요~^^,116,TRUE
난포,aropa23,265,2025.01.22,1번째 방문,예약,오픈 하기 전에 10분 정도 기다렸다가 입장했어요. 유명한 곳이라고 해서 왔는데 음식은 꽤 만족스러웠습니다. 다만 음악이 너무 너무 커서 대화가 방해될 정도였어요. 음악 소리만 좀 줄여주시면 좋을 듯 싶어요.,116,TRUE
난포,하루60,190,2024.07.12,1번째 방문,예약,들기름국수는 향좋고 맛있고 된장쌈?은 된장이좀부족했지만 맛있게먹었어요 두명이서 배부르게먹을정돈됐어요! 리뷰보고 세개시키려다가 두개먹고 또시키자했는데 세개시켰으면 남았을것같아요 ㅋㅋㅋ 고민해보시고 주문하시길!!,116,TRUE
난포,알프휴잇,40,2025.10.01,1번째 방문,예약,주문한 메뉴 모두 정말 맛있었어요! 저는 평일에 방문해서 붐비지는 않았어요 음식이 정갈하고 전반적으로 간이 세지 않아서 깔끔하게 먹기 좋았습니다! 음악도 고전(?) 옛노래가 나오고 전체적으로 차분한 분위기예요!,117,TRUE
난포,고유만두,691,2025.10.03,1번째 방문,영수증,"난포 ㅎㅎ 너무 맛있었던 식당 건강한 맛이 일품이에요 한국의 맛을 그대로 느낄 수 있어요 강된장 쌈밥, 곰국 너무 좋더라구요 성수역, 뚝섬역, 서울숲역에 가면 다들 한번씩은 가보는 곳일거에요 너무 맛이 좋더라~",117,TRUE
난포,브레드님,658,2025.03.29,1번째 방문,영수증,오랜만에 서울숲 갔다가 난포 다녀왔어요. 추울때 따끈한 곰국 하나면 충분하긴 합니다. 웨이팅이 6-8 팀 뒤에라도 갑자기 후욱 빠집니다. 어플 이용 시 답변 해줘야해요. 3팀 정도 되면 매장 가야되니 참조하세요.,118,TRUE
난포,냥이와 즐겁게,590,2024.05.14,1번째 방문,영수증,와우 신선하고 맛있게 웰빙음식을 먹어서 기분도 좋아졌다~~ 하나하나 다 정성이 들어간 음식같아서 더욱더 기분좋게 식사할수있었다.. 묵은지 내가 넘 좋아하는건데ㅡㅡ맛도 딱! 다음에 다시 꼭 와서 가족과 먹을예정^^,118,TRUE
난포,namming91,730,2026.05.02,1번째 방문,영수증,강된장쌈밥이 유명하대서 가봤는데 운좋게 웨이팅없이 들어갔어요!! 간장국수 먹어볼까 했는데 곰국 기대안했는데 밑반찬으로 나온 묵은지랑 마늘쫑지랑 같이 먹으니깐 맛있더라구요!! 배가안고픈 친구도 맛나게 먹었답니다 ㅎㅎ,119,TRUE
난포,꽁이럽,741,2025.07.12,1번째 방문,영수증,줄 서는 식당 보고 궁금해서 왔는데 호기심 해결했어요 생각보다 웨이팅 없어서 도착했을 때 첫번째 순서였어요 경상도 사람한테는 맛이 좀 심심해요 간이 많이 약한느낌 한번먹어봤으니 됐어요 재료들은 신선한느낌 주차는못함,119,TRUE
난포,시마98,1242,2024.05.29,1번째 방문,영수증,3가지 먹은거 모두 굿! 집밥 느낌 강해요. 어른들도 퓨전한식이라 많으시고 젊은분들도 많아 맛집증명~ 재방문 의사 많이 있습니다. 평일 10시40분쯤 도착했는데 웨이팅 있었고 예약도 일부 받으니 미리 하는것도 팁~,119,TRUE
난포,카더가든사탕,31,2024.12.14,1번째 방문,영수증,여기 묵은지 참기름 맛집입니다...ㅠ 다들 강된장쌈밥는 꼭 시키는데 안짜고 담백하고 건강한 맛입니다 근데 예상치못하게 대구전이 진짜 ㄹㅇ 킥임... 이렇게 부드러운 생선전을 먹은적이없음 꼭 시키세요........ㄷㄷ,120,TRUE
난포,드커니,334,2026.04.25,1번째 방문,영수증,"한번 꼭 가봐야지 했던 서울숲 맛집 난포 블루리본 인정👍 나의 메뉴 선택은 강된장쌉밥, 제철회묵은지말이, 문어숙회. 모든 메뉴에 곁들여 먹은 마늘쫑과 도라지 장아찌 최고의 궁합(도라지 장아찌 만들어 먹어야겠음 굳~~)",121,TRUE
난포,성수놀부,68,2025.05.15,1번째 방문,영수증,부모님이랑 아기랑 가기 좋아요 아기 의자도 있어요 식사는 만족스러웠으나 홀 직원 분들이 너무 불친절합니다 친절함을 바라지는 않으나 접객 서비스가 너무 별로라 식당에 대한 이미지가 깎입니다 일하기 싫으시면 일하지 마세요,121,TRUE
난포,silverkws,14,2024.12.04,3번째 방문,예약,다른것은 다 좋은데 몇 번 회김치롤과 강된장쌈밥에 밥알이 누릉지 혹은 굳어진 딱딱한 질감이 느껴져서 불쾌하고 완성도가 떨어지는 느낌이 들어요! 어쩌다 한번이 아니라서 관리를 못하는 것에 많이 아쉬워서 건의하고 싶네요!!,122,TRUE
난포,송정동 솜사탕,97,2024.06.23,1번째 방문,영수증,"양 자체가 많진 않은데, 딱 기분좋게 배를 채울 만큼의 양이라 음식의 맛에 집중할 수 있어서 오히려 좋았어요. 인테리어 분위기가 우드톤으로 아늑한 느낌을 주며, 다양한 특별한 메뉴들이 있어서 골라 먹는 재미가 있었어요.",122,TRUE
난포,또리미,124,2024.05.14,1번째 방문,영수증,"캐치테이블 어플로 예약대기 걸어놓고 가서 바로 입장할 수 있어 너무 편했어요! 강된장 쌈밥, 제철 회국수, 전복들깨국수 다 깔끔하고 맛있었습니다 양이 많지는 않아, 잘 드시는 분들은 넉넉히 시켜드시면 좋을 것 같아요~~",122,TRUE
난포,연희동 안성재,889,2025.08.09,1번째 방문,영수증,"건강하면서 맛있어요 묵은지말이는 입안가득 회, 묵은지가 가득 차는데 조합이 좋아요. 명태전은 따뜻할때 먹으면 극락. 쌈밥도 간이 적당하고 맛있어요 트렌디한 한식? 맛있고 분위기도 좋고 음악도 좋았어요 직원분들도 다 친절함",123,TRUE
난포,장방수,224,2024.04.12,1번째 방문,영수증,금요일 오전 10:30에 워크인 1등도착..! 30분 줄서서 들어가서 먹음. 1시간 이상 웨이팅할 정도는 아니고 30분은 기다려서 먹어봄직함. 대체적으로 담백하고 가볍고 양은 적은편이어서 ‘일행수 +1’ 개 주문하는거 추천,124,TRUE
난포,노랑백설기,28,2026.05.05,1번째 방문,예약,1년전에 가고 맛있어서 재방문했는데 메뉴 구성이 바뀌었네요.. 1년전 메뉴가 더 알차고 좋고 맛있었던거 같아요. 역시나 사람들은 많아 웨이팅줄이 길더라구요.. 가격은 비싸네요.. 양은 적어서 아쉽... 맛은 그냥 소소입니다.,125,TRUE
난포,빙봉씨,267,2025.04.23,1번째 방문,영수증,조금 아쉬워요 ㅠ 돌문어 간장 국수랑 강된장 쌈밥 새우감자전 먹었는데 조화는 셋이 좋았어요! 뭐 하나빠지면 또 아쉬울 거같은 느낌! 돌문어는 아무래도 조금 들어있었고 새우감자전은 건새우 맛+살짝 꼬릿한 모짜치즈..?맛이에요!,125,TRUE
난포,꾸2765,1367,2024.05.11,1번째 방문,영수증,40분정도 대기해서 들어갔오요! 강된장쌈밥 묵은지회말이 회국수 시켜먹었습니다. 세메뉴 간이 딱 좋았고 부담스럽지 않은 양이었습니다. 재방문 의사 있어요 너뮤 맛있었어요!! 대기가 계속 많아서 미리 대기 걸고 가는게 좋아요!!!,126,TRUE
난포,612314,61,2024.03.11,1번째 방문,예약,"평일에 예약해서 다녀왔어요! 예약하니 먼저 들여보내주고, 주문도 먼저 받고 시스템이 잘 되어있더라구요! 다 너무 맛있어서 다음에는 다른 메뉴 먹어보게 또 갈려구요! 여자 둘이서 3개 메뉴는 조금 아쉽고, 4개는 많더라구요ㅎㅎㅎ",126,TRUE
난포,영족보행,49,2024.02.08,1번째 방문,예약,강된장 쌈밥은 밥이 질어서 별로였어요 다음에 오면 이거 말고 돌문어 국수 시킬 것 같고 감자전은 바삭바삭해서 오감자 맛 나요 묵은지회초밥은 묵은지 맛이 센 게 좀 아쉽긴 하지만 씹을 수록 맛있어서 좋고 음식들이 정갈해서 좋아요,126,TRUE
난포,readygorihe,9,2024.09.09,1번째 방문,예약,성수점은 처음인데 5시 30분에 들어갔는데 묵은지회말이랑 제철회국수가 품절인게 넘 아쉬웠어요 ㅠ 그리고 10분이내 안오면 예약취소되는걸 몰랐는데 1분 늦었다고 예약 취소된게 아쉬웠어요 미리 전화라도 한번 주셨으면 좋았을거 같습니다,128,TRUE
난포,Bum3505,933,2024.03.09,4번째 방문,영수증,너무나 핫한 성수 난포! 태블릿에 번호입력 후 무려 2시간 기다려야하는 엄청난 웨이팅이 있지만 근처에 많은 구경거리가 있으니 ㅎ 시그니처 강된장쌈밥과 들깨국수 그리고 제철회국수 먹으면 기다림의 시간도 다 잊게 되는 마성의 맛집 👍,128,TRUE
난포,눈에띄지않는나그네,2286,2025.08.02,1번째 방문,영수증,점심먹으러 난포에 갔어요~ 문 열기 15분전에 갔는 데 폭염이라 그런지 다행히 줄 서지는 않았어요~ 대표메뉴인 강된장쌈밥을 주문했어요~ 고소하면서도 깔끔해요~ 강된장도 집에서 만든 것처럼 구수하고 좋았고요~ 맛있게 잘 먹었어요~ㅎㅎ,129,TRUE
난포,zl존도히,483,2024.12.20,1번째 방문,영수증,"제철회묵은지말이(14,0) 강된장쌈밥(12,0) 새우감자전(19,0) 제철회묵은지말이 졸라추천합니다 호불호가 있을 수 없는 맛임 새우감자전에 노른자는 조금 터트려서 찍어먹는걸 추천해요 저희는 터트려서 발라놨더니 좀 눅눅 느끼해졌어요",129,TRUE
난포,지니지니집,311,2024.11.02,1번째 방문,영수증,자극적인 맛 없이 깔끔하고 정갈한 한식이라 좋았고 회묵은지말이랑 회국수가 맛있었어요 🤤🤤 유명한 곳이라 웨이팅 있는데 테이블링 걸어두고 데이트 할 때 오면 좋을 것 같아요 인테리어도 음악도 옛날 느낌 (?) 뭐 그래서 신기했어요 😉,129,TRUE
난포,부끄럽,9,2024.04.30,1번째 방문,예약,음식이 정갈하고 깔끔해요! 예약하니 웨이팅 없이 바로 들어가서 예약석에 바로 앉았어요! 음식도 빠르게 나오는 편입니다! 강된장쌈밥도 슴슴하니 맛있고 전복국수도 고소하니 맛나요. 감자전도 건새우 생새우의 감칠맛을 맛 볼 수 있습니다!,129,TRUE
난포,암냠냠01,137,2025.03.01,1번째 방문,예약,5시 살짝 넘어서 도착했더니 웨이팅 40분 이상 걸렸어요 맛이 있긴 했지만 강된장 쌈밤은 너무 간이 싱거워서 아쉬웠어요 밥을 많이 먹는 편이 아닌데도 양이 적다고 느꼈어요 그 외에는 분위기도 좋고 육회묵은지말이는 무난하게 맛있었습니다,130,TRUE
난포,참괜찮은태도,83,2024.07.29,2번째 방문,영수증,"두번째 방문. 다시와도 만족 스러웠다. 모든 메뉴 다 좋았지만, 밥이 살짝 아쉬웠다. 전기밥솥에 하루 정도 있다가 준 것 같은 맛이었다. 어짜피 밥은 국에 말아 먹을거라 크게 문제되지 않지만 조금 아쉬운건 사실! 모든메뉴 추천합니다!",130,TRUE
난포,흑석 짜이,67,2024.04.02,1번째 방문,영수증,평일 점심에 방문했는데도 웨이팅 이빠이. 워낙 유명해서 주말에 방문하려면 한~~참 기다려야된대서 뚜의 바람 2년만에 방문했습니다 🫠 상당히 건강한 맛이었습니다..! 😝 (근데 개인적으로는 기다려서 이렇게 먹어야되나...? 싶은 정도),130,TRUE
난포,요이252,82,2024.08.12,1번째 방문,영수증,특별한 한식이 먹고싶어서 5시 오픈런했어요! 너무나 더웠지만 맛있어서 행복했어요 강된장 맛있고 묵은지회밥은 한입에 넣으니 짭잘한 배추맛이랑 어울어져서 진짜 눈에 하트 나오는 맛이에요 새우감자전도 바삭한게 어린이 입맛인 저희한테 맛있었어요,132,TRUE
난포,눈누야1,15,2026.02.12,1번째 방문,예약,뚝섬쪽 올 때마다 방문하고 싶었던 곳인데 이제서야 와봤어요 간장문어국수도 새콤하고 신선했고 강된장쌈밥은 쌈밥만 먹으면 슴슴한데 강된장과 같이 먹었을 때 조화가 정말 좋습니다! 건강하고 깔끔한 맛이라 부모님이랑 같이 방문해도 좋을 것 같아요,133,TRUE
난포,베이큰,367,2025.06.10,1번째 방문,예약,"밑반찬이 맛있네요 전반적으로 건강한 느낌. 문어간장국수는 좀 짭잘했어요 저는 예약하고 가서 웨이팅은 없었는데, 평일에도 웨이팅이 많습니다 그정도의 맛인지까지는 모르겠는데 너무 기대하고 먹어서 그렇게 느끼는걸수도있고 아무튼 쏘쏘입니다 ㅎㅎㅎ",133,TRUE
난포,캐슬슬,96,2025.11.14,1번째 방문,예약,처음 가봤는데 대부분의 손님들이 다 강된장쌈밥과 감자새우전을 시키네요. 동일하게 2개 메뉴 먹어봤는데 이 두 개는 진짜 괜찮기는 합니다. 안 좋은 리뷰도 있어서 걱정했는데 훌륭했습니다. 스피커 아래 자리만 피하면 자리도 괜찮은 거 같습니다.,134,TRUE
난포,byeol24,32,2024.06.07,1번째 방문,영수증,오픈런 성공해서 한번에 들어갔어요~!! 강된장쌈밥 고소한 참기름과 강된장 그리고 케일쌈 조화가 너무 좋아요!! 제철회묵은지말이도 한입에 쏙쏙 맛나고 돌문어간장국수도 야채들과 함께 짜지않고 맛있습니다~!! 다음엔 새우감자전도 꼭 먹고싶어요~~,134,TRUE
난포,joynpeace,69,2024.08.24,1번째 방문,영수증,정말 맛있네요! 먹으면서 감동이 있을 정도였습니다! 다 맛있었는데 제철회묵은지말이랑 새우감자전이 특히 맛있었고 같이 나온 반찬도 너무 맛있었습니다! 두 명이서 세 개 먹었는데 배도 부르더라구요 분위기도 너무 좋고 음악도 좋고 아주 좋았습니다!,135,TRUE
난포,hie****,19,2024.07.21,1번째 방문,영수증,방금 먹고 나와서 바로 리뷰 써요..⭐️ 두번째 방문인데 저는 너무너무너무너무 맛있어서 남자친구 대리고 왔는데 별로 안 좋아하는 눈치네여.. 맛잇다고 하긴 하는데 야채별로 안좋아 하나바여^^^ 빨간거 시켰다고 앞지마도 주셨어요 감사합니다❤️🤤,135,TRUE
난포,HG9,867,2024.02.24,1번째 방문,영수증,"진~~짜 다 맛있어요. 돌문어간장국수, 묵은지말이, 강된장쌈밥, 새우감자전 모두 다~~ 맛있어요. 단지 아쉬운 것은 양이 좀 작다는거~~ 푸짐하게 먹으러면 N+1 해야 합니다. 웨이팅이 많으니 감안하시고 특별한 건강한 맛을 찾으신다면 추천!!",135,TRUE
난포,sensatiOn,1169,2025.03.31,2번째 방문,영수증,특색있는 메뉴들이 인상적이에요. 특히 동글동글 귀여운 모양의 쌈밥과 강된장이 어우러진 메뉴는 난포의 트레이드마크입니다. 한입 크기라 먹기도 편했어요. 돌문어국수도 상큼하니 맛있었고 육회 묵은지 말이는 생각했던 맛이었고 밥이 조금 많다고 느꼈어요.,137,TRUE
난포,jyh****,4,2024.09.02,1번째 방문,예약,늘 맛있게 먹었고 지인추천도 했습니다~ 음식하나하나 맛도있고 색도 예뻐서 좋아하게 됐습니다 이번에도 새우감자전을 주문했는데 금방구운거같지않게 싸늘하게 식었고 너무 딱딱했어요~ 이전에 먹어봤던거랑 좀 달라서 아쉬웠습니다 다음엔 더 맛나게 해주세요~,137,TRUE
난포,mik****,599,2024.04.18,1번째 방문,영수증,정겹고 친근감들어 대기타다 들어가 대표메뉴 시켯는데 친절하게 먹는법 잘 알려주시네요! 담백하고 깔끔ㆍ저염식이며 소식자들한테 강추하고 싶어요! 저흰 넘 배고픈차에 먹엇더니 순삭🤣 나와서 간식추가해서 먹엇어요! 🤣 난포라는 집 알게되어서 좋앗어요!!,137,TRUE
난포,오기기기기깅,105,2025.07.24,1번째 방문,예약,부모님 모시고 가서 점심 먹었어요 이른시간에도 사람이 많아요!! 음식 간이 안쎄고 슴슴하게 정말 맛있게 먹었어요 ! 음식 4가지 시켜서 먹었는데 쉐어할 수 있는 젓가락이나 집게가 있으면 더 좋을꺼 같아요ㅠㅠ 노랫소리가 좀 커서 대화가 불편했어요 ㅠ,138,TRUE
난포,seny9212,20,2024.07.01,2번째 방문,예약,남편과 소중한 데이트 시간에 종종 찾는데 맛도 좋고 특히 저 장아찌가 짱맛이에요! 전 여기 비쥐엠도 넘 좋아해서 플레이리스트좀 알 고 싶어요🫶🏻❤️ 어릴때 아빠 차 속에서 듣던 노래들이라서요! 맛도 분위기도 넘 좋아하는 곳입니다! 곧 또 갈께요~~,138,TRUE
난포,구의동도도리,676,2024.10.09,1번째 방문,예약,캐치테이블 웨이팅 1시간 반 대기였습니다 ㅎㅎ 미리 원격줄서기 걸어두고 거의 순서 다 되어서 도착했는데도 한참 기다렸어요. 저녁 일곱시 반 넘으니 제철회 묵은지말이 품절..ㅠㅠ 전반적으로 깔끔하고 집밥같은 맛이라 대기시간이 짧으면 와볼만한것 같아요!,139,TRUE
난포,With Respect,235,2024.07.07,1번째 방문,영수증,"음식이 뛰어나지도 않고 - 특히 감자전은 전날 만들어 놓은 것을 해동해서 조리한 것일까?! 충격적인 상태... 비주얼 적으론 괜찮아 보이지만, 인스타 맛집이라는 표현도 아까울 정도의 프로페셔널 함도 없는 서비스의 빅원들 까지 - 환장의 조합 그잡채!",139,TRUE
난포,즐거운일상하루,236,2025.10.20,2번째 방문,예약,음식은 다 깔끔하고 맛있어요 날이 추워서 곰국이 따뜻하니 좋았어요 양은 적은 편이라 여자 둘이 메뉴3개가 적당한거 같아요 좌석사이가 좁아서 좀 불편하고 안이 소란스러워 주문할때나 필요한게 있을때 직원 부르는게 힘들어서 그런 부분이 개선되면 좋을거 같아요,141,TRUE
난포,35347574,19,2025.12.19,1번째 방문,예약,음식이 정말 예쁩니다 대체적으로 다 차가웠어요 밥도 차고 된장도 차갑습니다 ㅎㅎ 원래 그렇다네요 따뜻한 국이라도 쥬셧으면 ㅜㅜ 매장이 너무 춥고 음식도 주먹밥고 차갑고 들기름도 냉면이예요 참고하세요!! 맛은있었어요 추워서 외투도 못 벗고 먹었습니다 ㅎㅎ,141,TRUE
난포,바비예레또,123,2024.06.19,1번째 방문,예약,"너무 유명한 곳이라 예약후 방문했는데, 평일 2시는 굳이 예약 안해도 될것 같아요 제철회묵은지말이,회국수,새우감자전,강된장 쌈밥 4가지 주문했구요 묵은지말이랑 회국수는 다음에도 또 먹을것 같아요 덕분에 아직 만개는 아니지만 소담스런 수국도 봐서 좋았어용",141,TRUE
난포,Luesey,37,2024.11.03,1번째 방문,예약,"캐치테이블 예약해서 조금 기다리고 금방 들어갈 수 있었어요! 외식으로 흔하지 않은 특별한 메뉴에, 건강한 재료들이 사용되어서인지 어르신들도 꽤 있었어요. 회전율이 빠른편이고 음식들이 빠르게 나와서 좋습니다 . 기본적으로 음식을 맛있게 만드시는 것 같아요.",142,TRUE
난포,jung11271,943,2025.09.14,1번째 방문,영수증,"몇 년 전부터 성수 먹킷리스트였는데 웨이팅 엄두가 안 나 못 오다가 이제서야 방문했어요. 주말 저녁 기준 1시간 웨이팅 했습니다. 새롭고 깔끔한 한식 메뉴를 먹을 수 있는 곳으로 간이 세지 않고, 양은 1인분보다 작게 느껴졌어요. 내부 인테리어가 예뻤습니다.",144,TRUE
난포,JOOJOORI,17,2025.03.16,1번째 방문,영수증,한식을 너무 좋아해서 들렀는데 분위기도 조용하고 아늑한 분위기였어요. 정갈하고 신선한 재료들이 눈에 띄는 메뉴들이었어요! 제가 주문한 3가지 음식 모두 너무 맛있었어요. 돌문어 간장국수를 메인으로 묵은지말이랑 강된장쌈밥 곁들여 먹었는데 또간집 할 것 같아요🩵,144,TRUE
난포,광인,113,2025.02.09,1번째 방문,예약,"🥔 먹은 것 - 한우육회묵은지말이 14,000 - 강된장쌈밥 12,000 - 새우감자전 19,000 - 전복들깨국수 16,000 일요일 저녁 5시에 딱맞춰 방문, 10분 정도 기다린 후 들어갔음. 음식 전체적으로 담백하고 맛있는데, 양이 적은 편이라 아쉬움.",144,TRUE
난포,유진5226,979,2024.04.29,1번째 방문,예약,묵은지회말이랑 쌈밥 먹었어요 요기 맛집이라 해서 정말 가고 싶었는데 실망 와르르 진짜 인스타 맛집이고 맛이 없.. 묵은지회말이는 그냥 평범하고요 쌈밥근 걍 밥에 고기아주조금이라 고기맛 1도 안느껴지고 된장도 평범해요 진짜 이해안가요 ㅜㅜ 맛개선좀 해주세요..,144,TRUE
난포,sayproject,15,2024.05.27,1번째 방문,예약,"음식은 나쁘지 않았지만 청결이 신경쓰였습니다. 조리하시는 분들 중 마스크 쓴 직원은 한 분 뿐이었고, 서빙하시는 분들은 얼굴을 만지거나 기침할 때 가린 손을 씻지 않고 음식을 서빙했습니다. 음식을 앞에 두고 직원분들끼리 대화나누는 모습도 좋아 보이진 않았네요.",145,TRUE
난포,wjdals1111,24,2024.10.23,1번째 방문,예약,수요일 늦은 점심 시간이어서 그런지 웨이팅 없이 바로 입장했어요. 주문한 음식들 다 맛있었지만 특히 특 곰국이 좋았습니다. 부드러운 한우도 많이 들어가있고 국물이 깔끔해서 저희 아빠가 맛있게 드셨어요. 가게 내부도 이쁘고 음식이 정갈해서 만족스러운 식사였습니다.,146,TRUE
난포,Em07amelia,655,2025.07.22,1번째 방문,영수증,"음식 맛있습니다! 직원분들도 친절하시고요. 다만 웨이팅 하고 있을 때, 품절된 메뉴를 미리 안내해주시면 더 좋았을 것 같네요. 시그니처 메뉴 먹으러 왔는데 웨이팅 순서 다 기다리고 입장할 때가 되어서야 주문 못 하는 메뉴가 있다고 말해주셔서 조금 당황스러웠습니다.",147,TRUE
난포,young22p,34,2025.03.20,1번째 방문,영수증,"곰국은 간이 안되어있으니 같이 나오는 소금으로 간을 무조건 하셔야 하고요, 묵은지 육회는 괜찮았어요!! 다만 강된장 유명해서 먹어봤는데 강된장이 짭짭해서 같이 나오는 쌈밥이랑 꼭 같이 드셔야할거 같아요 비건이나 쎈간을 원하시는 분들은 조금 속상할 수도 있을거 같아요",148,TRUE
난포,jew****,36,2025.01.07,1번째 방문,예약,음식은 특색있고 맛도 나쁘지 않았어요. 양은 많은 편은 아니에요. 예약을 했음에도 불구하고 체크하지 않으셨고 줄 서 있던 그대로 들어갔어요. 따로 있었던 테이블이 물론 하나이긴 했으나 그렇다고 예약석이 마련되어 있지도 않았네요. 사소하지만 조금 아쉬웠던 부분이에요.,148,TRUE
난포,단퐁,1377,2024.04.21,1번째 방문,영수증,맛있어요. 청모로 갔습니다. 근데 청모하기에는 뽕짝 노래가 너무 크게 틀어져서 귀아팠어요... 그리고 샐러드에서는 날파리 시체가 나와서 음식 교환받았습니다. 바로 교환해주셔서 잘 먹었습니다. 맛 있어요. 청모 같은 것보다는 그냥 놀러갈 때 먹기가 더 좋은 곳 같습니다.,150,TRUE
난포,샤방샤방엘리스,915,2025.04.24,1번째 방문,영수증,서울숲 산책하구 캐치테이블 예약하구 갔어요 강된장쌈밥 케일에 싼 주먹밥 강된장 얹어서 먹었어요 돌문어간장국수 참나물이랑 간장베이스국수랑 잘어울려요 새우감자전 건새우가 들어가있구 채썬 감자에 치즈가 올라가있네요 제입맛에는 조금느끼했어요 전체적으로 강하지않구 슴슴한 맛이네요,151,TRUE
난포,Greenjoanne,258,2025.02.27,1번째 방문,영수증,음식이 정갈하고 깔끔하게 맛있습니다. 푸짐한 양은 아니어서 3인 4접시로 식사를 했고 모두 만족했습니다. 양념조미료 맛이 강하지 않고 밑반찬 짱아찌도 깔끔한 맛이네요. 전복들깨국수가 거의 소스없이 나와 약간 건조해서 호불호가 있었고..육회묵은지말이가 가장 호평받았습니다.,151,TRUE
난포,리뷰쏙쏙,12,2024.08.28,1번째 방문,예약,원래는 웨이팅이 엄청 길다고 들었는데 운 좋게 웨이팅 없이 바로 들어갈 수 있었어요! 주문이 조금 밀려서 그런지 메뉴가 금방 나오지는 않았지만 메뉴가 전체적으로 너무 맛있었고 특히 제철회묵은지말이가 정말 맛있었어요 🥹 직원분들이 친절하시고 매장이 깔끔해서 더 좋았습니다 😍,152,TRUE
난포,Sharonnn,184,2024.03.10,1번째 방문,영수증,유명한 곳은 다 이유가 있네요 강된장쌈밥 문어국수 다 생소하면서 익숙한 느낌으로 맛있었어요 남여노소 불문하구 좋아할 맛이예요 매장에 흘러나오는 90년대 음악들이 어릴적 시골집에 있는 기분이 들게 해줘서 더욱 좋았습니다 웨이팅이 조금만 줄기를 바래봅니다 조만간 또 방문할게요,152,TRUE
난포,heeeeesk,143,2024.09.17,1번째 방문,영수증,아점으로 속편하게 먹을만한집을 찾다가 비주얼도 좋고 평도 좋아 방문했어요 줄서는집인줄은 가서 알았다눈^^ 양이 적긴하지만 간단하게 먹고 디저트먹으러 가기좋은 양인것같아요ㅎㅎㅎ 묵은지회초밥?이 진짜 기대안했는데 너무너무 맛있었어요 쌈밥이랑 들깨국수도 간이 쌔지않아 좋았어요!!,153,TRUE
난포,BINOO,419,2024.04.19,1번째 방문,영수증,금요일날 4시 40분쯤부터 웨이팅했더니 5시부터 바로 입장 가능했어요. 대표메뉴 3가지 주문했는데 양은 적지만 정갈하고 깔끔하니 맛있어요! 개인적으로 제철회묵은지말이&gt;강된장쌈밥&gt;새우감자전 순으로 맛있었습니다~ 가게는 반지하고 인테리어 독특하고 옛날 음악이 나와요.,153,TRUE
난포,suj****,3174,2026.04.18,2번째 방문,예약,메뉴 하나하나 너무 깔끔💕 네이버 예약하고 방문해서 웨이팅 없이 바로 앉았어요😛 배부르게 먹는데 헤비하지 않아서 배도 가볍고 건강하게 먹은 느낌! 너무 맛있어서 다음번 성수갈때도 예약하고 또 방문하려구요💯 반찬으로 나오는 장아찌도 개운하고 너무 맛있어요! 강된장쌈밥 무조건‼️,154,TRUE
난포,김농심,161,2025.09.28,1번째 방문,영수증,간만에 재방문한 성수 오래된 맛집 난포를 남자친구와 방문했어요~! 1시정도에 방문해서 즐겼습니다~! 슴슴한맛이지민 자극적이지 않고 맛있게 잘즐겼습니다:)양은 가격대 비교적 적을 수 있지만 성수맛집을 즐기고 싶거나 좀 특별한 메뉴나 대접하고 싶다면 적합한 장소라 추천드립니다😋👍,154,TRUE
난포,수리수리마수리영역,1731,2025.02.11,1번째 방문,영수증,평일 점심에 갔더니 한산해서 좋았어요 예전부터 너무 가보고 싶었던 곳인데 맛과 양을 생각하면 두번은 못 갈 듯 해요 ㅎㅎ 물론 맛은 나쁘지 않았지만 그렇게 특별하진 않았고 여자 둘이서 두개 먹어도 아주 배부른 느낌은 아니었어요. 직원분들 친절하시고 매장 분위기는 만족스러웠습니다,155,TRUE
난포,먹깨비eeee,70,2024.04.09,1번째 방문,예약,엄마랑 예약하고 난포 이용했어요 현장에서 대기하시는 분들도 엄청 많더라구요 ㅎㅎ 기대했던만큼 맛있었고 좋았어요! 들어온 순서대로 주문 받는 방식도 너무 좋았구요 다만 테이블들이 다 너무 붙어있어서 (칸막이 되어있기는 한지만 그래도 다닥다닥 붙어있어서ㅠㅠ) 대화에 집중은 안되요…,155,TRUE
난포,스밍쓰,2188,2025.02.18,1번째 방문,영수증,"성수 맛집으로 유명하길래 방문해봤어요!🥢 전체적으로 담백한 맛이라, 자극적인 맛 좋아하시는 분들은 아쉬울꺼예요. 전 강된장 쌈밥이 너무 맛있었고🤤 다만 새우감자전은 너무 차갑고 딱딱하고.. 전 요리를 먹는 듯한 느낌이 안들더라구요.. 🙂‍↔️ 딱 한 번 방문해보기 좋은 곳 같아요!",157,TRUE
난포,cch****,23,2025.02.26,1번째 방문,영수증,쌈밤에 밥은 찰지고 맛있었는데 육회에 있는 밥은 딱딱한 밥이였어요 문 앞자리에 앉았는데 아니나다를까 춥더라구요 직원들도 그리 친절한 편은 아니고요 그점이 아쉬웠어요 밥은 딱히 특별할건 없어요 양은 생각보다 많이 적어요 재방문 의사 0입니다. 주문이 거의 해외급이에요 눈마주쳐야 주문해줌,159,TRUE
난포,ryu****,9,2026.04.01,1번째 방문,예약,네이버보고 예약후방문 오픈 4분전 들어가서 앉아있다 쫒겨났어요!!! 11시오픈에들어와야햐다면서 다시나갔다오라고해서 무안도하고 짜증도나고 밖애 다기실도없고 다른곳가려다 시간상 일단다시들어가서 먹긴했네요 직원들몇몇 우르르들어오면서 다시 나가야한다고 어떤 남자분 너무 화냐듯얘기해서 다신 안가요,161,TRUE
난포,veng,17,2025.09.26,2번째 방문,예약,"전반적으로 맛이 좋아서 만족합니다 다만 쌈밥은 안에 고기가 거의 없고 심심하다할까요 묵은지회롤도 밥안에 어떤 소스라도 아님 찍어먹는 소스라도 있으면 어떨까하는 생각이 드네요 심심한 매력도 있지만요, 저희 동료들은 문어간장국수와 새우감자전을 모두 최애로 골랐어요 이두가지가 저도 제일 맛있읍니다",163,TRUE
난포,달보리,743,2025.05.02,1번째 방문,영수증,궁금했던 난포. 드디어 가봤네요. 여러가지 먹어보고 싶었지만 돌문어간장국수랑 한우불고기쌈밥 먹었습니다. 돌문어간장국수 면발이랑 간장소스와 야채의 조화 모든것이 너무 맛있네요. 이거 또 먹고싶어서 다시 방문하고 싶습니다. 불고기쌈밥은 배신할수 없는 맛이죠. 역시 밥이 들어가니 너무 기분 좋았네요.,165,TRUE
난포,Bon Appetit,195,2025.12.31,1번째 방문,예약,"너무추운 영하 10도의 날 예약 11시전 10시 59분에 입장 저지당함. 그 순간부터 여기는 다시는 올 곳이 아니군 생각만이 가득했고, 결국 덜덜 떨며 정확히 1분 30초 후에 입장했는데 음식이 다 식어버릴정도로 매장이 추움. 맛? 아무맛도안남 음식이 한겨울날 빙수먹는 느낌인데 뭔 맛이 느껴지겠음",166,TRUE
난포,hye****,23,2025.02.11,1번째 방문,예약,진마 미친놈이에요 음식이 다 담백하고 맛있음 간이 엄청 쎈 건 아니지만 그래서 더 좋음 묵은지가 짭잘해사 심심하다는 느낌이 안듦 그리고 강된장 쌈밥 진짜 꼭 먹어야함 담백한데 또 된장이 있어서 하나도 안 심심해요 다음에도 진짜 꼭 갈듯 ㅜ 아 그리고 새우전 꼭 시켜야함.. 빠삭빠삭하고 아주 맛있음,166,TRUE
난포,wls1335,257,2024.03.16,1번째 방문,영수증,"두 명이서 주말에 2시간 10분 대기하고 5시 쯤 메뉴 3개 먹었습니다 건강한 한식 좋아하는 분들은 무난하게 드실 맛입니다 직원 부르기가 힘들고 불친절하다, 양이 적고 비싸다, 간이 싱겁다, 음식이 차갑다, 매장이 춥다는 리뷰 평들이 많았는데 왜 그런지는 이해가 갔습니다 재방문은 안할 듯 싶습니다",166,TRUE
난포,Bum3505,933,2025.01.17,6번째 방문,영수증,금요일이지만 평일 저녁이니 웨이팅 시도해봤는데 대기 6팀이라 기다릴만 하다고 판단했는데 생각보다 시간이 오래걸려 약 40분 기다린 듯... 대표메뉴인 강된장 쌈밥은 기본으로 주문 그리고 익숙한 전복들깨국수와 제철회국수는 역시나 굿 초이스! 강된장쌈밥의 크기가 작아진 것 같단 느낌은 나만의 느낌일까?,167,TRUE
난포,KYJ4383,98,2024.03.28,1번째 방문,영수증,제철회묵은지말이/새우감자전/강된장쌈밥/제철회국수 먹었습니다. 음식이 대체로 정갈하고 깔끔합니다. 맛도 괜찮구요~ 오랜만에 건강식 먹은 느낌이에요. 곁들임으로 나오는 고추와 우엉도 맛있습니다. 캐치테이블로 원격줄서기 후 방문하면 대기시간을 줄일 수 있을 것 같아요. 직원분들도 친절하시고 매장도 깔끔합니다.,170,TRUE
난포,용사마사마,1209,2025.06.06,1번째 방문,영수증,방문해서 케치테이블로 예약하고 입장하였어요 5명이라 2명보다는 대기시간이 길었어요! 다행히 다른곳으로 갈까 하고 이동하는 사이에 마침 입장하라고 알람이 와서 드디어 찜해두었던 곳을 가게되었네요! 배는 부르지 않지만 귀한 음식 맛있게 먹고 간 느낌이랄까? 좋았습니다 아이들과 와서 후딱 먹고 나왔습니다 ^^*,171,TRUE
난포,꿍프린,86,2024.10.31,1번째 방문,영수증,꾸준히 인기가 있는곳 같아서 방문했는데 기대를 너무 하고 간건지 기대에 미치진 못했네욤..! 우선 양이 적은 느낌을 받았구.. 기본적인 간이 안되있는것처럼 느껴져서 슴슴한게 아니라 제입엔 그냥 밋밋했습니당..특별한 메뉴를 먹을수있는건 좋았어요. 밑반찬으로 나오는 초석잠을 오랜만에 먹었는데 깔끔해서 좋았어요,171,TRUE
난포,레이나리제이,373,2025.06.07,1번째 방문,영수증,"주말 오픈 10분전에 도착해서 오픈런 성공했어요! 웨이팅은 캐치테이블 원격가능합니다 유명한 곳이라 오기전부터 메뉴를 정해놓고 방문했습니다! 치즈 감자전은 치즈양이 너무 많아서 좀 짠편인대 제철회 묵은지말이, 강된장쌈밥은 슴슴하고 단백한 맛이에요 속이 더부룩 하지 않고 나름 건강식인거 같아 잘 먹고 갑니다:)",172,TRUE
난포,됴구링,190,2025.04.20,1번째 방문,영수증,정말 추천하고 싶은 집이고 웨이팅을 해도 먹어야하는 집인것 같다!! 한식으로 이렇게 데이트 코스로 먹을 수 있는 점이 또 좋았다 맛도 신선도도 너무 좋고 내 원픽은 돌문어 간장국수다 여름철 입맛이 없을때 딱 이 국수 하나 먹으면 입맛이 다 돌아올것같은 느낌!! 다른 음식도 조합이 너무나 좋았습니다🫶🏻✨👍🏻✨,172,TRUE
난포,헤비이터사무엘,446,2024.10.14,1번째 방문,영수증,"정갈하지만 특색있는 한식을 맛볼 수 있는 난포예요! 월요일 저녁 8시에 방문해 웨이팅 없이 입장했어요 돌문어간장국수와 강된장쌈밥을 먹었어요😊 오이, 쑥갓, 취나물, 당귀가 들어간 돌문어간장국수는 정말 향긋했고 문어도 넉넉했어요! 강된장쌈밥은 들기름과 강된장의 조화가 좋았어요😋 유명한데는 역시 이유가 있네요!",172,TRUE
난포,jiniijin,73,2024.01.15,1번째 방문,영수증,"월요일 저녁 늦게 갔는데 웨이팅 없이 바로 입장했어요 제철회묵은지말이 / 전복들깨국수 먹었는데 둘 다 너무너무너무너무 맛있었어요ㅠㅠ 묵은지말이 짭짤하고 들깨국수는 고소해서 조합도 좋았어요 반찬으로 주신 마늘쫑이랑.. 무슨 나물절임?도 넘 맛있어서 다 먹었어요! 담에 무조건 또 올거에요, 완전완전 추천!!!!",172,TRUE
난포,kimtiger0429,247,2024.07.13,1번째 방문,영수증,밖에 나오면 한식 잘 안 먹는데 여기 너무 맛있어요.. 간이 딱 맞고 참기름을 너무 잘 씁니다! 웨이팅이 지옥이긴한데 캐치테이블로 미리 잡으세요.. 그리고 5팀 남았다고 알림 와서 갔지만 앞에서 30분 더 기다렸어요. 근데 기다렸지만 아깝지 않은 맛이었습니다!!!!!! 간장국수랑 감자전 먹으러 또 가고싶어요!,173,TRUE
난포,jen****,13,2026.04.05,1번째 방문,영수증,쌈밥에 육전까지 더해져서 한 끼가 정말 푸짐했어요. 신선한 쌈채소와 고소한 육전의 조합이 생각보다 훨씬 잘 어울립니다. 반찬들도 깔끔하고 전체적으로 집밥 느낌이 나서 만족스러웠어요. 든든하면서도 부담 없이 즐길 수 있는 맛이라 또 방문하고 싶어요. 직원분들도 친절하셔서 기분좋게 식사했습니다. 재방문 의사 200%!,176,TRUE
난포,맹구와코코,463,2025.07.02,1번째 방문,영수증,서울숲역 한식 맛쥡. 한식이 땡겨서 서울숲역쪽에서 찾다가 들어갔어요. 점심 시간이라 손님들도 바글바글 ! 고민하다가 전복들깨국수랑 강된장쌈밥을 시켰습니다 ㅎㅎ 2가지 메뉴 다 간이 쎄지 않으면서 감칠맛이 터지는게 ~ 와… 인기 있는 이유가 있구나 생각했습니다 ㅎㅎ 다음에도 방문할 생각이 있을 정도로 좋았습니다 ㅎㅎ,176,TRUE
난포,츄파춥스90,148,2025.05.13,1번째 방문,영수증,퓨전한식같은… 주문한 메뉴 다 맛있게 먹었어요 다른 메뉴도 맛보고 싶었네요.. 처음 방문이라 양을 가늠못해 인당 한메뉴만 주문했는데… 먹다보니 부족해서 더 시켜먹고싶어지민 추가 주문하기엔 기다리는 시간이 음 ….. 서울숲 다른 곳 구경도 하려면 일어서야 할 시간 부족한 위는 다른곳 디저트들로 채우기로하고 나왔네요~,176,TRUE
난포,jinnnnnnnnnnnni,82,2024.09.25,1번째 방문,예약,친구가 예전에 제철회묵은지말이를 먹어보고 너무 맛있었다고 해서 다시 갔어요 강된장쌈밥도 맛있을 것 같아서 주문하고 제철회묵은지 말이는 두개 시켜서 각각 먹었는데 한가지 아쉬움이 있다면 다른 메뉴도 맛있어 보이던데 너무 밥만 시켰더라구요 하지만 너무 맛있어서 남김없이 먹었다는 사실!!! 재방문 의사 당연히 있습니다 💜,177,TRUE
난포,KUMASSFW,766,2026.05.02,1번째 방문,영수증,"★★★★⭐︎ 건물 외•내부 인테리어도 예쁘고, 흘러나오는 노래가 살짝 레트로 풍인데 좋았네요. 시원한 보리차도 세팅되있어서 마시면서 주문한 메뉴들을 기다리니, 퓨전 한식 느낌의 정갈한 주문한 메뉴들이 나오는데 모두 깔끔하고 자극적이지 않아서 좋았습니다. 식전에 메뉴 먹는법도 설명해 주시고 직원분도 친절하십니다. 🍽️✨",178,TRUE
난포,꾸르맛집탐방가,1214,2025.03.21,1번째 방문,예약,"평일에 미리 예약하고 5시에 딱 맞춰도착하니 대기가 5팀 정도 있더라는! 여자 둘이 가서 한우불고기쌈밥, 제철회묵은지말이, 돌문어간장국수 3개 시켜도 양이 그렇게 많지 않은 편이라 클리어가능!ㅎㅎ 재료가 신선하긴 한데 밥 양이 너무 많아 아쉬웠고 맛은 뭔가 심심하면서 건강한 맛이었다는ㅎㅎ 한 번으로 좋은 경험이었다는..",179,TRUE
난포,비비2929,512,2024.11.03,1번째 방문,,"음식이 오 아주 맛있어!!!까지는 아니고용, 약간 레트로한 분위기 독특한 곳에서 깔끔하고 모던한 한식 먹을 수 있는 곳이에요. 짭잘해서 밥보다는 안주류에 가깝고 새우감자전 다들 많이 시키기에 먹어봤는데 건새우 맛이 너무 강해서 다른 재료 맛이 많이 안나요. 강된장쌈밥이 특별할건 없지만 맛있는 조합이라 제일 많이 먹었어요.",180,TRUE
난포,MoReiSh,1572,2025.10.23,1번째 방문,영수증,"난포👏🏻😋👍🏻 우왕🤩 한입 먹고 ‘와~’ 감탄이 절로 나왔어요! 돌문어간장국수와 강된장쌈밥은 정말 예술작품 같아요👏🏻 간도 딱 맞고, 비주얼도 너무 예뻐서 눈으로 먼저 감탄하고 먹었네요💖 밑반찬으로 내어주신 석잠화랑 마늘쫑도 직접 담그신 듯,맛과 정성이 그대로 느껴졌어요😊 하나하나 정성 가득한 한 끼, 또 방문하고 싶어요✨",181,TRUE
난포,웁스웁슈,864,2024.10.10,1번째 방문,예약,"돌문어 간장국수 정말 맛나요~ 간도 슴슴하니 문어도 싱싱합니다. 제철회묵은지말이, 강된장쌈밥… 다시 먹으러 오고 싶을 정도로 요 3가지는 꼭 드셔보세요. 새우감자전은 생각보다 별로였어요. 건조새우를 써서 그런가 냄새도 나고 계란 수란이라고 하셨는데 차라리 계란을 안 올리는게 난것같아요. 전이 눅눅해 져서 바싹없이 없어집니다.",182,TRUE
난포,동원99,20,2025.01.06,1번째 방문,예약,그냥 대존맛 ㅠㅠㅠㅠㅠ 리뷰 잘 안 쓰는데 넘 맛있고 다음에 또 왔을 때 없어지지 말라고 남깁니다. 그냥 한식 천상계 티어 맛집입니당🥹 쌈밥이랑 묵은지말이는 넘 꼬숩고 신선합니다. 곰국은 맛있는 부위 고기가 두툼하게 들어가 있어서 요 조합이 그냥 아주 미쳤습니다. 사장님 많이 일하고 많이 버셔서 지점 더 내주세요 성수 넘 멀어요😂,185,TRUE
난포,소소한 힐링,529,2024.02.25,2번째 방문,영수증,"제가 제일 좋아하는 성수맛집이에요^^ 오늘도 도착 30분전에 미리 캐치테이블 예약하고 방문했구요, 시간이 잘 맞아서 바로 입장했어요~ 역시나 실내에는 사람들이 꽉꽉ㅋ 늘 먹는 메뉴로 주문!! 그냥 말이 필요없어요~ 건강하게 맛있는 곳!! 퓨전한식 좋아하신다면 방문 필수에요 메뉴들 다 맛있지만, 특히 돌문어간장국수는 꼭 드셔보세요~",185,TRUE
난포,람3610,108,2025.05.21,1번째 방문,영수증,매장이 넓고 쾌적해서 밖에서 웨이팅하다가 앉았더니 천국인 줄 알았어요. 테이블이 넓어서 편했고요. 묵은지말이가 따뜻해서 당황했지만 괜찮았어요. 문어간장국수는 간이 좀 쎄서 괜히 풀을 이만큼 넣어주신 게 아니구나... 싶었어요. 새우감자전은 생각했던 맛이 아니고 넘 쿰쿰해서... 치즈를 그렇게 좋아하시는 분이 아니라면 비추입니다...,186,TRUE
난포,챠클,300,2024.03.28,1번째 방문,예약,엄청 유명한 식당이라고 해서 예약하고 갔어요 평일 애매한 시간에도 사람이 많더라구요 2명이서 2개는 부족하다고해서 3개 시켰는데 조금씩 남길 정도니까 3개 시키는게 배부른 것 같아요 재료도 신선하고 다 맛있었어요!! 겉옷을 걸어 둘 행거도 따로 있어서 좋아요 근데 좌석끼리 다 붙어있고 투명색 칸막이로만 나뉘어 있어서 대화하기 어려워요,187,TRUE
난포,오리의 여행,159,2025.10.17,1번째 방문,영수증,맛은 있었고 직원분도 친절하셨지만 생각보다 아쉬웠어요 1. 기대했던 것보다 매장이 너무 시끄럽고 어수선해서 차분한 분위기에서 식사하긴 어려웠어요. 그리고 테이블 구조가 옆사람이랑 매우 가깝게 앉아있어야 하는 구조라서 편하진 않았어요 2. 메뉴 구성이 생각보다 다양하지 않았어요 슴슴하고 건강한 맛을 좋아하는 분들이라면 좋아하실 것 같아요,188,TRUE
난포,푸들들들,732,2025.03.12,1번째 방문,영수증,평일 점심에 가서 그런가 대기 없이 바로 먹을 수 있어서 좋았어요~ 돌문어 국수는 상큼 새콤하면서 처음 맛보는 냉국수였고 강된장 쌈밥은 한입용으로 먹기 편했어요~ 살짝 짠듯한 느낌이 있었는데 밥이랑 쌈이랑 같이 먹으면 딱 간이 알맞았구 묵은지 회초밥도 생각보다 작았는데 은근히 든든했어요-! 돌문어 국수랑 같이 먹으니 훨씬 더 맛있었어요,188,TRUE
난포,비루세라믹 side account,93,2025.01.13,1번째 방문,예약,"친구가 예전부터 가고 싶었다고 해서 방문하게 됐어요. 제철회국수, 제철회묵은지말이, 강된장쌈밥 주문해서 딱 4만 원 나왔고 배부르게 먹었습니다. 강된장쌈밥이 담백한 편이라 제철회국수 먹기 전에 먹는 게 맛이 더 좋았어요. 전체적으로 사진에 잘 나오게 신경 써주시는 거 같아 좋았고 자리는 만석에 가깝지만 웨이팅 거의 없는 거 같았습니다.",188,TRUE
난포,rarasiha,1080,2025.04.12,1번째 방문,영수증,"왜 리뷰가 호불호인지 이해되었어요 우선 대기가 너무 길었는데요, 맛은 있지만 양이 너무 적다보니 뭔가 기대치를 못 채우는 느낌이에요~~ 양이 조금 더 많던지, 대기시간이 좀 더 짧던지, 그랬다면 아주~~만족하겠지만 대기시간에 비해 양이적고. 맛도 엄청나게 맛있다기 보다는 독특하고 건강한 맛?! .. . . 음 그래서 리뷰가 확 갈리나 봅니다",191,TRUE
난포,쟁이5034,1128,2024.09.08,1번째 방문,영수증,대기가 있는 편이라 방문하시기 전에 캐치테이블로 웨이팅 걸어두시는걸 추천드려요!!! 전은 비추라는 후기가 있어서 강된장쌈밥+ 제철회국수 주문했어요. 강된장쌈밥은 쌈 안에도 묵은지가 들어있어서 너무 고소했고 (강된장 너무 많이 먹으면 살짝 짜더라구요) 제철회국수는 양념도 맛있고 회가 엄청 도톰하고 많아서 너무 맛있었어요!! 잘 먹었습니다 👍🏻,191,TRUE
난포,되 지,845,2025.05.18,1번째 방문,영수증,"한우불고기쌈밥, 한우육회묵은지말이, 전복들깨국수 주문했어요. 그림을 보고 맛있어보이는거만 주문했는데 다 성공이예요.. 특히 한우육회묵은지말이가 정말 맛있었습니다. 그리고 쌈밥도 난포의 시그니처메뉴인만큼 독특하고 건강하게 맛있었어요. 웨이팅 있는걸 알아서 가기전에 캐치테이블로 지하철에서 웨이팅 걸어서 이용했습니다! 성수 점심맛집으로 추천합니다!",192,TRUE
난포,골해,869,2024.03.27,1번째 방문,영수증,날씨가 흐린 수요일에 방문했어요. 5명이서 방문했는데 운좋게 캐치테이블 웨이팅이 없었습니다.(캐치테이블 5시반부터 가능) 6시쯤 도착해서 운좋게 6시 20분에 착석했어요! 워낙 양이 작다는 후기를 많이 들었지만 진짜 작아요 ㅋㅋㅋㅋ 면은 솔직히 별로였고 케일쌈밥이랑 감자전은 맛있었어요! 근데 평소 2시간씩 기다리며 먹을정도는.........?,192,TRUE
난포,유진스 zero2yujeans,401,2024.05.30,1번째 방문,영수증,예약 후 다녀온 난포❤️ 퓨전 한정식이라고 해서 너무너무 기대가됐어요. 결과는 완전완전 대만족입니다. 메뉴 하나하나 재료가 너무 신선하고 특별해요. 맛도 맛이지만 음식의 색감도 너무 이뻐요! 양이 많지 않다고해서 유명한 베스트 메뉴 3개를 주문했는데 딱 좋았어요. 딱 든든하게 배부른 정도였습니다. 매장 분위기도 너무 좋고 추천하는 한식당이에요👍,193,TRUE
난포,유이유니,54,2024.06.04,1번째 방문,예약,"난포 가려고 줄섰다가 인기가 많아 2시간 기다렸던 기억이 나서 무조건 예약해봤어요. 일단 같이 간 사람들 너무 다 만족했고요, 음식맛은 정말 정갈하고 맛있습니다. 남자들은 양이 조금 부족한것 같아서 하나 더 시켜 먹었어요. 나중에 배달이 되는걸 알고 배달도 또 시켜먹었네요. 왜냐하면 너무 맛있으니까!! ㅠㅠ 줄서서 기다려 먹는 이유가 있어요 ㅠㅠ",194,TRUE
난포,chl****,253,2024.07.19,1번째 방문,예약,예약했는데도 4인석은 절대 불가라고 해서 바 자리 앉아서 불편했는데 예약 안하고 나중에 온 2인 손님은 4인석에 앉혀서 기분이 썩 좋지 않았어요. 체계적으로 하는 듯 보이나 만석이 아닌 경우인데도 먼저오고 예약한 손님이 불편함을 겪는 것은 불합리적인 것 같네요. 결국 나올때까지 자리가 남아있고 바 테이블은 저희를 제외하고 아무도 앉지 않았습니다.,194,TRUE
난포,주디현스토리,696,2024.03.18,1번째 방문,영수증,"🥬 서울숲 건강 맛집, 음식 전체적으로 담백 ✔️ 캐치테이블, 네이버 예약 가능 주차불가라 서울숲 주차장에 주차하고 걸어감, 도보 10분 정도 ✔️ 평일 11시에 딱 도착하니 10번째 입장, 대기표 번호 순서대로 주문받음 ✔️ 개인적 순위 :제철회묵은지말이&gt; 강된장쌈밥 &gt;&gt; 돌문어간장국수 싱싱한 회와 묵은지 조화가 좋았다 양 적음..",196,TRUE
난포,피너츠52,11,2025.02.05,1번째 방문,예약,"음식은 대체로 맛은 있었습니다! 날씨가 너무 추운날인데, 예약을 하고도 기다리라는 말에 약간 이해가 안됐네요..물론 직원분이 날씨 이야기 하시면서 들어오라 하시긴 했는데.. 그런데다가 예약 자리가 스피커 옆인지라 음악은 크게 트셨는지.. 말소리가 안들려서 줄여달라 했습니다! 사장님이 70,80 음악을 좋아하시는지는 모르겠는데.. 음악선정도 아쉬웠오요!!",198,TRUE
난포,못말려,252,2024.06.24,1번째 방문,영수증,"평소 웨이팅이 긴 맛집인데 평일이라그런지 15분정도 기다렸다 들어갔어요. 제철 회국수. 회묵은지말이, 새우감자전 이렇게 먹었는데 회국수 새콤하니 맛있게 잘먹었구, 묵은지 말이에 꽂혀서 간곳인데 그닥 특색있게 맛있는건 잘모르겠지만 맛있어요...ㅎㅎ새우감자전은 차가웠는데 엄청 바삭하니 먹을만했어요ㅎㅎㅎ근데 앉은자리에서 무슨 냄새가 나는거같아 아쉬웠어요ㅠ0ㅠ",198,TRUE
난포,매력투성이,85,2024.06.23,1번째 방문,영수증,강된장 쌈밥시킬까말까고민햇는데 안하길 잘한거같아요. 후기가좋아서 한껏기대햇는데 실망햇어요. 전복들깨국수는 김맛이 너무많이낫고 간장문어국수는 당귀나물이 들어가서 그향 좋아하시는 분들은 아주 심심한 맛으로 괜찮을듯 묵은지제철초밥은...그냥 아는 묵은지맛 묵은지가 좀 짯어요...저희한테는 정말 그저그랫어요 후기안쓰는데 ..... 좀 아셔야할서같아서 써밧어요.,198,TRUE
난포,혼자서도잘먹어요,615,2025.03.09,1번째 방문,예약,주말 열한시반에 도착해서 7번 받았고 10분 내 입장했습니다 여기 3분 안에 도착해야되더라구요ㅜ 5번째면 식당 앞에 오는게 좋을거같아요 ! 주방 바로 앞 다찌석에 앉아서 주방 보는데 얼마나 군침이 돌던지 음식 기다리느라 목 빠지는 줄 알았어요ㅜㅜ 음식은 엄청 존맛! 이건 아닌데 삼삼하니 계속 생각날 맛이고 성수 근처 살면 자주 먹으러 올 거 같은 맛이었어요,200,TRUE
난포,ahehohh,30,2026.04.04,1번째 방문,영수증,"난포 성수 다녀왔는데 음식 맛이 전체적으로 깔끔하고 만족스러웠어요. 특히 간이 과하지 않아서 부담 없이 계속 먹기 좋았고, 메뉴 하나하나 퀄리티가 느껴졌어요. 직원분들도 처음부터 끝까지 정말 친절하게 응대해주셔서 기분 좋게 식사했어요. 메뉴 설명도 자세하게 해주시고, 필요한 것도 먼저 챙겨주셔서 편했어요. 맛이랑 서비스 둘 다 좋아서 재방문 의사 확실히 있어요",202,TRUE
난포,소소한 힐링,529,2024.10.16,3번째 방문,영수증,"오랜만에 난포♡ 미리 캐치테이블예약하고 와서 5분정도대기하고 입장했어요 난포오면 국수는 무조건 먹어야죠~ 오늘은 제철회국수와 새우감자전, 제철회 묵은지말이!! 회도 쫄깃싱싱하고 양념과 잘 어우러져 맛있어요 별미감자전도 노른자에 찍어먹으면 고소함이 2배ㅋ 제철회로 만드는 묵은지말이는 올때마다 올라가는 회가 달라져서 더 매력적이에요♡ 오늘도 배빵빵하게 잘먹었네요!",202,TRUE
난포,샴비,2335,2024.12.08,1번째 방문,영수증,"ᴍ ᴇ ɴ ᴜ 제철회국수(14000) + 제철회묵은지말이(14000) + 강된장쌈밥(12000) // 묵은지말이 진짜진짜진짜 제 최애에요,,, 너무 맛있게 먹었어요ㅠㅠ 회국수도 맛있었고 강된장쌈밥고 맛있었습니다~~ 1인 1메뉴 시키면 양은 좀 적어요,,,! 다 먹고나면 에피터이저 먹은 듯한 기분입니다ㅎㅎ 메뉴 좀 더 많이 시킬 걸 그랬어욥 묵은지말이,, 강추,,♡",204,TRUE
난포,Nadiya94,642,2024.05.04,1번째 방문,예약,"캐치테이블 원격 가능해요. 하지만 도착시간과 맞추기 어려워 결국 한시간 넘게 기다렸어요ㅠ 2020년에 방문했던 것 같은데, 그 때보다 테이블이 늘어난 건지, 내부가 정말 시끄러웠어요. 음악도 잘 안 어울려요. 강된장쌈밥 맛있고, 제철회묵은지말이 제일 맛있고, 돌문어간장국수 괜찮고, 새우감자전은 괜찮은데 구운지 오래된 느낌 났어요ㅠ 너무 시끄러워서 다시 못 갈 것 같아요.",208,TRUE
난포,멍게소라,561,2025.12.09,1번째 방문,영수증,"성수동에서 찾은 인생 한정식 맛집! ✨ 웨이팅 감수하고 들어간 난포 성수는 기대 이상이었어요. 분위기부터 음식까지 '정갈함' 그 자체! 특히, 시그니처 메뉴인 강된장쌈밥은 짜지 않고 구수한 깊은 맛으로 속까지 편안하게 채워주고, 제철회 묵은지 말이는 톡톡 튀는 신선함으로 입맛을 돋우는 별미였어요. 🤤 데이트 코스로도 완벽하고, 부모님 모시고 오면 칭찬받을 💯 점짜리 맛집 인정!",212,TRUE
난포,h2****,16,2025.12.20,1번째 방문,영수증,"오늘은 성수에 있는 ‘난포’에 방문했습니다! 매장 분위기는 따뜻하고 적당한 밝기로 아늑한 느낌이었습니다! 음식은 회국수와 곰국, 강된장 쌈밥을 먹었는데요! 회국수 회가 두툼하니 씹는맛이 정말 좋았고 곰국에 고기도 부들부들 해서 좋았습니다! 강된장쌈밥은 연잎이 되게 부드럽게 쪄져서 좋았고 자극적이지 않은 슴슴하고 부드러운 강된장이라 크게 호불호 없이 드실만한거 같았습니다! 잘먹고갑니다~~",217,TRUE
난포,안녕쇼니,65,2025.12.25,1번째 방문,예약,두번째 방문! 처음 왓을 때도 분위기와 맛에 만족했는데 두번째도 만족! 곰탕도 온도도 딱 좋고 깊이감 있어서 맛있었어요 묵은지회말이였나 그건 언제먹어도 맛있네요 식감고 좋고 회도 두껍고 묵은지도 간이 딱 좋은! 먹다 들깨국수 시켰는데 맛은 있는데 제 취향은 아니였던거 같아요 ㅎㅎ 저는 더 진하고 녹진한걸 좋아해서~ 국수는 비빔회국수가 더 맛있었던듯! 다음엔 또 새로운 메뉴 먹어보고 싶어요,218,TRUE
난포,EE74,19,2024.09.25,1번째 방문,예약,예전엔 정말 오래 기다려서 맛있게먹었는데 간만에 방문하니 뭔가 맛의 완성도가 떨어진 것 같아요 특히 저 감자전이 제일 문제였는데요. 너무 오버쿡되어서 바삭이 아니라 딱딱하고 위에 올라간 치즈도 자연스럽게 녹아 전과 어우러지는게 아니라 굉장히 따로 놀고 텁텁하고 파우더리해요. 구워놓은지 한참된 전에 뒤늦게 치즈랑 수란만 올려주시는게 아닌가 싶어요. 좋아하던 식당인데 솔직히 이번은 아쉽습니다,218,TRUE
난포,v예쁘게 사랑스럽게v,809,2025.10.24,1번째 방문,영수증,기본 웨이팅 ..있고요~ 저희는 오픈런 ..30분 전 부터 기다렸다가 오픈하고 예약 자들 순으로 들어가고 들어갔어요~ 예약은 미리 하는게 좋을것 같아요~ 당일 예약 안되구요~ .. 들어가자마자 ..주문을 했고 ..주문 하고 얼마 안되서 음식이 나오더라구요~ 너무 좋았어요~ 둘이갔지만 ..메뉴 4가지 주문해서 먹었구요 ~ 음식이 전체적으로 짜지 않아서 너무 좋았어요~ 미리 예약 하고 가세요~,219,TRUE
난포,동화책35,37,2024.05.01,1번째 방문,영수증,"돌문어간장국수 간장베이스에 새콤한 맛이 제일 맛있었음. 제철회김치말이랑 된장쌈밥은 평범했음. 특히 된장쌈밥은 머위나물인 줄 알았는데 케일인 듯함. 부모님이나 외국인 친구랑도 많이 오시는 것 같았음. 매장에 옛날 노래도 나오고, 담금주도 전시되어 있어 할머니집 같은 느낌이라 친근하고 좋았음. 다만 웨이팅 엄청 많아서 기다렸다가 음식 먹으면 감동할 정도는 아닌데 실망할 정도도 아닌 건강한 음식 맛임.",223,TRUE
난포,알로그달로그,104,2024.03.20,1번째 방문,예약,"유명한 성수 난포. 평일 예약이 가능해서 다녀왔어요. 묵은지 제철회와 문어국수, 새우 감자전 2명이서 3개 메뉴 먹었고 메뉴 하나하나 다 맛있었어요 왜 유명한지 이해되는 맛..! 다만 음식 양은 솔직히 작아요. 가격 생각하면 정말 작은편. 더불어서 묵은지 제철회라고 되어있었는데 회가 어떤건지 알 수 없어서 고것이 조금 아쉬웠습니다. 좌석도 바 테이블 쪽 아니면 다닥다닥 앉아야 해요. 비싸고 맛있는곳~!",226,TRUE
난포,얼그레이티라떼,218,2024.09.29,1번째 방문,영수증,"저번에 웨이팅,3시간 걸렸음에도 앞에서 마감시간 걸려서 결국 못먹었는데,이번엔 캐치테이블로 두시간 웨이팅걸려서 몇가지 메뉴품절걸리고 마감시간 직전에 겨우들어감.. 맛은 그다지?굳이 이정도 일까 싶은정도 면도 금방 불고 간도 짜도 그냥 그럼 . 지방에서 올라와서 같이 오래기다린 친구도 있었는데.그리고 노래가 ..영상에 나오는 거처럼 오래된 음악이 나오는데 개인적으로 저시대 유년기를 지나서 그런지 별로 안좋음",228,TRUE
난포,마라와탕,131,2024.11.29,1번째 방문,영수증,금욜 저녁에는 웨이팅이 없어서 바로 들어갔슴니당! 테이블이 서로 붙어 있지만 커서 밥먹기 편해요~ 기본 한식메뉴에 깔끔하고 간이 쎄지 않아서 건강하게 먹은 기분이 들었어요~! 회국수는 면이 쫀쫀?하고 매콤한데 회가 많이 들어가서 좋았습니당💖 맛있어 보이는 메뉴가 많아서 고민하다가 쌈밥이랑 회국수 시켰는데 솔직히 엄청 특별한 맛은 아니었지만 정갈하고 건강하게 먹은 기분이 좋아서 곰국 먹으러 다시 가보고 싶긴해요!,231,TRUE
난포,멜크98,61,2024.11.23,1번째 방문,예약,"성수오면 난포 1순위로 웨이팅하는데 항상 실패하고 다른데 가다가 드디어 웨이팅 성공✨💛 사실 퓨전한식 당연 맛잇을거라 생각했지만 메뉴 구성이 다양해서 그 점이 제일 좋앗어요 &gt;&lt; 두명이서 메뉴 4개 시켰는데 나눠먹으니까 안질리구 끝없이 들어가더라눈 ,, ㅎㅎ 애매한 시간대에 방문했는데 저녁되니까 분위기가 무드잇게 바뀌어서 다른 가게인줄 아랏어요핳ㅎ♥️ 담주에 또 성수약속인데 또 웨이팅 성공해쓰면 ^_^",232,TRUE
난포,ㅈㅎ42,13,2026.02.08,1번째 방문,영수증,"음식은 맛있고 괜찮았으나, 수저 연마제가 덜 닦여있었고 음식을 다 먹은 후 손가락에 까매져 알게 됐습니다. 이후 계산하면서 직원한테 말했더니 ""미리 말해줬으면 바꿔줬을텐데... 죄송하다""라는 말만 하고 본인 할 일을 하러 가셨습니다. 덕분에 밥먹은 후 입가에 트러블이 올라왔네요; 웨이팅도 배달 주문 받는다고 테이블도 못치워서 추운날 밖에서 오래 기다렸습니다. 음식은 괜찮았으나 외에 서비스적인 측면은 최악이었습니다.",233,TRUE
난포,고피치햄,330,2024.04.26,1번째 방문,영수증,"워낙 유명한지라 한번쯤 와보고싶었어요😀 강된장쌈밥, 돌문어간장국수, 제철회묵은지말이 먹었습니다! 대기는 6시부터 약 1시간정도 했어요. 이왕 기다린거 메뉴2개는 아쉬워서 3개시켰는데 양이 많은편은 아니라서 2개시켰다면 모자를뻔했어요😂 저희는 여자2이었지만 남성분이 있다면 그래도 3개는 시켜야하지않을까! 유명한만큼 깔끔하고 맛있었어요. 흔하지않은메뉴라 신선했고요. 세 메뉴 다 맛있다고 생각했습니다. 기다렸던정도만큼요😀😀",235,TRUE
난포,유연007,186,2024.03.21,1번째 방문,영수증,"갈 때마다 많이 기다려야되고, 어떤 날은 브레이크타임 걸려 기다리다가 못먹는 날도 있는 난포. 기다림이 기본 1시간인데, 오늘은 캐치테이블로 미리 예약하고 와서 30분 가량 기다렸네요. . 깔끔하고 간이 쎄지 않아 넘 좋아하는 성수 맛집이에요. . 특히 강된장쌈밥은 최애메뉴. . 신랑은 기다리는 것 싫다고 오늘이 마지막이라고, 이제 그만가겠다고 하는데, 데코가 이쁘고, 맛은 슴슴한 강된장쌈밥이 생각나면 또 갈꺼에요! !",236,TRUE
난포,콩콩몬,62,2024.04.05,1번째 방문,영수증,"인기있는 이유가 있더라고요! 정말 맛있어요~ 시그니처 강된장쌈밥도 넘 맛있고, 돌문어간장국수 다시 또 먹고싶네요! 금요일 저녁에 갈 경우, 브레이크타임 끝나는 시간에 맞춰서 가면 좋아요! 사실 그 전부터 미리 기다리는 줄이 있는데 5시에 갔을 때, 캐치테이블 등록하고 주변 돌아다니다가 1시간 정도 후인 6시에 들어갔어요! (17시에 저녁타임 시작하고, 온라인 캐치테이블은 17:30에 오픈해서 웨이팅 걸려면 직접가는게 좋아요)",239,TRUE
난포,한식 조아하는 커비,19,2024.12.11,1번째 방문,예약,"강된장쌈밥에 혹해서 들어갔는데 제철회묵은지와 돌문어간장국수에 빠져버렸다 ....❤️ 갠적으로 강된장쌈밥은 기대를 많이 해서 그런가 좀 아쉬운 삼삼한 맛이었고, 돌문어간장국수는 입맛 없을 때 먹으면 미친듯이 입맛 돌게 할 맛이에요!!! 제 남자친구는 간장국수가 가장 맛있었다고 하네용ㅎㅎ 전 간장국수도 너어어어무 좋았지만! 회러버로서 제철회묵은지 강추합니다!💕 (**강된장쌈밥 2개 이미 먹은 사진입니다! 너무 배고팠어요 ....😂)",241,TRUE
난포,오리오리오리꽥꽥,346,2024.03.25,1번째 방문,예약,늘 인기 상위 랭킹이라 궁금했는데 정말 맛있었어요~! 음식에 대한 새로운 길&amp;고민과 철학이 고스란히 담겨진 느낌. 새우감자전은 필수 인듯합니다.! 동서양의 만남 새우와 감자의 만남! 회묵은지말이 깔끔 . 들기름막국수도 괜찮지만 다음엔 이조합에 돌문어굳수를 함께 곁들이고 싶네요. 모든 음식이 중상이상 다른조합 다른메뉴 궁금해서 또또또 가고픈 곳입니다. 비오는 월요일 점심이라 캐치테이블로 20분전에 예약해서 바로 입장했습니다.,242,TRUE
난포,Rey8881,35,2024.11.14,1번째 방문,영수증,"메뉴에 음식에 어떤 내용이 들어간지 기재가 안되어있고, 서비스도 엉망입니다. 다시는 방문하지 않고싶습니다. 국수의경우에는 딱딱한 무언가가 씹혔으나 그부분도 확인이 안됩니다. 최악의 식사였습니다. They don’t describe the ingredients of the dishes and the customer service is very awful. Do not recommend this restaurant for anyone.",243,TRUE
난포,dcdrx,366,2025.04.26,1번째 방문,영수증,"웨이팅이 엄청난 가게예요,, 저희가 오픈과 동시에 6번째로 웨이팅 걸었는데 1시간 넘게 기다린 끝에 입장했고, 저희 뒤에 50팀 이상 대기가 걸렸더라고요ㄷㄷ 원래 기다려서 먹는 타입은 아니지만, 친구가 궁금해해서 가봤습니다! 가격이 꽤 착했고, 메뉴가 독특해요! 개인적으로 강된장쌈밥이 정말 맛있었어요!(나머지 메뉴는 그닥,,) 웨이팅이 워낙 길다보니 후딱후딱 먹고 나오게 되더라고요ㅎㅎ 막 엄청 기다려서 먹을 정도인가...?는 모르겠어요!",246,TRUE
난포,kkim 간다,2367,2024.04.04,1번째 방문,영수증,조용필 노래 너무 좋지만 시끄러웠음 ㅠ 묵은지 제철회말이는 나의 최애음식임에도 불구하고 묵은지가 조금 간이 쎈편임 비주얼이 제일 맘에 들었던 강된장쌈밥이 제일 맛이 없었고 새우감자전이 제일 맛있었음!! 3명이서 갔는데 3명 의견 동일 ㅋ 바삭하고 고소하고 트러플인지 고르곤졸라인지의 풍미가 아주 좋네요 ㅋㅋ 웨이팅 45분 정도 했는데 캐치테이블이 되어서 성수골목 구경하느라 시간보내서 다행이니... 웨이팅해서 먹을 맛은 아니란 생각이... ^^,248,TRUE
난포,달콤한좋은꿈,991,2025.04.12,1번째 방문,영수증,예전에 가려다 브레이크타임으로 실패한 난포 캐치테이블로 웨이팅했으나 대기3번째 알림받고도 앞에서 40분 대기... 특히나 4인석이 적어서 늦게 빠진다 퓨전 한식답게 깔끔하고 쌈밥이 여러종류 새로나온 육회쌈밥도 먹고 제철회쌈밥과 강된장쌈밥까지 순삭 맛은 슴슴하나 건강한맛이었네요 새우감자전은 기대보다 식어서 나와서 더 따근하고 빠싹했슴 더 맛있었을거 같아요 쌈밥과 국물이나 소스가 함께 있어도 좋겠다 싶었네요 기다린 보람은 있는 맛있는 점심이었어요,249,TRUE
난포,ruask,169,2024.11.10,1번째 방문,예약,"주말 점심 캐치테이블 등록해서 2시간정도 기다렷습니다 ㅠㅠ 2인으로 예약하면 비교적 빨리 빠지는것 같은데 4인은 좀 더 오래걸리더라구요 !! 왜 유명한지 ,, 알겠는 맛 ,, 맛있었어요 ! 호박잎 특유의 향 때문에 별로 안좋아했는데 여기선 정말 맛있게 먹었어요 !! 장아찌를 직접 담그시는것 같은데 음식이랑 잘어울리구 맛있었습니다 !!!! 한번쯤 가는거 추처ㄴ ~ 웨이팅은 어쩔수 없는 일이지만 아쉬운건 가격 대비 양은 작아요 ㅠㅠ 한번쯤 먹어볼만한듯해요 ~",256,TRUE
난포,쭈니1323,356,2025.02.03,1번째 방문,영수증,오늘은 독서모임하는 날 성수동에서 만나기로 했는데 멤버중 한사람이 추천해준 난포에서 만나기로 했어요. 평상시 줄서서 먹는 곳이라 걱정하고 갔는데 날이추워서 그런지 대기손님 없이 바로 입장했습니다. 5명이라 칸막이 빼고 만들어 자리 만들어주네요 종류별로 주문해서 같이 나눠 먹기로 했어요 기존 한식집에서 볼 수없는 세팅으로 음식을 눈으로 먼저 먹고 사진 찍고 하나씩 맛 보았습니다. 식감도 좋고 맛도 좋네요~ 양이 적어보였는데 먹어보니 든든하네요^^ 잘 먹었습니당 ~,260,TRUE
난포,여행 맛집 그리고 일상,745,2024.05.13,1번째 방문,예약,"성수동 맛집 난포 서울숲와서 오전 커피한잔하구 점심으로 난포 픽 대기하구 20분정도 지나서입장 6번째 월요일 2시20분정도 예약. 강된장쌈밥, 전복들깨국수, 제철회묵은지말이 주문. 맛은 있습니다. 개인적으로 묵은지회말이 하고 전복들깨국수가 좋았어요. 강된장은 맛이 씀씀해서 반찬없으면 조금은 . 전복들깨국수도 많이 먹으면 조금 느끼 그래서 제철묵은지회말이 같이 먹으면 좋을듯. 서울슾 맛집 난포 다음에 오면 묵은지와 다른메뉴 2개시킬듯. 식사후 서울숲 걷기 좋아요.",260,TRUE
난포,di****,652,2024.04.11,1번째 방문,예약,간이 쎄지 않고 전반적으로 깔끔한 맛입니다! 예약 없이 오기는 많이~ 힘들것 같아요 2시 예약이어서 1시 50분쯤 들어갔고 2시 15분 좀 더 넘어서 음식 나왔어요 음식이 늦게 나오는 건 괜찮은데!!! 저희 보다 늦게온 테이블들이 계속 음식이 나오더라구요?... 화구가 두개 뿐이라 양해 부탁 드린다고 했지만 같은 메뉴 구성이라서 계속 쳐다봤그든요... 앞뒤로 늦은 사람 새우전 다 나올때 저희만 늦게나옴... 시간적으로 여유있게 기다리실 수 있는분만 추천합니다...^^...,266,TRUE
난포,혜코21,5,2024.10.24,1번째 방문,예약,"성인 세 명에서 위 사진+한우수육 주문했습니다. 아기 두 명도 같이 가서 적당한 자리로 예약해주셨고 친절하게 안내받았어요. 음식이 모두 슴슴해서 제 입에 맞았어요. 소스나 찍어먹는 장류를 요청드렸는데, 묵은지와 나오는 찬과 함께 드시라고 권유하시더라구요. 그렇게 먹으니 조합이 딱 좋았어요!(그럼에도 불구하고 저는 새우감자전은 딥핑할 소스류가 있으면 좋겠다고 생각하긴 했습니다 ^^) 양은 많지 않지만 맛있고 기분 좋은 한끼 식사였어요! 화장실 세면대가 막혀있어서 난감했어요 ㅎㅎ",268,TRUE
난포,잊우이,243,2024.12.29,1번째 방문,예약,"예전부터 유명하던 난포!! 드디어 갔어요!! 1시간 이상 기다렸는데 ,,,,,, 음식들은 기대처럼 맛있었어요! 돌문어국수??? 와 소스 진짜 맛있어요. 묵은지회초밥(?)도 맛있고 시그니처인 강된장쌈밥도 맛났어요 ♡ 다만 양이 전반적으로 적었어요 ㅠㅠ 둘이서 3개 먹었는데도 배가 안 차는 ,, 🥹 강된장소스도 더 넣어주시면 좋을것같아요 ㅠㅠ (뜨거운 소스로...!) 그래도 정갈하고 깔끔하게 한 끼 먹을 수 있어서 좋았고, 외국인분들도 많더라구요!!! 한식의 위대함!!! 잘 먹었습니당 ㅎㅎ",274,TRUE
난포,양성길의세계여행,1522,2025.11.20,1번째 방문,영수증,"요즘 뜨거운 바람이 부는 성수동에 다녀왔어요. 골목마다 따뜻한 불빛이 번지고, 사람들의 웃음이 흐르는 그 거리에서 문득 ‘기억에 남는 한 끼’를 찾고 싶어졌죠. 그래서 네이버 플레이스로 슬쩍 검색해 보니 난포라는 식당이 눈에 들어오더라구요. 괜히 마음이 끌려 들어가 봤습니다. 곰국, 제철회 묵은지말이, 강된장쌈밥을 주문했는데… 와, 한입 먹자마자 미소가 절로. 정성 가득한 맛이 속을 따뜻하게 채워줬어요. 성수동에서 편안한 위로 같은 한 끼를 원하신다면, 난포를 정말 강력하게 추천드립니다.",275,TRUE
난포,라온Amy,124,2025.06.22,1번째 방문,영수증,"점심시간쯤 도착했는데 웨이팅도 길지 않아 금방 들어갈 수 있어 좋았고 음식도 정갈하게 잘 나와 보기도 좋더라고요.. 시각적인 것보다 음식맛은 조금 부족했지만요^^"" 한우묵은지말이는 신김치의 신맛이 강해서 육회의 고소한 맛이 느껴지지 않았고, 강된장은 짜지 않아 먹기는 편했지만 쌈밥에 참기름향이 좀 강했어요.. 개인적으로 새우감자전은 수란에 찍어 먹는 것보다 그냥 먹는 게 더 고소하고 좋더라고요.. 비주얼이 너무 좋으니 음식맛에 기대가 커져서 저는 식사하는 동안 아쉽다는 생각이 들었네요..",275,TRUE
난포,wldkekd0115,119,2025.03.12,1번째 방문,영수증,"1.제철회묵은지김치:회 푸석함, 밥에 간 하나도 안되어있고 밥양 비중이 너무 높음, 목막힘 2.새우감자전:바로 조리한게 아니라 미리 해놓은듯,기름범벅 느끼함 3.강된장쌈밥:밥에 간 하나도 안되어있고 밥양 비중이 너무 높음,넓은 접시에 강된장 양도 적어서 금방 식어 차가움 결론: 인스타 사진찍어 올리기 위해 한번정도는 가볼 수 있지만 가격대비 맛이 최악이며 밥 양이 많아 배는 채울 수 있을 것 같음. 노래는 8090세대 노래 나와서 물음표이긴 하고 너무 크게 틀어서 귀아픔, 다시는 안갑니다",275,TRUE
난포,its****,24,2025.08.29,1번째 방문,예약,"오늘 특별한날 기념하기 위해 남편과 방문했습니다. 주말과 저녁시간이 아님에도 매장내 손님들이 많은 편이었습니다. 2인 3메뉴 시켰는데 양이 딱 맞았습니다. 만약 술과 함께 드신다면 1인 1메뉴가 적당할 것 같습니다. 음식 모두 정갈하고 맛있었습니다. 건강하고 산뜻하여 남녀노소 가리지 않고 모든 사람이 잘 먹을 수 있는 음식이었습니다. 좋은 곳, 좋은 음식을 보면 내 가족 내 지인에게 소개해주고 싶은데 난포가 딱 그런곳이네요. 다음번에 다른 메뉴들도 맛보러 재방문하겠습니다. 잘먹었습니다 ☺️",276,TRUE
난포,JO기자,291,2024.04.12,1번째 방문,주문,"평일 오픈런했는데도 사람이 많더라구요 첫 타임에 못들어가고 대기 5번이여서 금방 빠지겠거니… 하고 근처에서 서성였는데 40분이나 기다렸.. ㅎㅎㅎㅎ 첫타임에 못 들어가면 기본 40분 정돈 생각하셔야 하나봐요~ 그렇게 어렵게 들어가서 강된장쌈밥 주문! 찰기있는 쌈밥에 강된장 스르르륵 야무지게 비벼 먹었어요 ㅎㅎ 간도 세지 않은데도 감칠맛이 있어서 맛있게 먹었구요, 반찬도 자극적이지 않은데 쌈밥이랑 너무 잘 어울려서 리필까지 맛있게 먹었습니당! 물까지 맛있는 이곳! 다음엔 다른 메뉴도 먹고 싶네요!",279,TRUE
난포,밀2176,603,2024.05.21,1번째 방문,영수증,"전복 들깨 국수, 돌문어 간장국수, 강된장 쌈밥, 새우감자전, 제철 회 묵은지 말이 주문했습니다 여기부터 저기까지 다 주세요 하고 싶은 독특한 메뉴들을 판매하는 곳! 가장 유명한 강된장 쌈밥 포함해서 총 5가지 메뉴 중 개인적으로 가장 맛있게 먹은 건 제철 회 묵은지 말이에요! 기본 찬으로 나오는 묵은지만 먹어도 느껴지는 확신의 묵은지 맛집🤤 당귀 맛을 즐길 수 있다면 돌문어 간장국수도 추천합니다~ 산뜻하면서 새콤달달한게 여름에 어울리는 맛이에요 다음에 방문하면 묵은지 말이에 곰국 도전해보겠슴댜-!",281,TRUE
난포,lacuelia,3,2025.09.22,1번째 방문,예약,"음식은 그럭저럭, 다만 직원들인지 알바인지 너무 불친절해서 굳이 재방문하고 싶지 않은 곳. 마감시간 30분이나 남았는데 쓰레기봉투를 들고 왔다갔다하질않나, 다소 불편하게 들리는 노래를 트는 등 굉장히 이해할 수 없는 상황이 계속 되었음. 처음 도착했을때, 결제할때도 누구하나 인사하는 사람이 없었고 식당 밖에 나오자마자 해당 직원들이 바로 앞에 줄줄이 앉아있는 모습이 좋게 보이진않았음. 이 정도 맛에 훨씬 더 좋은 서비스를 제공하는 식당들이 많은데, 여기가 왜 줄 서는 맛집인지 전혀 이해가 안되는 부분.",283,TRUE
난포,바이브코더오둥이,789,2025.03.13,1번째 방문,예약,"미친 웨이팅으로 유명한 성수동 난포! 유명한 메뉴인 강된장 쌈밥과 제철회 묵은지말이, 그리고 물문어 간장국수를 주문. 두명이서 방문했기에 3개는 좀 많나? 싶었는데 웬걸. 두명이서 10분만에 뚝딱 했는데 약간 양이 모자름😀 우리엄마가 바닷가 마을에 살았다면 해주셨을 만한 집밥 느낌의 음식으로, 맛으로는 절대 불평할 수 없을 만큼 맛있음!!😋 뒤에 대기가 많아서 느긋하게 앉아서 먹을 만한 분위기는 아니고, 빨리 먹고 후딱 나가야 함. 그래서 앞에 대기하는 사람은 많지만, 생각보다 대기 시간이 길진 않음!",283,TRUE
난포,괜찮아 잘될 거야,1812,2024.04.20,2번째 방문,영수증,"비오는 토요일에 서울숲 나들이 왔다가, 난포에서 이른 점심을 먹기로 하고 11시 10분에 도착했더니 대기 3번이네요. 기다리는 동안 서울숲 산책하다 40분 후 입장 가능 문자가 와서 자리잡고 앉았어요. 저번 방문 때는 대기 시간이 엄청나게 길었었는데, 비 때문인지 40분 대기는 아주 짧게 느껴지네요. 넷이서 돌문어간장국수, 전복들깨국수, 제철회묵은지말이, 강된장쌈밥, 새우감자전 주문해서 요리 하나하나의 맛에 감탄하며 맛있게 먹고 싹싹 깨끗이 비우고 나왔습니다. ^^ 8090 노래가 계속 흘러나와 정겨워요.",285,TRUE
난포,나이키스카이,19,2025.10.07,1번째 방문,영수증,일단 직원이 불친철해서 기분이 나빴습니다 여직원 안내할 때 웨이팅 대기 때도 기분이 나빴고 음식이 나와서 설명할 때도 끝까지 설명도 안하고 대충하는 모습에 또 한 번 기분이 나빴으며 테이블에 분명 4인석 자리가 있었고 1번째 대기 였으나 2인석으로 만들어서 굳이 2인석 먼저 입장시켜서 1번째 대기임에도 30분을 넘게 기다렸습니다 음식양은 많은 편이 아니고 강된장쌈밥은 약간 슴슴하나 강된장과 같이 먹으면 괜찮고 제철회묵은지도 슴슴한 편입니다 새우감자전은 비추 좀 짠편 전복들깨국수는 강추 재방문 의사는 없습니다,286,TRUE
난포,베리88,11,2025.10.21,1번째 방문,예약,여기가 왜 맛집일까 진짜 별로였다 서비스도 불친절 광어는 쫄깃함 전혀없이 퍼석거리고 뜨뜨미지근하고.. 회가 식감도 없고 온도도 너무 미즈근해요 그렇다고 감싼 묵은지에서 감칠맛이 나는것도 아니고 너어무 실망이였어요 ㅠ 다신 안갈것 같아요 그냥 맛이 없어요 강된장 쌈밥도 진짜…. 무 맛인느낌. 강된장 자체만 먹으면 그래도 약간 얼얼하면서 괜찮은가 싶기도 한데 근데 이걸 굳이 성수에서?! 왜?! 삼삼한 한정식 정말 좋아하는 사람이지만.. 이건 그냥 맛이 없어요 + 리뷰 최신순으로 보니까 리뷰들이 다 똑같은건 기분탓인지,289,TRUE
난포,kweon186,218,2024.08.01,1번째 방문,영수증,"매장은 깨끗해보이나, 페인트 냄새?가 조금 났습니다. 환기가 잘 안 되는 듯 했고요. 직원분들은 모두 다 너무 친절하셔서 기억에 남네요. 음식들은, 어떤 리뷰에 있던 말처럼 기름을 잘 쓴 느낌닙니다. 쌈밥, 묵은지말이 등 밥류가 들기름 등으로 풍미가 있어서 좋았고, 묵은지나 호박잎등의 맛도 좋았습니다. 그래도… 이 가격대는 납득이 안 갈 정도였습니다. 예를 들어 새우감자전도 19000원 치고는, 건새우랑 칵테일 새우 몇 마리 정도의 구성이고요. 전반적으로 모든 메뉴가 맛은 좋으나 가격이 과하게 책정된 면이 있어요.",290,TRUE
난포,ㅂㅎㅇㅎ,25,2024.09.03,1번째 방문,예약,강된장쌈밥 비주얼보고 바로 달려왔습니다! 쌈밥은 진짜 상상하는 맛 그대로며 그것보다 조금 더 맛있습니다!🤤 아는 맛이 무섭ㄷㅏ... 이 글을 쓰면서도 다시 쌈밥이 먹고 싶어지는 그 맛...!😋🐷 돌문어간장국수는 샐러드와 간장국수 그 사이의 맛으로 생각보다 새콤했습니다! 🐙🥗 주변에서 다들 먹길래 시켜보았는데 생각했던 맛은 아니라 조금 실망했어요😂 그래도 샐러드 좋아하시는 분들이라면 가볍게 곁들일 음식으로 좋은 것 같습니다. 만약 다음에 또 방문한다면 강된장쌈밥은 그대로 시키고 제철회묵은지말이나 곰국 도전해버려고요❗️,291,TRUE
난포,괜찮아 잘될 거야,1812,2025.05.24,4번째 방문,영수증,"친구의 생일을 축하해 주려고 서울숲 맛집 난포에 방문했어요. 워낙에 줄서는 맛집이라 친구와 약속한 시간보다 일찍 도착했는데, 오픈 시간인 11시 조금 지난 시간이라 아직은 대기가 없어서 다행히 바로 입장했어요. 난포 음식은 다 맛있어서 둘이서 3개는 주문하고 싶었는데 친구가 아침 먹은지 얼마 안 됐다고 두 개만 주문하자고 해서 아쉬웠어요. 제철회 묵은지말이와 전복들깨국수 주문해서 오늘도 역시 맛있게 잘 먹었습니다. 👍 처음 와본 친구는 다른 메뉴도 먹어보고 싶다고 다음에 친정 어머니 모시고 재방문하고 싶다고 하네요. 🤗",293,TRUE
난포,진떵갱,439,2024.11.23,1번째 방문,예약,"추운 날 서울숲 구경하고 들렀는데, 다행히 토요일 오픈 10분 전에 도착해서 긴 대기 없이 턱걸이로 첫타임 골인했슴다 ㅋㅋㅋ 큰 기대 안했던 감자전이 넘 특이하고 맛있었어요. 바삭하고 건새우+수란+치즈 조합으로 고소함 최고. 술안주긴 한데 밥반찬으로 먹어도 별미였어요. 문어국수도 상큼하니 야채들이랑 잘 어울렸고 문어가 흐물한 해동이 아니라 진짜 제대로였습니다 ㅎㅎ 묵은지 말이도 회가 두툼해서 든든하고 만족스런 맛!! 배달도 꽤 많더라구요. 다음에도 서울숲 가면 이 집 가서 밥먹을 거 같아요 ㅋㅋㅋ 담엔 강된장 쌈밥 먹어보고 싶네요",299,TRUE
난포,스위스에서,44,2024.07.20,1번째 방문,영수증,"오랜만에 친구들과 서울숲근처 놀러가서 엄청 핫한 난포식당 방문했어요. 토요일 3시쯤이라서 웨이팅없이 식사했는데 돌문어간장국수 완전완전 맛있어요!!👍 강된장쌈밥은 싱거웠지만 건강한 맛, 새우감자전은 바삭하고 고소 그자체, 회묵은지말이는 묵은지가 짜서 해체해서 빼내고 먹음. 간장국수와 새우감자전 강추! 단독주택을 개조해서 만든 식당이라 정겨운 대문과 반지하 입구가 독특했고 안으로 들어서면 모던하고 깔끔한 내부가 반겨주었네요. 옆테이블에 외국관광객들 많이 있었는데 핫플레이스 인정! 가격대는 비싸지만 간장국수 먹으러 또 가고 싶은 곳입니다!!",302,TRUE
난포,퍼플소다,46,2024.03.16,1번째 방문,영수증,"토요일 1시에 방문해서 입구에 있는 아이패드로 웨이팅 걸고. 진짜 딱 3시간후인 4시에 입장했어요 😋 친구들과 근처 카페에서 커피마시면서 수다떨고 나와서 샵들 구경하면서 시간보내니깐 정말로 .. 기다릴만 하지 .. 주말에 난포만 바라보고 기다리시면 다들 너무 힘드실거예요 !! 그건 절대 비추 !! 물론 음식은 너무 맛있어서. 화는 안났지만 ㅋㅋ 웨이팅은 진심으로 장난 아니니깐. 성수동 갈 때 할일을 꼭 만들어서 가시고, 웨이팅은 미리미리 ~~ 깔끔하고 담백한 맛.그 자체입니당 🫶🏻❤️ 처음 온 친구 2명데리고 온건데. 다들 맛있다고 난리난리 ❤️",308,TRUE
난포,네이버리뷰어,943,2024.09.14,1번째 방문,영수증,"돌문어간장국수, 제철회묵은지말이, 강된장쌈밥 먹어 보았습니다. 국수는 취나물, 당귀, 쑥갓, 오이가 들어가 있어 향이 너무 좋았고 면발이 탱탱하고 슴슴한 간장소스에 찍어 먹으니 맛이 좋았습니다. 묵은지말이는 두툼한 묵은지 초밥으로 개운하고 제철회의 식감이 좋아 꼭꼭 씹으며 맛있게 먹었습니다. 쌈밥은 자극적이지 않은 강된장과 함께 조화가 너무 좋아서 순식간에 다 먹었습니다. 여기 손님이 많고 핫플레이스인 이유가 있네요! 브레이크 타임이 5시까지인데 주말에 4시 40분즘 일찍가서 20분정도 입구에서 기다렸다가 바로 먹었습니다. 정말 맛있게 먹고 갑니다:)",311,TRUE
난포,괜찮아 잘될 거야,1812,2024.11.04,3번째 방문,영수증,"서울숲 맛집 꼽아본다면 제일 먼저 생각나는 곳이 '난포'입니다. 주말에 오면 대기가 너무 많아 한참을 기다려야 하는데, 월요일 점심 때 방문해서 대기 등록하고 30분 이내에 입장했어요. 둘이서 기다리는 동안 정했던 메뉴로 제철회묵은지말이, 강된장쌈밥, 전복들깨국수로 주문했어요. 오늘 난포에 처음 와본 친구와 음식 먹는 내내 감탄사를 연발하며 먹었어요. 신선한 재료와 간이 세지 않아 슴슴하면서도 맛깔스럽고 정갈한 음식으로 입맛을 사로잡는 곳, 맛과 건강을 다 잡은 감동받는 맛집 난포입니다., 먹는 내내 이문세 노래가 흘러나와서 가을 분위기가 물씬 느껴졌어요.",314,TRUE
난포,히린74,14,2025.08.13,1번째 방문,예약,"아니 진짜 강된장쌈밥이랑 제철회묵은지말이가 진짜 너무너무너무 맛있었어요! 제발 저 2개는 꼭 꼭 드세요,,,,, 강된장쌈밥에서 밥은 간이 덜 되어있다고 생각할 수 있는데 강된장의 양념이 완벽해서 강된장과 쌈밥의 조화가 엄청 좋구요 제철회묵은지말이는 그냥 다른 말 필요 없이 엄청 맛있어요!! 근데 새우감자전은 건새우?가 많이 들어갔는지 그냥 건새우전은 먹은거 같아서 제 입맛에는 조금 아쉬웠던거 같아요 ㅠ 그래도 전반적으로 너무 맛있어서 재방문의사 무조건 있습니다!! 다음에는 부모님과 함께 방문해야겠어요:) 덕분에 맛있는 저녁 먹은거 같아요! 사장님 감사합니다♡",315,TRUE
난포,설거지매니아,203,2025.07.20,1번째 방문,예약,"투명 파티션으로 좌석을 2인석, 4인석 유동적으로 바꿀수 있음. 그래서 유도리있게 대기인원보고 충분히 조절가능할것 같음. 본인 간날 4인대기1팀이었는데 30분 이상 기다렸음. 그에 반해 2인대기는 5팀 이상 우리보다 먼저 입장하고 심지어 우리보다 늦게 와서 대기 걸고 먼저 입장하는 팀도 있었네요. 주말 점심시간이라 당연히 회전율 생각하면 4인 한팀보다 2인 두팀받는게 더 나으실테니 그러려니 하지만 최소한 예약후 대기 시간이 과하게 오래된 팀은 우선적으로 해줬어야되지 않을까요~ 암튼 단체로 가실분들은 캐치테이블로 미리미리 잘 줄서시고 피크타임때는 상황 잘 보시길",316,TRUE
난포,라라의 맛있는 집밥,607,2024.11.23,1번째 방문,영수증,"성수동 인스타감성맛집 난포에서 웨이팅하고 식사했어요. 토요일 방문이었고.오픈 전 도착인데 현장 대기번호 8번이었어요. 재철회국수와 강된장 쌈밥, 새우 감저전 주문했어요. 모든 메뉴 비주얼부터 멋짐. 음식은 정갈하게 나오고 간은 세지않고 슴슴한 편이에요. 정성 가득한 느낌이에요. 제철 회국수는 살짝 아쉬운 맛이었고 쫄면 같은 면발이네요. 회는 듬뿍나오고 새우감자전, 강된장 쌈밥도 아주 맛있다기 보다는 우리 입맛에는 소소했지만 나쁘지 않았어요. 우엉, 초석잠 장아찌가 나오고 끓여서 나오는 시원한 물도 나와 좋았어요. 직원분들도 엄청 친절하시고 웨이팅은 계속 계속 있어요.",320,TRUE
난포,미필적입맛,329,2024.11.17,1번째 방문,영수증,"강된장쌈밥 사진 잘 나오고 시그니처메뉴인것같지만, 비추천 드립니다. 흔히 먹는 강된장 아니며, 고기들어있지않고 호박잎은 부드럽지아니하며, 라이스페이퍼처럼 쫀쫀하여 식감이 별로입니다. 짭쪼름 하지않으며, 밍숭맹숭. 제철회묵은지말이 이 메뉴추천 드립니다. 식감과 과하지않은 묵은지 신맛이 꾀 즐겁습니다. 새우감자전 딱히 드라마틱하지않고, 문어숙회 또한 가성비있는 메뉴는 아닌듯합니다. 가벼히 술안주 정도? 제가 식사땐 테이블 주류드시는분 없었습니다. 굳이 사이드메뉴 주문할필요는 없는듯. 꾀 오랜시간 웨이팅 했지만 이색적인 토속적인 맛은 아니었네요. 그냥 한식의 재해석 정도.",320,TRUE
난포,kyu****,84,2024.09.05,1번째 방문,예약,"개인적으로 우와!!!!! 진짜맛있다!!!!!!! 정도 까진 아니었어용 ! 양이 많은 편은아니고 적은편 ! 추천에 새우감자전이 많아서 시켰는데 흔히아는 새우가 아니라 민물새우같은 그런 느낌이고, 빠싹+질김 사이라서 그냥저냥이었어용 ㅋㅋㅋㅠㅠ 19000원은 솔직히.. 너무 비싼듯..ㅋㅋㅋㅋ 금액이 저렴한 편은 아니지만 한번정도 가기엔 나뿌지않은 곳~ 묵은지맛있어용 ㅎㅎ묵은지랑 전복이나 그외 다른재료들(문어 전복 등) 이용해서 차라리 비빔밥이나 돌솥류가 생겨도 인기 좋을 것 같네용 ^__^*... ! 맛은 나쁘지않지만 음식대비 금액이 높다 ! 재방문의사는 없다 정도로 마무리!",322,TRUE
난포,샤6,306,2024.10.10,1번째 방문,영수증,"부모님 모시고 왔는데 예약 마감이라 당일 오픈런으로 방문 했는데 평일 오전임에도 여전히 대기 인원 많아요. 세가지 기본 메뉴는 필수 인듯 거의 모든 테이블에서 주문 하는듯 했고, 어른들 입맛에도 잘 맞고 맛있다 하세요. 개인적으로는 돌문어 간장국수,강된장 쌈밥은 필수 추천 메뉴로 추천 합니다. 생각보다 양이 많은 편은 아니라 모임등 인원이 3인이상 된다면 1인 1메뉴는 살짝 아쉬울 수 있으니 넉넉히 주문하세요. 개인적으로 기대가 가장 컸던 감자채전은 여러모로 아쉬움이 있는 메뉴 였고, 만족도가 가장 높은 메뉴는 돌문어간장비빔국수 였어요. 웨이팅만 없다면 재방문 의사 있어요.",324,TRUE
난포,한여름방정식,69,2024.10.14,1번째 방문,영수증,"서울숲 근처 청년들이 해주는 한식 식당 ♥️♥️♥️♥️🤍 맛 ♥️♥️♥️♥️♥️ 위치 ♥️♥️♥️♥️♥️ - 이곳에 오면 기본으로 강된장쌈밥, 제철회묵은지말이를 시키세요. (볼드체) - 반찬으로 초석잠과 마늘쫑이 나옴 (둘다 간장절임) - 처음에는 식사 양이 적겠다 싶었는데 먹다보니 기분좋게 배부르게 식사 마칠 수 있었음 - 물이 맹물이 아닌 누룽지 사탕같이 달달한 물 - 웨이팅이 엄청난 집이라 평일에 방문했는데 주말보다는 덜하지만 여전히 사람이 많았음. 미리 어플로 예약하거나 조금 더 부지런하게 움직이시는걸 추천드림. - 비 안오면 포장해서 서울숲에서 돗자리에 먹어도 힐링될 듯",327,TRUE
난포,clo****,803,2024.03.29,1번째 방문,영수증,"뭐 하나 뺄 것 없이 전부 맛있었습니다. 생긴 거랑 다르게 강된장쌈밥이 슴슴한 맛이니 제일 먼저 드세요. 제철회묵은지말이는 생각보다 묵은지 맛이 강해서 맛이 센 편이에요. 제철회국수는 생각보다 많이 달아요. 매콤한 맛도 느껴져서 매콤달콤 맛있지만, 혼자서 한 그릇 다 먹기엔 많이 다니, 여럿이서 메뉴 여럿 시켜 나눠드세요. 돌문어간장국수는 생각과 달리 상큼한 맛이 강합니다. 입맛 싹 돌아요. 전복들깨국수는 들깨 맛 확실하고 고소합니다. 새우감자전 안 시킬 수 없죠. 감자채 위에 새우, 치즈 올라가 맛없을 수 없어요. 양이 많진 않아서 인원수 +2개 정도 메뉴 더 시키시면 좋아요.",327,TRUE
난포,지두은,22,2026.01.01,1번째 방문,예약,"맛은 대체로 심심해요. 묵은지말이는 회맛은 잘안나고 묵은지맛만 나고, 쌈도 된장이 심심하고 쌈안에 밥이 많이 들어있어요. 그리고 예약도 하고 오픈 10~15분전 도착해서 입구앞에서 제일 처음와서 대기했으나 오픈전으로 대문밖에서 기다려달라해서 나갔습니다. 11시된후엔 먼저 온사람 확인도없이 새치기하여 입구쪽 빨리간 사람부터 들여보내줘서 마지막으로 입장했습니다. 영하로 추운날씨에 그런상황이 벌여지니 불편하더라구요. 매장안에서도 앉고나서 벨 누르는게 없어 기다리고 있는데도 저희보다 뒤에 오신분들 먼저 주문 받고 맨 마지막에 저희한테 오시더라구요. 서비스와 맛에 실망하여 재방문은 안할것 같습니다.",333,TRUE
난포,박하낰낰,145,2025.12.08,1번째 방문,영수증,부모님하고도 성수동을 즐겁게 즐길수 있다!! 크리스마스 시즌이라 가족단위의 팝업도 열리고 서울숲은 여전히 산책하기 좋습니다. 날씨가 좋은날 어머니를 모시고 거리를 즐기다 들어가기 좋은 식당. 편안한 식탁과 의자. 끼니 때 마다 김치를 찾는 어머니의 입맛을 충족시켜주는 마늘쫑과 묵은지. 따스한 곰국은 입이 잘 마르는 어르신들에게 안성맞춤이네요. 강된장쌈밥은 토속적인 기존의 이미지와는 다르게 장난감처럼 반질거리는 쌈잎에 쌓여 가지런히 나오는데 기분이 좋아지는 귀여움입니다. 개인적으로 강된장쌈밥만으로 배가 차네요. 이번 처음이라 대표메뉴를 먹어보았는데 다음번에는 간장국수나 제철묵은지말이를 꼭 먹어보고 싶어요.,341,TRUE
난포,지니67504,192,2024.03.18,1번째 방문,영수증,평일 11시반쯤 웨이팅 등록하고 1시간정도 대기후 입장했습니다 3층 주택의 반지하에 자리한 난포는 긴 테이블위에 칸막이를 놓아 자리를 효율적으로 사용하는 느낌이 들었어요 BGM으로 흘러 나오던 이문세 송골매 들국화 나미..의 7080음악도 이색적으로 느껴졌어요 전체적으로 음식의 양은 적은듯하나 깔끔하고 맛있었어요 제철회묵은지말이는 묵은지가 조금 짜게 느껴졌고 제철회국수의 회는 생각보다 두툼하고 국수도 맛있었어요 강된장쌈밥은 한입에 쏙 들어가는 쌈과 순한 맛의 강된장이 어우러지는 요리입니다 이번 주밀에 강된장쌈밥 예쁘게 따라해 봐야겠어요 음식이 빨리 나오고 테이블 회전이 빠르니 주위 둘러보며 대기하시면 좋을듯 합니다,347,TRUE
난포,illllillllliiiilll,935,2024.11.28,1번째 방문,예약,"오랫동안 위시에 적어두고 평일에 서울숲 오는 길에 생각나서 예약하고 왔습니다! 날씨가 안 좋은 평일이라 그런지 예약 안하고 와도 충분했더라구요 :) 음식이 전체적으로 건강한 맛이에요 자극적이지 않고 먹고 속이 부담이 없어요! 새로운 맛이기도 했구요! 다만 아쉬운 점이 강된장쌈 7개? 중에 3개 정도는 찬밥인지.. 밥통에서 젤 아랫부분에 오래 두고 긁어낸 밥인지.. 어쨋든 뭐가 잘못된 것이 분명한 듯한 식감의, 굉장히 딱딱한 밥이 들어있었습니다. 말씀 드리려다.. 그냥 먹었는데 브레이크 타임 후 5시 땡 치고 들어갔는데 밥 상태가 왜 신선하지 않았는지 의문이고 아쉬웠습니다. 와보고싶었던 곳 한번 왔다는데에 의의를 두려구요!",351,TRUE
난포,뵤ㄹ벼ㄹ롱,116,2024.03.01,1번째 방문,영수증,후기를 많이 찾아보고 메뉴를 머릿수+1해서 주문했어요 제철회묵은지말이 : 저는 신걸 잘 못 먹는데 묵은지가 생각보다 많이 쎄서 갈라먹었어요ㅠ 회 자체는 맛있었고... 6덩이에 1.3마넌 돌문ㅇㅓ간장국수 : 레알 양이 너무 적었어요ㅠ 하지만 맛있었어요 1.4마넌 강된장쌈밥 : 무조건 테이블마다 놓여져 있던 메뉴ㅋㅋ 동글동글한 밥이 8개나오고 슴슴하니 맛있었어요 1.2마넌 가격대가 그리 높지않은 대신 양이 적은게 특징이었고 슴슴하니 담백한 식사가 가능해서 좋았고 캐치테이블 대기 시스템이 있어서 만족스러웠어요! 남자들은 배고플 것 같아요.. 남편은 난포 갔다가 배 안부르고 아직 배고프다고 2차로 식사 또 했어요 이말 꼭 쓰래요 ㅋㅋㅋ,355,TRUE
난포,먹죽귀,3560,2024.12.16,1번째 방문,영수증,서울숲 난포에서 강된장쌈밥과 제철 회국수 주문했어요 카운터석이 있어서 눈치안보고 혼밥하기 분위기가 좋았습니다 주문한 음식은 굉장히 빨리 나왔고 평일 저녁에 방문해서 웨이팅 없이 바로 입장했어요 제철회국수는 광어가 들어있었고 회는 두툼한 편이었어요 다소 매콤한 소스의 맛과 쫄깃한 회와 깻잎이 잘 어울렸고 오이와 양파의 아삭함이 잘 어울렸습니다 강된장쌈밥은 고소한 냄새가 좋았고 맛은 굉장히 슴슴한 편이었어요 강된장이라는 이미지 덕에 조금 더 짭잘했으면 케일쌈과 더 잘 어울렸을거 같습니다 메뉴들은 전체적으로 가격대비 양은 조금 작은 편이었고 기대했던 강된장 쌈밥보다 오히려 회국수가 맛있어요 직원분들도 친절하셨고 서울숲에서 데이트하기 좋은 분위기였습니다,365,TRUE
난포,R M,30,2024.03.01,1번째 방문,영수증,2명이가서 4개의 메뉴를 시켰고 조금 남겼습니다 양은 적은편입니다 3.1에 14시에 예약없이 방문했으나 현장대기로 146분을 기다리고 입장하였습니다 맛은 색다르고 좋좋았어요 하지만 솔직히 이정도나 기다렸다 먹을만한 맛은 아닌것 같습니다 방문예정이신분들은 미리 예약하시거나 캐치테이블로 대기걸고 방문하심을 추천드립니다 새우감자전은 위에 계란을 터트려 찍어드세요 찍어먹어야 맛있어요 그냥먹음 이도저도 아닌맛이네요 제철회묵은지말이는 회도 부드럽고 신선한편이며 조화로운게 나쁘지않았습니다 (동행인은 묵은지맛이 강하다 하네요) 돌문어간장국수는 진짜 개인적으로 너무좋았어요 건강한 느낌도들며 색다른 맛을 즐길수있습니다 근처 갈일이 있다면 예약하고 재방문의사있습니다,365,TRUE
난포,코코의,215,2025.03.30,1번째 방문,영수증,"⟡ ""성수동에서 줄 선 이유, 난포 솔직 리뷰” 성수에서 조용히 한 끼 제대로 하고 싶다면, 난포만 한 데 없어요. 제철회 묵은지말이는 상큼하게 익은 묵은지에 신선한 회를 돌돌 말아 한입 넣는 순간… 감칠맛이 촥 퍼져요. 비리지 않고 깔끔해서 입맛 없을 때도 술술 들어가요. 강된장쌈밥은 말해 뭐해요. 짭조름하고 고소한 된장을 쌈에 푹~ 떠서 같이 싸 먹으면 그냥 밥도둑 인정. 반찬도 하나같이 정갈하고 과하지 않아서 자극 없이 담백하게 즐겼어요. 분위기도 차분하고 조용해서 데이트, 가족 모임, 혼밥까지 다 잘 어울리는 곳이에요. 🔎 #성수난포 #제철회묵은지말이 #강된장쌈밥 #성수맛집추천 #한식맛집 #감성한식 #서울한식집 #성수데이트코스 #성수조용한식당",367,TRUE
난포,syyyeon,29,2024.10.31,1번째 방문,예약,음식은 맛있어요. 어르신분들도 오실 정도로 음식 참 괜찮아요. 다만 직원 분으로 들어가자마자 기분이 좀 상해서 앞으로 방문을 할지는 고민이 되네요. 만석에 음악소리까지 크길래 소리 좀 줄어달라고 부탁드렸습니다. 그럼 알겠다고 하거나 혹은 줄이기 어렵다면 줄여도 큰 차이가 없을 텐데 괜찮으시겠냐고 해주셔야 하는 거 아닌가요… 제가 절대 무례하게 부탁드린 게 아니었을 텐데 ‘큰 차이 없어요‘ 하고 휙 가버리시셨죠. 그말을 들은 일행과 저는 뭐가 큰 차이 없다는 거지? 처음엔 의미조차 이해 못 했습니다. 나올 때 말씀드리려다 리뷰 적습니다. 음식은 정말 맛있었어요. 하지만 해당 직원 분으로 인해 입장하자마자 기분이 상해서 다음번에도 방문할지는 모르겠네요.,367,TRUE
난포,집사의일상,239,2024.03.15,1번째 방문,영수증,"그 유명한 성수동 난포 다녀왔어요!!! 웨이팅 어플로 미리 1시간 웨팅하고 갔는데도 웨이팅 줄 장난 아니더라구요 1시간 더 기다림 😳 저희는 강된장쌈밥, 새우감자전, 전복들깨국수로 주문했어요 강된장쌈밥은 안에 고기도 들어가있고, 강된장이랑 같이 먹으니 담백하면서도 정말 맛있더라구요 새우감자전은 바삭한 감자전의 식감과 중간 중간 새우의 진한맛이 너무 좋았고 위에 뿌려진 치즈까지 더해져서 맛이 정말 깊었어요 조금 느끼하다 싶을때 고추짱아찌랑 같이 먹으면 싹 사라지고 더 맛있음..💜 전복들깨국수는 차가운면이라 면발이 정말 탱글탱글했고, 고소하면서도 입에 착 감기는 들깨맛이 일품! 다 맛있었지만 원픽을 정하라고하면 강된장쌈밥 🧡 진짜 최고였던 것 같아요 !! 🩷🩷",371,TRUE
난포,사악한코알라,48,2025.03.11,1번째 방문,예약,2명이서 4인분을 시켰는데 전체적으로 실망한 포인트 4번 방문할정도로 한식매니아 인데 광어묵은지초밥에 밥이 딱딱했다. 밖에 오래 냅둬서 딱딱해진 밥으로 만들어진 느낌 문의하였으나 돌아오는 답변은 애매모호. 사과도 보상도 없고 추가로 시킨 회국수는 주문 누락으로 20분이 기다려도 안와서 딮빡 그냥 바로 드린다고 뭔가 안일한 태도로 대응하는게 아쉬웠음 감자전도 이미 만들어진걸 준건지 딱딱하고 차가워서 다들 실망했다는 후기네여 제것도 그랬어요 쌈밥이 젤 나았음 ㅜㅜ 심지어 회국수에 회가 잘못됐는지 설상가상 다음날 배탈에 새벽에 구토까지 하고;;; 돈내고 병얻은 기분 이거 물어내셔야하는거아닌가요 인간적으로..하ㅠㅠ 남편이랑 둘다 똑같이 배탈나서 열도 38도에 죽겠네요,373,TRUE
난포,Hellonomos,6,2025.04.30,1번째 방문,영수증,"평일은 예약안해도 괜찮지만, 예약손님 우선 입장이니까 참조하시구요! ✔️돌문어 간장국수는 새콤향긋한 느낌, 다만 살짝 간이 센 편에 속합니다! ✔️제철회묵은지말이는 제철회는 쫀득하고 묵은지가 킥인 느낌입니다. 다만 밥양이 조금 많다고 느껴지긴 합니다! ✔️강된장쌈밥은 밸런스적으로는 제일 좋은편입니다! 다만 연잎이 조금 더 부드러웠으면 좋겠다라는 생각이 듭니다! 그리고 크기가 너무 큰 느낌이 있습니다! 총평🏁 음식이 굉장히 빨리나오는 편에 속하고, 다만 손님이 많아서 주문실수가 가끔 나오기도 합니다. 하지만 전체적인 가격대비 맛은 훌륭합니다! 성인남녀 2명이서 메뉴 3개 시켰는데 딱 적당히 배부른 느낌이였습니다! 서비스적인 측면도 친절하지만 음악소리가 너무 큰 느낌이 있습니다!",382,TRUE
난포,JujuBox,2020,2024.01.20,1번째 방문,영수증,주말이라 예약을 안받네요 입구에서 대기 순번 누르고 근처 서울숲에서 놀다가 쇼핑도 하다가 눈비오는 추운날 벌벌 떨면서 가족들과 두시간 가까이 기다렸습니다 보통 일이 아니네요😅 실내분위기는 독특하게 독서실느낌? 일렬로 쭉 앉아서 먹는데 코트벗어서 걸수있는 옷걸이가 있어서 좋았습니다^^ 그리고 음식이 나오니 모든 시름이 순식간에 날아가네요😍😍😍 돌문어간장국수 : 상큼하고 너무 맛있음 제철회묵은지말이 : 깔끔하고 군더더기없는맛 대구전 : 담백하고 삼삼 새우감자전 : 다 못먹고 포장해왔는데 내가 새우를 별로 안좋아해서 그런가 감자로만 했음 좋겠다싶은 맛 ✅️ 결론 : 유명맛집 줄서서 먹고나서 실망하는경우도 있는데 오늘은 대만족했고 너무 좋았어요 다시 한번 와서 먹어보고싶은맛이에요❤️,382,TRUE
난포,마시마로9128,1088,2025.09.02,1번째 방문,예약,"#난포 #성수맛집 #줄서는식당 #서울숲맛집 #퓨전한식맛집 #강된장쌈밥 #곰국 #문어숙회 강된장쌈밥이 제일 유명한 메뉴이지만 싱겁다는 리뷰가 많아서 한우불고기쌈밥을 주문 제법 맛있게 먹었습니다. 쌈채소와 한우불고기의 고단백을 동시에 충족시키는 모양도 동글동글 특이한 퓨전한식입니다. 곰탕은 걸죽한 육수와 두꺼운 소고기가 듬뿍 들어간 특곰탕을 추천합니다. 사리와 고봉밥 고소한 반찬도 깔끔합니다. 일반 곰탕 전문점에 비해서는 특별하다 할 정도의 곰탕수준은 아닙니다. 매장은 작지도 크지도 않은 적당한 크기이며 지하에 위치해 있으나 정갈한 한식 인테리어로 성수에서도 인기가 많은 한식당입니다. 이집은 다른 한식집과 달리 강된장쌈밥, 새우감자전 등 특이한 메뉴가 많아 실험정신이 돋보입니다. 총점은 ★★★☆",391,TRUE
난포,Sue6524,22,2024.10.01,1번째 방문,영수증,"우선 점심 도전했는데 대기 33번째라 취소하고 저녁으로 재도전 5시 50분경 대기등록하고 7시 10분경 들어갔어요 1시간 20분의 기다림으로 들어갔는데,,,,,,쩝 기대가 높았는지 모죠??? 제철회묵은지말이는 리뷰와 다르게 묵은지도 짜지않았고 깔끔했어요. 문젠 새우감자전이에요. 생새우는 고작 3~4개 올려져있고 대부분은 건새우로 채워져있는데 제 입맛엔 안맞았어요. 새우깡 먹는 느낌이라고 해야하나. 간을 많이하지않은 감자전위에 치즈로 간을 하다보니 느끼함이 배가 되는 느낌에,,,,,건새우는 음식의 퀄러티를 떨아뜨리는 느낌,,,급 느끼해져서 제철회국수를 시켰습니다. 앗,,,느끼함을 잡으려고 시켰는데 국수가 심하게 달아서 이건 뭐 ,,, 불 난 집에 기름을 부은 격이라고 해야하나. 더 느끼해지더라구요.",394,TRUE
난포,찐성수 주민 내 돈 내산 추천 맛집,642,2024.11.14,3번째 방문,예약,"📍내 돈 내산📍 🔶강된장 쌈밥. 초록색 케일에 참기름을 발라 반질거리는 쌈. 밥은 간이 되어 있지 않아 강된장을 올려 먹으면 짭조름한 맛이 잘 어우러집니다. 🔶돌문어 간장국수. 문어와 참나물이 토핑 되어 있는 국수. 이 국수는 간장 소스가 독특합니다. 소스와 나물의 조합이 좋더라고요. 여러 가지나물이 어우러져 깔끔한 맛이었어요. 문어도 많이 들었어요. 쫄깃한 문어와 탱글탱글한 면발이 좋아요. 참나물의 씁쓸하고 양념의 새콤한 맛이 입안을 즐겁게 합니다. 🔶제철회 묵은지 말이. 짭짭한 묵은지에 쫄깃한 제철회가 올라가 식감이 재미있어요. 🔶새우감자전. 새우 자체의 감칠맛도 좋고, 감자도 많이 들어가서 바삭하고 맛있어요. 🔶대구 전. 두툼한 대구 살이 기름에 잘 부쳐나왔습니다. 대구살이 잘 진짜 부드러워요.",396,TRUE
난포,lcy****,1997,2024.02.29,1번째 방문,예약,성수 극악 웨이팅 자랑하는 서울숲 한식 맛집 겸 주점 난포!!! 뚝섬 직장인인데 드디어 다녀왔네요🥹 네이버 예약으로 미리 예약하고 가서 대기 없이 들어갔어요~ (평일 점심 2시 타임. 근데 거의 일주일 전에 엄청 미리 예약함) 강된장쌈밥 크기 작다는 후기 보고 갔는데 생각보다 더 미니미해서ヲヲヲ 조큼 놀랐지만 안에 밥이 꽉 차 있어서 다 먹으니 은근 배불렀어요! 전체적으로 삼삼 슴슴하니 건강한 맛인데 은근 계속 구미가 당기는 고런 느낌👀🌱 의외의 맛도리는 감자전이었구(노른자에 찍어 먹으니 바삭하면서 촉촉해서 쬰맛) 문어국수는 문어가 부드러워서 좋았답니당🐙 내부 분위기가 독특하고(특히 노래...) 조명이랑 인테리어가 주는 느낌이 색달라요ㅎ 다른 메뉴도 궁금하고 저녁엔 또 어떤 분위기이려나도 궁금하네요😉,396,TRUE
난포,찐성수 주민 내 돈 내산 추천 맛집,642,2024.01.04,2번째 방문,예약,"성수동 최고의 맛집. 웨이팅이 많아서 쿠팡으로 배달만 시켜 먹었는데, 얼마 전부터 네이버 예약이 가능해졌네요. 야호~~ 진짜 오랜만에 방문했습니다. 내부는 기다란 테이블이 2개가 있는데요, 2인이 앉을 수 있는 칸막이가 되어 있어요. 벽 한쪽에 4인 테이블 하나, 주방 앞에도 바 형태의 테이블이 있습니다. 반찬으로 묵은지와 고추 장아찌가 나왔어요. 강된장 쌈밥. 초록색 케일에 참기름을 발라 반질거리는 쌈 안에 밥이 들어 있고, 강된장의 짭조름한 맛이 잘 어우러집니다. 한 입 크기라 먹기도 좋군요. 돌문어 간장국수. 문어와 참나물이 토핑 되어 있는 국수. 새콤한 간장에 비벼 먹으면 씁쓸하고 새콤한 맛이 입안을 즐겁게 합니다. 대구 전. 이번에 처음 먹어 본 메뉴인데요, 두툼한 대구 살이 진짜 부드러워요",396,TRUE
난포,ma****,352,2024.12.31,1번째 방문,영수증,"• 강된장쌈밥 : 리뷰에 다들 슴슴하다고했는데, 저는 엄청 슴슴하지않고 신선하고 건강한맛으로 너무 맛있었어요. 강된장이 짭쪼름했고 쌈안에 있는 밥도 다 양념이 되어있어요! • 제철회묵은지말이 : 제철회묵은지 초밥은 엄청 좋아해서 스시집 가면 필수로 먹는 묵은지+회 콜라보예요. 엄청 기대하고 시켰는데, 솔직히 회가 신선하지 않아서 엄청 실망했어요. 맛이 없는건 아닌데, 회가 신선하지 않아서 2번은 안시켜먹을 것 같아요. 너무 기대했는지 엄청 실망했었습니다! • 곰국 : 날이 추워서 뜨끈한 국물 있었으면 좋겠어서 시킨 곰국이에요! 기대 1도 안는데, 3개 중에서 제일 맛있게 먹었어요!!! 안에 국수도 소면은 아니고 그렇다고 밀가루, 쫄면도 아닌데 적당히 쫄깃(탱글거리는거 안좋아하는 입맛)하고 고기가 짱맛!",397,TRUE
난포,fnvl414,1199,2024.06.28,1번째 방문,영수증,"성수에서 합리적인 가격에 분위기 있고 음식도 맛이 좋은 곳을 찾았습니다. 메뉴 구성도 괜찮고 성수에 가면 꼭 생각나는 곳이 되겠네요. 인기가 많아 조금 기다림이 필요하지만 그래도 일단 난포라는 필기체가 너무 맘에 들고 입장하는 문과 들어갔을때의 조명,벽의 담금주 병에 들어 있는 장아찌 등 맛있는것을 먹으러 왔다는 느낌이 확들어 주문하기 전부터 기대가 되는 곳입니다 또한, 오픈형 주방이라 조리하시는 모습들을 보면서 신뢰를 가지고 음식을 먹을 수 있었고 직원분들도 멋지고 친절하셔서 그 공간에 있는 내내 기분이 좋았습니다 케일쌈에 강된장 조합도 너무 좋았고 비빔국수도 쫄깃한 중면을 써서 더욱 고급스러운 식감이 느껴졌습니다. 오랜만에 다음 방문하면 다른 메뉴를 먹고 싶게 만드는 식당을 찾아 기분이 좋았습니다.",397,TRUE
난포,찐성수 주민 내 돈 내산 추천 맛집,642,2025.08.12,4번째 방문,예약,"📍내돈내산📍 이곳은 서울숲에서 오래된 가게이고, 제가 진짜 입맛 없을 때 방문하는 맛집입니다. 예약을 하고 갔더니 예약 팻말이 테이블 위에 있네요. 가게도 정감 있는 모습이고 매장에 흘러나오는 노래들도 거의 80~90년대의 노래들이 나옵니다. 저는 올 때마다 주문하는 메뉴는 거의 같네요. 🔶강된장 쌈밥. 이곳의 시그니처 메뉴. 딱 한입 사이즈의 쌈밥입니다. 반질반질 윤이 나는 케일 쌈 속에 간이 되지 않은 밥이 들어 있어요. 쌈 옆에 있는 강된장을 같이 먹으면 짭조름한 맛이 잘 어우러집니다. 🔶돌문어 간장국수. 제가 제일 좋아하는 메뉴인데요, 쌉싸름한 참나물이 입맛을 돌게 합니다. 문어도 얇게 썰어져서 먹기에 좋아요. 국수 면발도 탱글 합니다. 특히 간장 소스가 킥입니다. 같이 나오는 장아찌도 맛있어요.",398,TRUE
난포,Justin9153,135,2025.05.04,1번째 방문,영수증,어버이날이 가까이 와서 아들이 효도한다고 서울의숲을 가지고해서 덕분에 옆에 있는 성수동 거리로 왔다. 맛있는 집이 많지만 특별한 음식을 파는 난포로 정했다. 퓨전한식이랄까? 문제는 연휴라 손님이 엄청 많다. 오후 한시쯤 도착해서 waiting을 걸었는데 3명이라 4명테이블이라 한시간 반이상을 기다리다 입장했네. 음식은 돌문어간장국수+간된장쌈밥+한우불고기쌈밥+새우감자전. 돌문어 간장국수를 잘 저어서 먹었는데 아불싸 아무 맛도 안난다. 그래서 콜^^ 소스가 있냐고 물어니 아불싸 간장을 첨가하지 않았다고 하시네. 이런 정신나간 요리사들 봤나. ㅉㅉㅉ 간장을 넣으니 맛있네^^ 간된장씸밥은 된장이 그릇에 살짝 있는게 아쉽다. 새우감자전도 굿^^ 그리고 커피스미스에서 커피 마시고 서울의 숲 산책. 좋은 하루였다.♡,398,TRUE
난포,후라e,51,2024.06.11,1번째 방문,예약,입장- 하루 전 날 오후 5시 예약으로 브레이크 타임 끝나자마자 첫 번째로 입장해서 기다리는 시간 없이 바로 입장했습니다. 맛- 우선 제 기준 맛 순위는 1위 제철 회국수 2위 제철회묵은지말이 3위 강된장쌈밥 입니다. 제철회묵은지말이- 기대:⭐️⭐️⭐️⭐️⭐️ 맛:⭐️⭐️⭐️ (비주얼을 봤을 때 제일 기대를 했었습니다 맛은 괜찮았지만 먹자마자 엄청 맛있다! 정도는 아니고 무난하게 맛있었습니다) 제철 회국수- 기대:⭐️⭐️ 맛:⭐️⭐️⭐️⭐️⭐️ (오히려 회국수는 기대는 안 했는데 먹자마자 맛있다고 생각했고 다시 방문한다면 재주문할 생각입니다) 강된장쌈밥- 기대:⭐️⭐️⭐️⭐️ 맛:⭐️⭐️ (비주얼은 좋았으나 맛은 그닥..? 이었던 메뉴입니다. 쌈만 먹으면 밍밍하다는 후기가 있어 깔려있던 두부?랑 먹었지만 양이 적었고 밍밍했습니다),413,TRUE
