group,store,review_text,max_similarity
event,이태리국시,"저장해둔 식당이었는데 근처 볼일이 있어 들렀어요. 숯불고기쌈피자, 대창,곱창 파스타 주문했어요. 남편을 대창을 저는 곱창을 좋아해서 시켰는데 맛있네요. 한국적인 입맛에 맞춰 메뉴 3가지를 다 먹어도 콜라 생각이 안 날만큼 느끼하거나 더부룩하지 않고 편안하네요. 보통 피자, 파스타 먹으면 콜라는 기본인데 파스타는 레드 베이스라 딱 좋았고 피자도 도우는 얇고 채소와 치즈도 맛나서 헤비하지 않아 좋았어요. 대식가인 우리에게는 두 개는 부족했을것 같고 세 개는 시켜야 배가 좀 찼어요^^",0.07193131887994562
event,이태리국시,서울숲나들이 왔다가 검색해보고왔어요 퓨전스타일파스타라 재미있네요 바지락아낌없이 듬뿍 잘 먹었습니다~^^,0.08588651447143597
event,이태리국시,재미나이 덕에 맛있는거 먹고 가요! 매장이 3층이라 큰기대안했는데 엳시 재미나이…🙋🏻‍♀️ 임신한 친구랑 같이 먹었는데 음식도 자극적이지않고 너무 좋네요💕 뇨끼 존맛탱💕,0.10698869471743375
event,이태리국시,성수맛집검색해서 왔는데 진짜맛집이네요 아이도 엄마도 이모도 다맛있어했어요 완전만족합니다 직원분들도 너무친절해서 기분좋게먹고갑니다~♡,0.12931207097016484
event,이태리국시,너무 맛있어 오 ㅇ많이파세오사장님 인테리어도 너무 좋아용,0.1927001574438882
event,이태리국시,퓨전이라 그래서 크게 기대안했는데요 ㅎㅎ 진짜 맛있네요!!! 메뉴들이 다 특색있고 그만큼 맛있어요. 남편이랑 둘이서 메뉴 또 추가해서 먹었어요.다른곳에서는 못먹어보는 메뉴들이 가득해요~ 담에 지인들이랑 또 와야겠어요,0.13138031864967506
event,이태리국시,조금 웨이팅이있었지만 기다린만큼 너무 맛있게 먹었어요 색다른 메뉴라서 더 좋았어요🫶🏻❤️❤️,0.1827270004153508
event,이태리국시,이태리국시 맛있어요!!! 뇨끼 진짜 맛있었구!! 대창파스타도 맛있었어요 ㅎㅎ,0.2904096784898491
event,이태리국시,역시 유명한 맛집은 다르군요!!! 아주 그냥 기가 맥힙니다 맥혀 꼭 한 번 들러서 먹어보십쇼 완전 강 추,0.09731258325502126
event,이태리국시,알배추구이 저 소스 완벽해요.. 너무 맛있습니다 대창도 매콤해서 안느끼하고 삼계리조또도 누룽지 느낌 너무 좋았어요!!,0.24388207962683645
event,이태리국시,예약하면 바로 예약 자리로 안내받아서 대기 없으니 꼭 예약하고 가기! 매장도 아늑하고 인테리어가 정말 고급스럽고 이뻐요~ 데이트/소모임 장소로 딱! 연말에 오면 정말 좋을 것 같네요🤭 알배추/숯불갈비에 김치 소스가 충격적으로 맛있으니 다들 꼭 드셔보시길 😋 메뉴들 모두 맛이 쎄지 않고 적당해서 먹으면서 속이 편했습니다~,0.11603948790037302
event,이태리국시,친구랑 놀다가 밥 먹으러 검색해서 왓는데 생각보다 너뮤 맛있고 양도 진짜 많았어요! 하이볼도 진짜 맛잇어서 추천합니당~,0.1459637066425995
event,이태리국시,메뉴도 흔하지 않으면서 색다른맛도 나면서 너무 맛있었어요!!! 다음엔 다른 대표 메뉴들도 먹어보고 싶어요 ㅎㅎ,0.22727371614267838
event,이태리국시,친구랑 왔는데 매장도 넓고 맛있어요. 피자가 너무 맛있네요,0.3855852452366433
event,이태리국시,"남편이랑 데이트로 이태리국시 다녀왔어요 🍝🤍 일단 분위기부터 너무 좋고, 음식도 전체적으로 깔끔하고 맛있어서 만족! 특히 파스타 면이 쫀득하고 소스가 진해서 계속 손이 가더라구요 😋 둘이서 편하게 이야기 나누면서 먹기 딱 좋은 곳이라 데이트 장소로 추천해요 💑 다음에 또 재방문 의사 있음! #이태리국시 #데이트맛집 #파스타맛집 #주말데이트",0.19405803312692546
event,이태리국시,성수 맛집 인정합니다 너무너무 맛있게 잘 먹었습니다 특별한 하고 맛있는 향들의 잔치 즐거운 식사 시간이였습니다,0.1629814148788158
event,이태리국시,퓨전 이태리라니 너무 신박하고 새로운 메뉴 너무 맛있었어요 ㅎㅎ 분위기도 좋고 데이트 하기 넘 좋네용 돝솥파스타라니 너무 새롭고 맛있어요!!ㅎ,0.2551023444423064
event,이태리국시,"성수에서 제대로 먹은 한 끼 🤍 이태리국수는 메뉴 조합이 진짜 미쳤다… ✔ 반계마늘돌솥리조또 돌솥이라 끝까지 뜨끈하고 마늘향이 진하게 올라와서 완전 중독적 ✔ 깻잎리코타샐러드 이 조합 누가 생각했지…? 깻잎 향 + 리코타 치즈가 이렇게 잘 어울릴 줄이야 ✔ 대창파스타 고소함 끝판왕. 대창이랑 파스타 조합이 이렇게 찰떡일 줄 몰랐음 ✔ 해산물바지락파스타 깔끔하고 시원한 맛이라 전체 밸런스 잡아주는 느낌 전체적으로 메뉴 하나도 실패 없고, 맛도 개성 확실해서 재방문 각🔥 성수 맛집 찾으면 여기 무조건 추천! #성수맛집 #이태리국수 #파스타맛집 #리조또맛집 #서울맛집 #먹스타그램",0.10549870632130359
event,이태리국시,짖짜 파스타 불맛나고 너무 맛있어요 다음에 또올게요!!,0.2559603194299531
event,이태리국시,대창파스타 맛있어요 추천이요!,0.18108615201253656
event,이태리국시,여기 음식 맛있다구 해서 첫방문 했는데 진짜 맛있네욤… 뇨끼랑 리조또가 대박이에요(๑╹ω╹๑) 또 방문히게 될 것 같아요 잘 먹었습니다😆,0.1293896078001414
event,이태리국시,한식과 양식이 적절히 어울러져서 특색있고 맛있었습니다,0.2143324145669557
event,이태리국시,남자친구랑 예약없이 방문했는데 웨이팅 안 하고 바로 입장했어요~ 숯불대창파스타 불맛 나면서 엄청 맛있고 알배추도 진짜 맛있어요! 분위기도 좋고 친절하셔서 데이트하러 오시기 좋을 것 같아요~!,0.21634266288821202
event,이태리국시,한식과 이탸리의 조화 너무 맛있어요! 또 와야지!,0.1439021989736875
event,이태리국시,불고기피자는 꼭 먹어야 해요 싸 먹는 게 불편하긴 하지만 맛이 제일 좋아요!! 아이들도 엄청 잘 먹어요 대창 파스타는 매콤해서 대창 좋아하는 사람들은 좋아할 거 같애요 리조또도 맛있고 갈비 파스타도 아이들이 엄청 잘 먹네요,0.21099077969918162
event,이태리국시,양식이 너무 먹고싶어서 왔는데 진짜 다음에도 또 올거같아요 맛도 맛있고 양도 괜찮아요 무엇보다도 직원분들이 한분한분 다 친절하셔서 여기는 무조건 재방문 의사 있습니다! 성수에 양식집 찾으시는분들은 여기 꼭 오셔요!♥,0.18977834872492175
event,이태리국시,리조또에 마늘향도 좋고 고기도 밋있어요! 파스타도 맛있어요! 면이 특이해서 식감도 좋네요😄,0.19454615534695757
event,이태리국시,아이들 데리고 다같이 왔는데 음식의 향이 완전 좋고 맛도 기대했던거 이상으로 좋아요 즐거운 저녁식사 시간이었어요 감사합니다,0.11176622230265704
event,이태리국시,"곱창은 로제베이스, 대창을 오일베이스라서 다른 매력이 있어요. 청양파스타는 하나도 안맵고 위에 뿌려주는 바삭한 무언가가 있는데 그게 완전 킥입니다. 메뉴가 전체적으로 다 맛있고 오미자 하이볼이랑 잘어울려요. 분위기도 좋고 창가자리에서 먹었더니 친구들하고 좋은 식사시간이었습니다. 재방문의사있습니다",0.11758502725999892
event,이태리국시,메뉴가 하나하나 다 맛있었어요~~~!,0.18294870560477194
event,이태리국시,"전체적으로 조화로운 퓨전음식이었고 다 맛있었어요! 곱창파스타는 치즈가 있어 적당히 매콤해 한식 맛이 나면서도 파스타와 잘 어울렸어요. 피자는 리코타 샐러드와 불고기, 도우 두께도 조화로워 계속 들어갔어요.",0.08473380463339067
event,이태리국시,다 맛있어요!! 분위기도 좋고 데이트로 추천합니다,0.5858492152744685
event,이태리국시,"생일이라 예약하고 왔는데, 분위기가 너무 좋아요!! 음식도 맛있구 직원분들도 친절하세요😚",0.3404187616542056
event,이태리국시,"성수 데이트로 가기 좋은 곳이에요. 분위기 은은하고 조용해서 대화하기 편했고, 음식도 한식 느낌 섞인 파스타라 색다르고 맛있었습니다. 전체적으로 부담 없이 분위기+맛 둘 다 챙기기 좋은 느낌입니다!",0.21742068225736827
event,이태리국시,퓨전 양식집이라고 해서 살짝 반신반의하며 방문했는데 너무 맛있습니다. 평소에 맛볼 수 없었던 메뉴가 많은데 다 풍미가 너무 좋고 맛있었어요. 분위기도 좋아서 데이트하거나 가족식사로 방문해도 좋을것같아요. 다시 방문하고싶은 곳 입니다.,0.2170413867971147
event,이태리국시,이태리국시 두번째 방문인데 새로운 메뉴 도전해두 다 맛있어요! 파스타 바질이 많이 들어있어서 좋아요,0.1458058310886005
event,이태리국시,접근성 분위기 좋고 음식도 퓨전으로 맛있습니다 :) 추천드려요 굿굿굿,0.33086887326488135
event,이태리국시,오모오모 그릇도 넘 예쁘고 맛도 상상하던 그런 맛이 아니라 다 특별하고 새로운 메뉴에요 만족하고 갑니다~^^ 반계 크림리조또 최고의 선택이었어용 둘이와서 식사 2개 시키면 샐러드나 사이드 한개 더 시켜야할것같아용!,0.11201302828377996
event,이태리국시,성수 유명 맛집이라고 해서 왔는데 맛있고 분위기도 좋아서 데이트하기도 좋을 것 같아요! 완전 추천🫶,0.20472437890463346
event,이태리국시,다음엔 한우곱창파스타 먹으러 와야겠어요 뇨끼 너무 맛있어요!!!!!!!!!!!!!!,0.21030888461580116
event,이태리국시,음식이 맛있고 직원분들이 친절하셔서 좋았어요~ 잘먹고 갑니다! 음식도 빨리 나오네요!,0.1955360053614915
event,이태리국시,맛있다는 후기를 보고 처음 방문하게 되었는데요! 반계마늘돌솥리조또가 너무 맛있었어요 ෆ⸒⸒. 분위기도 좋아서 밥먹으러 오기 좋은 곳 같습니다!,0.23663617132900044
event,이태리국시,곱창은 불맛과 통통하고 커서 입안가득 고소함이 퍼지네요. 매콤하고 묵직함이 매력이예요. 봉골레는 크림과 청량이 조화롭고 고소하고 짭짤해서 자꾸 먹게 돼요. 예약해서 왔는데 테이블이 여유로워 다음엔 그냥 와도 되겠어요.,0.05694130142392394
event,이태리국시,성수 놀러왔다가 들렀어요 돌솥에 나와서 따뜻하고 맛있어요!,0.21931035530563642
event,이태리국시,시그니처 메뉴와 베스트메뉴로 주문했어요. 재료도 신선하고 건강한 맛이예요. 처음 먹어보는 듯한 느낌의 메뉴들이예요. 너무 맛있어요. 🙌 평일에는 자리도 여유있고 점심식사하기 좋아요.,0.14356387583854377
event,이태리국시,맛있어요 분위기 좋습니다,0.53666908122576
event,이태리국시,주말 저녁에 데이트 겸 방문했는데 웨이팅없이 입장했습니다. 분위기도 좋고 맛있어서 데이트 코스로 추천합니다! 숯불대창돌솥파스타가 특히 맛있습니다!!,0.25468694741649156
event,이태리국시,한식이랑 양식 퓨전인데 담백하기 딱 먹기 좋아요! 느끼하기 싫어하시는분들 딱b! 데이트로 오기 분위기도 좋고 추천해용,0.2427634042506045
event,이태리국시,"청양파스타가 맛있어용 닭고기가 올라간 리조또는 삼계탕이랑 맛이 아주 똑같습니다 ㅋㅋㅋㅎㅎ 편히, 라이트 하게 먹기 좋아요",0.09299909583039996
event,이태리국시,정말 맛있고 행복한 시간이었어요. 배우자와 함께 아늑하고 따듯한 시간 보내고 갑니다. 다음에도 또 와서 즐거운 시간 보낼게요. 정말 좋은 날을 만들어줘서 고마운 공간입니다. 맛있어요!,0.23428074248164357
event,이태리국시,"세련된 인테리어와 감각적인 조명, 입구부터 '성공적'인 데이트를 예감케 하는 곳이였어요😍 직원분들의 세심한 서비스 덕분에 아내와 대접받는 기분으로 완벽한 시간을 보냈어요ㅎㅎ - 메뉴별 한줄평 • 대창돌솥파스타 : 돌솥 열기에 녹아든 대창의 고소함! 마지막 한 입까지 뜨겁고 진한 풍미가 예술 • 반계마늘리조또 : 마늘의 깊은 향과 부드러운 닭고기의 조화. 보양식급 든든함과 고급스러운 감칠맛의 끝판왕! • 알배추갈비샐러드 : 익힘의 정도가 완벽한 알배추와 육향의 미친 조화! 메인 요리 사이에서 중심을 잡아주는 최고의 킥! - 총평 단순한 식사를 넘어 '감동'을 선사받은 기분입니다. 맛, 분위기, 서비스까지 빈틈이 없어 서울 올 때마다 무조건 재방문 0순위이네요ㅎㅎ 강력 추천합니다✌🏻",0.1006496750786217
event,이태리국시,"퓨전 음식들이 많고, 색다른 느낌을 경험할 수 있어서 좋아요!",0.15601735939383224
event,이태리국시,곱창파스타 대창파스타 먹었는데 맛있어용 둘다 곱창 대창 꽤 넉넉히 들어있어서 좋았습니다 대창이 곱창보단 좀 더 한식스러운 맛인데 짬뽕맛과 비슷하다고 느껴졌어요. 개인적으론 곱창이 더 취향이었습니다. 잘먹었네용,0.10287022667226328
event,이태리국시,"여자친구와 방문했습니다. 일단 음식도 다양하고 너무 맛있네요! 매장도 엄청 넓고, 분위기도 아늑하니 좋아요! 다음에 또 방문할게요",0.3325607041516118
event,이태리국시,음식이 맛잇고 매장이 쾌적해서 좋아요,0.18654310707949362
event,이태리국시,그냥 파스타랑 평범한 리조또랑 다르게 한식도 좋아하는 저에게 안성만춘이었던 식당이었습니다 파스타 진짜 너무너무 맛있어요 감칠맛 폭발,0.10791689465993537
event,이태리국시,닭리조또 꼭 드셔보세요!! 정말 맛있어요~ 다른 음식들도 맛있으니 데이트할때 들려보세요ㅎ,0.11603948790037302
event,이태리국시,우연히 찾아보다가 너무 맛있어보여서 왔는데 역시나 맛있어요! 일단 해산물과 대창에서 냄새가 하나도 안나고 싱싱하도라구요? 잡내도 없고 오랜만에 파스타 맛있게 먹었습니다!👍🏻,0.10675263940892868
event,이태리국시,분위기 괜찮네요👍 음식도 밸런스가 좋았습니다!,0.26694171063468863
event,이태리국시,완전 맛있어용 이렇게 두개 꼭 시켜드세용!! 매장 안도 넓고 저는 예약없이 들어왔는데 창가 앉으시려면 예약하셔야해여,0.18459662036929925
event,이태리국시,너무 맛있어요! 친구들과 야무지고 즐겁게 먹고 갑니다ㅎㅎ💓,0.21900036265109601
event,이태리국시,음식 맛있었어요! 주문하는 방법이 신기했어요. 음식은 좀 늦게 나와서 웨이팅하고 들어와서 주문다 하고 먹는데까지 너무 배고파요ㅋㅋ 음식은 맛있었어요! 메뉴들 다른거 먹으러 또 올게요,0.13698896951292516
event,이태리국시,성수 맛집 검색후에 왔는데 맛있어요 ㅎㅎㅎ 깔끔하고 분위기도 좋아요,0.24541735371714576
event,이태리국시,퓨전 이태리음식이여서 궁금했는데 대창파스타 너무 저와 남편입맛에 딱이었어요!!🤤 해산물 좋아하면 갑오징어 파스타도 추천해요!!,0.13327290199682537
event,이태리국시,오늘 회사 단체 점심으로 먹으러왔는데 다양하게 맛있게먹었어요~ 대창이 아주 실하고 불향이 확나네요 피자가 아주 프레시하니 맛있어요 시그니처 바질 파스타 국물도 국밥처럼 시원해요,0.11219126305504329
event,이태리국시,성수 서울숲 데이트 하러 온김에 온 이태리국시 성수점입니다 한국 퓨전 양식 좋아하는 사람이라면 만족하면서 먹을수 있을만한 집입니다 특히 빈계마늘리조또랑 갈비 알배추 샐러드가 맛있네요~,0.13930964460247297
event,이태리국시,"메뉴 3개 모두 처음 먹어본 메뉴였는데, 너무 맛있었습니다~ 특히 알배추 항정살이 참기름과 소스 조화가 너무 잘어울렸어요 ㅎㅎ 분위기도 좋고 또 오고 싶은 맛집입니다",0.1826006488649676
event,이태리국시,"주문한 파스타는 면 익힘 정도가 적당했고 소스도 진하면서 부담스럽지 않아 맛있게 먹었습니다. 특히 재료가 신선한 느낌이 나서 더 좋았습니다. 다만, 음식이 나오는 시간이 조금 걸린 점은 아쉬웠지만 그만큼 정성 들여 준비하는 느낌도 있었습니다.",0.09190890670050664
event,이태리국시,메뉴도 특별하고 너무너무 맛있아요!!! 매장 분위기도 좋아서 맛있게 먹구 갑니다 ㅎㅎ,0.19739499734658889
event,이태리국시,예약하고 방문해서 대기 없이 바로 입장했어요. 매장 넓고 분위기도 좋아서 편하게 식사하기 좋았습니다. 특히 반계 마늘돌솥리조트가 진짜 맛있었어요! 마늘 향이 은은하고 닭도 촉촉해서 계속 손이 가는 맛이에요.,0.12415187479056311
event,이태리국시,생일 기념으로 와서 언니오빠들이랑 맛있게 먹고 갑니당,0.11897776826593737
event,이태리국시,다같이 모임하기 좋은 장소인거 같아요! 메뉴도 하나하나 너무 맛있었습니다~~ 뇨끼 장난아니고 감튀도 바삭바삭하고 리조또 진짜 추천입니다~~,0.18200545018553407
event,이태리국시,맛있게 잘 먹었습니다! 다른 메뉴들도 궁금해요!,0.24853249782035805
event,이태리국시,"좋아하는 뇨끼, 트러플치즈뇨끼는 혼자만 먹고픈 특별함~ 대창파스타, 생각보다 안매워👍🏻 모두 으음~ 반계마늘돌솥리조또는 나의 짝,아버님 추천 모두 만족한 저녘시간",0.1292917599776065
event,이태리국시,해외에 오래 살다 온 동생이랑 왔어요 한식 퓨전 양식이라 한국적이면서도 특이한 메뉴가 많아 좋았습니다,0.14740046589780403
event,이태리국시,넘 맛있었구 친절하세요 ㅎㅎ 또올게요 !,0.2904096784898491
event,이태리국시,이태리 국시 성수점 음식 .굿 분위기도 굿~~ 메인 곱창파스타도 너무 맛있네요👍👍👍 자주이용할께요~,0.14315787685597742
event,이태리국시,맛있다고 유명한 곳이라 기대하고 방문했습니다ㅎ 특선메뉴랑 시그니처로 담아봤는데 기대보다 더 맛있어서 좋았어요 행복한 식사였습니다~,0.14472293692141414
event,이태리국시,분위기 좋고 맛있어요 💛,0.5830277909632468
event,이태리국시,오랜만에 성수로 나와서 흔한 양식이 아닌 색다른걸 먹어보고 싶어 방문했습니다 원픽이었던 대창파스타가 품절이라 못 먹은게 아쉽지만ㅠㅠ 곱창파스타와 알배추 샐러드 청양크림파스타까지 맛있게 먹었어요! 피클대신 짜지않은 무짱아찌까지 오히려 잘 어울렸어요~ 다음엔 대창파스타 꼭 먹어보러 올려고요🥰,0.10212722287708029
event,이태리국시,파스타 종류가 다양한데 다 새로운 것들이라 좋았어요! 음식 더 너무 맛있구 에이드도 너무 맛있어요..🥹 식당 분위기도 좋아서 파스타 먹기에 좋아용 단체로 와도 좋구 데이트로 와두 너무 좋을 것 같아욤 맛있게 먹구 갑니다🖤,0.19813512997397434
event,이태리국시,어디가야할지 고민하다가 이름이 ㅋㅋ 재밌어서 찾아와봤어요 간판이 좀 눈에 안띄어서 첨에 살짝 헤매긴했습니다ㅠ 메뉴는 세개 시켰는데 개인적으로 알배추 갈비 샐러드?(첫사진)이 제일 좋았어요!! 한우 대창 파스타도 매콤해서 좋았고요 ㅋㅋ 바질 해산물 파스타도 맛있긴했는데 면이 조금 낯설어서 ㅎㅎ 암튼 맛있게 잘 먹고 갑니다!,0.16073944052570893
event,이태리국시,음식이 꽤 정갈하게 나와서 기분이 좋았습니다 대창 실하구요ㅎㅎ 초등 아이와 같이왔는데 갈비와 알배추 정말 맛있게 먹네요~ 첫 방문이었는데 리스트에 넣어 두겠습니다^^,0.09819922095985713
event,이태리국시,"새로운 맛집 발견. 지도에서 평점과 평점 개수가 괜찮아서 왔는데, 만족하고 갑니다. 청양라구갈비파스타와 반계마늘돌솥리조또를 주문. 인상 깊은 건 반계마늘돌솥리조또. 푹 고은 삼계탕을 잘 조려서 리조또하고 거기에 수비드한 튀긴 반계.. 이런게 진짜 퓨전이다 싶음.",0.10468034650046568
event,이태리국시,맛잇네요 숯불대창 돌솥파스타는 매콤하니 맛잇고 반계마늘리조또는 마늘향이 진하니 맛나요. 닭고기도 연하네요! 담에 또 오고싶어요,0.13551458534089209
event,이태리국시,음식도 맛있으며 이태리국시만의 특별한 메뉴도 맛 볼 수 있어서 좋았어요. 인기가 많은 식당이라 원하는 시간대 예약 하고 오시는게 편하실 거예요. 추천 합니다.,0.13187805417967371
event,이태리국시,처음 방문했는데 너무 맛있어요.. 또 방문할 거 같습니다👍🏻,0.23663617132900044
event,이태리국시,"특별한 곳에서 특별한 맛을 느낄수 있었어요 맛있어요~~감튀도 왜케 맛있는거죵,?ㅋㅋ덕분에 즐거운 데이트 했어요^^",0.20574297509072945
event,이태리국시,예약 하고 오길 잘 했어요~~ 맛집인 만큼 대기가 길어요~~ 음식도 익숙한듯 하지만 새로워서 맛있게 잘 먹었어요~~,0.13187805417967371
event,이태리국시,"곱창치즈돝솥파스타 정말 추천해요. 곱창은 잡내 없이 쫄깃하고 고소했고, 치즈는 듬뿍 올라가서 진한 풍미가 좋았어요. 파스타 면도 소스가 잘 배어 있어서 끝까지 맛있게 먹었습니다. 곱창의 짭조름한 맛과 치즈의 부드러움이 잘 어울려서 생각보다 조합이 훨씬 좋았어요. 색다른 메뉴 찾는 분들이라면 꼭 한 번 드셔보세요!",0.1218529075198724
event,이태리국시,분위기 좋은 곳에서 넘나 맛있는 음식👍🏻👍🏻 데이트하러 또 와야겠어요,0.2031699623885393
event,이태리국시,음식이 너무 맛있어서 추가 주문 할 정도로 좋았습니다. 다음에도 또 오고 싶네요.,0.1565336401921969
event,이태리국시,너무 맛있었습니다. 분위기가 너무 좋아여.,0.46411476604259627
event,이태리국시,대표메뉴 두개 시켜봤는데 이유가 있네요!! 돌판이라 식지 않아서 넘 따뜻하고 맛있어용~ 다만 대기가 너무 길어서 예약하는게 좋을 것 같습니당,0.1168362049906778
event,이태리국시,대기시간은 조금 있었지만 음식은 진짜 금방나왔어요🥰 테이블에 있는 QR코드로 주문하니까 빨라서 너무 편했어요! 이번 메뉴도 너무 만족하고 다음번에 들러서 다른 메뉴도 먹어보려구요👍🏻,0.13953817299022003
event,이태리국시,맛있게 잘먹었어요 종종 생각나서 방문하는 곳입니다,0.06745513621805015
event,이태리국시,"저희는 오늘 청양봉골레크림파스타랑 불고기쌈피자 시켰고, 피자는 도우가 또띠야같은 얇은 도우로 되어있어서 뭔가 타코나 부리또같은 느낌이었구요, 피자라고 하면 좀 무거울 수 있는데 채소가 가득있어서 무겁지않고 산뜻한 맛이었어요🥹청양 봉골레크림 파스타는 매운맛이 쎄지않으면서 산뜻하게 입안을 정리해줘서 좋았고 면도 기본 파스타면이랑 다른 면이 오동통?해서 전체적으로 식감이 다양해서 좋았습니다🫶🏻평소 먹던 봉골레랑은 다른 느낌? 하이볼도 술 못드시는 분들도 드실 수 있을만큼 술맛이 강하지않아서 좋았어요🥹❣️그리고 가게 이름이 이태리국시라고 해서 좀 정겨운 가게 분위기 생각했는데 엄청 세련된 양식당 느낌이라 새롭고 인테리어나 분위기도 좋았습니다🤭🤭🤭데이트장소 찾으시면 이태리국시 추천드려요, 잘먹었습니다:)",0.09152153515450721
event,이태리국시,진짜 맛있어요! 간도 딱 맛있는만큼 짭짤하니 딱 좋아요! 추천추천 또 올거에요!! 돌솥에 나와서 음식 온도도 맘에들어요 싹싹 다 먹었습니다,0.21931035530563642
event,이태리국시,쌈 피자 맛이 예상했던 것과 달리 가볍게 맛있어서 좋았어요. 바질해산물파스타도 국물이랑 면이 맛있어서 넘 좋았어요😆,0.22046990576612335
event,이태리국시,음식이 깔끔하고 너무 맛있었습니다 내부 분위기도 좋아서 데이트 코스로 딱이에요!,0.24451666275786632
event,이태리국시,동친이랑 오랜만에 성수나들이 왔다가 들렀습니다. 특별한 메뉴가 먹고싶어 왔는데 역시 즤 동네는 없는 메뉴들이 독특하게 다가오네요^^ 맛있었습니다! 오징어와 관자도 싱싱하고 대창도 통통하네요! 오늘의 메뉴는 가성비도 좋아요^^,0.08770540004860558
event,이태리국시,외국인친구들이랑 방문했는데 맛있다고 다들 좋아하네요~😊 만족스럽습니다,0.12543550594071123
event,이태리국시,분위기가 엄청 좋아요! 맛있어요!!,0.3158268078262732
event,이태리국시,냠냠 참신한 조합에 플레이팅이 아주 아름다워요 좋은 시간 보내고 갑니다!,0.27102624627976685
event,이태리국시,음식이 너무너무 맛있고 시끌벅적하지않아 좋았어요 담에도 또 방문 할게용~!!,0.1900032470339826
event,이태리국시,"퓨전양식 처음 먹어봤는데 너무 맛있어요! 허겁지겁 먹느라 사진을 처음에 못찍었는데 플레이팅도 예쁘고, 너무 맛있게 잘 먹었습니다!",0.175331279508892
event,이태리국시,"대창 파스타가 궁금해서 방문해봤는데, 기대 이상으로 만족스러운 식사였어요! 자칫 느끼할 수 있는 대창의 풍미를 소스가 완벽하게 잡아줘서 끝까지 질리지 않고 정말 맛있게 먹었습니다 😊 혼자 방문했지만 분위기도 좋아서 편하게 식사할 수 있었고, 다음에는 꼭 남자친구랑 다시 오고 싶은 곳이에요. 데이트 장소로도 정말 추천드려요! 💕 맛, 분위기, 만족도까지 모두 갖춘 곳이라 재방문 의사 100%입니다 👍",0.18150514004992863
event,이태리국시,맛있고 특별한 맛이예용 데이트하기도 친목하도 조아요 ㅠㅠ 💖,0.20472437890463346
event,이태리국시,어버이날이라서 여기 성수동에 맛집검색후 예약없이찾아왔어요 기다림없이 자리착석 주문후 요리나오는 시간은 조금걸려서 살짝 지루했는데.. 음식이 나오니..눈이 즐거움과 맛에 반했어요 특별한날 추천합니다 👍,0.10645849029830078
event,이태리국시,대창 돌솥파스타~~ 살이 통통해요!! 너무너무 맛있습니다. 데이트로 강력추천 해요~~,0.1647280255860578
event,이태리국시,음식 다 맛있고 직원분들도 다 친절하세요 대창진짜 맛있어요,0.30052179253869243
event,이태리국시,처음 먹어보는 맛이라 신기했습니다! 파가 들어간 게 킥이네요 다만 서울인지라 가격은 고려하셔야합니다 ㅎㅎㅎ 콜라가 5500원이라 포기했어요 ㅠ 다음번에는 곱창이 들어간 파스타와 갈비가 들어간 리조또를 먹어보고 싶네요.,0.08375460454159256
event,이태리국시,특색있는 메뉴 맛있게 잘 먹었어요 다음에 또 올게요 👍,0.2780574670872265
event,이태리국시,숯불대창파스타 먹었는데 숯불향이랑 대창 고소함이 진짜 잘 어울려요 🤤 느끼하지 않고 계속 손 가는 맛이라 순삭했습니다 🍝 대창 좋아하시면 꼭 드셔보세요!,0.11936823462055682
event,이태리국시,분위기도 너무 좋고 메뉴도 흔치 않은 메뉴라 너무 신선하고 좋았어요!!☺️ 깍두기 리조또가 정말 맛있옸어요 ㅠㅠ… 정말 추천합니다❤️,0.25794843904961984
event,이태리국시,퓨전 양식집 와봤는데 넘 맛있어요! 닭고기도 촉촉 부들 넘 맛있구 대창도 넘 맛있어서 순식간에 흡입했네욤&gt;&lt; 다음에 또 올게요~~,0.16178003482359188
event,이태리국시,맛있게 먹고 갑니다~~ 한식과 양식이 오묘히 섞여있어요 일본에 지점 내주세요,0.2143324145669557
event,이태리국시,매장도 깔금하고 색다른 메뉴인데 맛있었어요 ♥️♥️,0.16607986494813412
event,이태리국시,고기가 부드럽고 맛있고 파스타도 안느끼하고 잘먹었습니다. 피자는 또띠아 느낌나서 막있게 잘먹었습니다.,0.17463248009716115
event,이태리국시,"숯불갈비깍두기리조또랑 청양차돌오일파스타, 감자튀김 먹었어요. 전체적으로 자극적이거나 짜지않고 맛있어요. 깍두기리조또는 뭐랄까 고깃집에서 숯불갈비먹고 밥 볶아먹는 맛이에요 갈비도 부드럽고 맛있었어요 흔하지않은 신기한 메뉴들이 많아서 다음에 또와서 다른메뉴도 먹어보고싶어요!",0.11417612148067766
event,이태리국시,음식 하나하나가 너무 맛있고 엄청 친절하시고 매장도 분위기있고 깔끔해요 음식하나하나 신경쓰인게 보이고 너무 잫먹었습니다 데이트맛집추천👌,0.16099388481526078
event,이태리국시,근래 성수에서 갔던 식당 중에 제일 맛있어요 맛있는 메뉴가 너무 많아서 고르기 어렵다는 점… 숯불대창돌솥파스타 꼭 드시길 추천드립니당 !,0.1239241240489589
event,이태리국시,"""성수동 나들이 왔다가 비주얼에 홀려 들어간 곳인데, 기대 이상이에요! 뚝배기에 담겨 나와서 마지막까지 따뜻하게 먹을 수 있는 게 신의 한 수네요. 특히 대창 파스타는 고소한 대창이 입안에서 팡 터지면서 매콤한 소스랑 찰떡궁합입니다. 같이 주문한 시원한 에이드로 입가심하면 무한 흡입 가능! 양도 푸짐하고 분위기도 힙해서 성수동 데이트 코스로 강추합니다.""",0.11990755227511998
event,이태리국시,메뉴가 특별한데 맛있어서 너무 좋았어요☺️ 다음에 떠 방분할 것 같습니다🫶🏻,0.22046990576612335
event,이태리국시,음식 양이 좀 적어요 ㅋㅋ 아이들과 즐기기에도 가족과 즐기기에도 적합해요 ~ 음식은 다 맛잇네요 !!,0.12476161999490593
event,이태리국시,"가족과 성수동 나들이왔다가 들렸어요. 대기예정이었는데 마침 자리가 나서 바로 입장했습니다. 갈비찜버터파스타,곱창돌솥파스타,불고기쌈피자를 시켰는데 한식과 양식이 잘 어우러지고 정말 맛있어요. 재방문의사 있습니다 ^^",0.1409949650819492
event,이태리국시,"오일파스타, 대창돌솥파스타, 알배추 숯불갈비 샐러드를 시켰는데요!!!! 진짜 너어무 맛있었어요 분위기도 힙하고 음식도 퓨전이라 색다르고 맛있었어요🤓",0.17645089567886613
event,이태리국시,성수 맛집 알아보다 오게 되었는데 대창돌솥파스타도 너무 맛있고 직원분들도 너무 친절해서 좋았습니다!! 뷴위기도 좋아서 다음번에 또 방문하겠습니다😀,0.16906541529464625
event,이태리국시,여기 진짜 좋아요 분위기 좋고 맛 좋고 직원 분들도 친절하세요 성수 오면 여기서 저녁 먹는 거 추천해요 !!,0.33222011083684616
event,이태리국시,"처음으로 방문했는데, 매장 내부부터 분위기가 너무 좋아서 놀랐어요🥹데이트 하기에 엄청 좋을 것 같아요!! 그리고 숯불 갈비 깍두기 리조토가,,정말 맛있었어요 갈비도 엄청 부드럽고, 적당히 매콤해서 다른 메뉴들과 곁들이기 좋았어요🤤 대창파스타에 들어가있는 대창도 잡내 전혀 없고, 부드러워서 맛있게 먹었습니다!!",0.2253643791674388
event,이태리국시,한식으로 해석한 이탈리아 요리였어요! 신선하고 자극적이지 않고 아이도 어른도 정말 맛있게 먹을수 있었어요 다음엔 친구들하고 와봐야지 ㅎ,0.12343022487793834
event,이태리국시,맛있어요! 파스타 면 맛이 특이해요!,0.1950271862190106
event,이태리국시,"친구랑 성수 놀러온 김에 파스타 먹으러 왔습니다~ 대기가 조금 있었지만 기다린 보람이 있는만큼 맛있었고, 빠에야 추천드립니다😋 다른 메뉴들도 엄청 맛있었고 가게 분위기도 좋아서 다음에 또 올거 같아요! 다음에는 퍈하게 예약하고 오려구요😊",0.1398761181354452
event,이태리국시,분위기도 너무 이쁘고 직원분들도 너무 친절합니다! 그리고 메뉴가 독특했는데 넘 맛도리네요~! 다음에도 또 방문하고싶어요,0.13574547817388985
event,이태리국시,"뇨끼랑 바지락찜 파스타, 반계마늘돌솥리조토 먹었는데 바지락찜 파스타는 국물이 넘 맛있었고 뇨끼의 약간 느끼함을 잡아줘서 맛있게 먹었네요. 리조터도 고소하니 맛있었네요.",0.09745143978727346
event,이태리국시,음식이 특이하고 맛있어요 이색파스타를 먹고싶으면 와도 좋을것같아요 분위기도 좋고 음식맛도 좋아서 좋은시간 보내고 갑니다~,0.2744422865626489
event,이태리국시,남친이랑 데이트 하러 와서 찾게 되었어요!! 분위기도 넘 좋고 무엇보다 맛이 진짜 굿이에요 특히 피자가 진짜 맛도리… 다음에 성수 오면 또 오겠습니당,0.1966650735524545
event,이태리국시,오랫만에 성수 나들이로 맛집 검색하다 오게 되었어요~ 6명 인원이 같이 앉을수없어 앞뒤로 앉아 먹었어요 역시 평 좋은 이유가 있었네요 음식 다 맛있어요 아이들도 넘 맛있다고 다 잘먹네요~^^ 이중 제일 맛난걸 뽑자고 하니 어려웠지만 전 첫번째사진 딸은 두번째 사진이네요ㅎㅎ,0.11363830252978882
event,이태리국시,찐 성수맛집!! 메뉴 하나하나 다 맛있어요 분위기도 좋고 무엇보다 재료가 신선하고 맛있어서 만족도가 높았어요 음식도 빨리 나오고 남김없이 다 먹었어요 또 오고 싶어요 ㅎㅎ,0.23195826022867272
event,이태리국시,"특별한 메뉴에 특별한 맛까지!! 가게 분위기도 넘넘 좋아서, 기분 좋게 맛있게 잘 먹고 갑니다ㅎㅎㅎ",0.20574297509072945
event,이태리국시,서울온김에 분위기내고 싶어서 처음 왔는데 한식양식 동시에 먹는거같아서 좋았어요 데이트 하기 분위기도 좋고 추천드려요 👍👍,0.19152704485267913
event,이태리국시,"반계리조또 너무 맛있어요! 대창파스타도 자극적인 맛,,, 최고! 상추장아찌랑 곁들여서 먹으면 넘 맛있습니당! 잘 먹고 갑니다 ~~",0.1887235372219376
event,이태리국시,가게이름답게 멋진 퓨전음식을 파는 곳!! 파스타와 한식의 조합이 적절하게 어우러져서 더 맛있었어요 다른 메뉴 도장깨기하러 다시 올게요🤗,0.169798807812162
event,이태리국시,오랜만에 성수로 데이트 왔는데 날씨와 음식이 너무 조화로워요 백점입니다 즐거운 데이트 하겠습니다,0.20216434878126122
event,이태리국시,"음식이 진짜 맛있었어요^ ^ 돌솥이라 끝까지 따뜻하게 먹을 수 있어서 좋았고, 양념도 너무 짜지 않고 딱 좋았습니다. 고기도 부드럽고 불향이 살짝 나서 더 맛있었어요. 같이 나온 메뉴도 국물 맛이 진하고 얼큰해서 밥이랑 잘 어울렸습니다. 전체적으로 재료도 신선한 느낌이었고 양도 꽤 푸짐했어요. 다음에 또 방문하고 싶어요!",0.28302275554717504
event,이태리국시,대창파스타랑 불고기 쌈피자 먹었는데 다른 곳에서는 먹어보지 못햇던 메뉴라 신선했어요. 대창 파스타는 대창이 엄청 고소하고 피자도 야채랑 불고기가 잘어울려서 잘먹었습니다 다음에또올게요,0.1191602890656171
event,이태리국시,아이가 다니는 학원건물에 있는데 항상 사람이 많아서 와봤어요. 운좋게 대기없이 바로 식사가능했습니다^^ 면 좋아하는 아이들이 엄청 맛있다고 잘먹네요ㅋ,0.1337533679437057
event,이태리국시,성수동 왔다가 파스타 맛집 찾아왔어요. 기대보다 훨씬 맛있어서 너무 잘 왔다 싶네요. 다음 번엔 다른 종류도 먹고 싶어요^^,0.1565336401921969
event,이태리국시,신기한 메뉴가 있어서 처음 도전해 보았는데 너무 맛있어요~~~ 바지락 찜 파스타는 언제나 맛있습니다. ^^,0.19731538871984697
event,이태리국시,오랜만에 서울 나들이~~~ 맛있어보이는 가게를 찾다가 이태리국시를 발견하고 바로 이동! 12시가 되서 도착했지만 이미 만석.. 다행히도 웨이팅은 1빠!! 로 조금 대기하다가 바로 들어왔어요 배고파서 바로 음식을 시키고 이야기를 하다보니 바로 나와서 맛잇게 먹었습니다 ㅎㅎ 뚝배기에 나와서 따듯함이 오래 유지되서 좋고 맛도 좋아요 ㅎㅎㅎ 다음에는 예약하고 와서 다른 메뉴도 먹어봐야겠어요 ㅎㅎ,0.10598514006286533
event,이태리국시,리조또와 파스타 모두 맛있어요! 친절하시고 식당 분위기도 좋습니다.,0.3938398240600074
event,이태리국시,음식이 다 너무 맛있었어요 분위기도 좋았고 다음에다시 오고싶어지네요—^^,0.18692742937991888
event,이태리국시,양이 적은건 아쉽지만 맛있어요. 아이들입맛 저격 담에 또 먹고싶은맛 연인끼리 강추!,0.09164996249433358
event,이태리국시,전반적으로 맛있고 분위기도 좋아서 조용한 곳 원하시는 분들은 좋을것같아요! 음식도 빨리 나오는 편입니당,0.1955360053614915
event,이태리국시,분위기도 좋고 맛있어요~👍😋,0.5858492152744685
event,이태리국시,양식과 한식 퓨전이라 독특한 메뉴가 많은데 하나같이 맛있어요! 글라스 와인 종류도 다양해서 더 좋았습니다 ㅎㅎ,0.14740046589780403
event,이태리국시,"들어오자마자 공간이 넓고 탁트여 있어서 좋았는데, 음식도 너무 맛있어서 대만족입니다 ㅠㅠ!! 친구랑 둘이 왔는데 배불리 잘 먹고 행복한 시간 보내고 가네요•• 서울숲 오면 다음에 또 방문하고 싶어요 !!",0.2183879450907936
event,이태리국시,연인과 같이 방문했는데 양도 많고 너무 맛있었습니다.특히 깍두기&amp;삼겹 리조토가 진짜진짜 맛있었어요.후회하지 않을 맛집입니다.강추!,0.15418150552796733
event,이태리국시,"이태리국시에 다녀왔는데 정말 만족스러운 식사였습니다! 우선 매장 분위기가 차분하고 모던해서 데이트하기에 딱 좋더라고요. 사진 속 샐러드 피자는 신선한 채소가 듬뿍 올라가 있어서 입맛을 돋우기에 최고였고, 도우도 쫄깃해서 마지막 한 입까지 맛있게 먹었습니다. 함께 주문한 파스타는 소스가 진하고 면의 식감이 살아있어 깊은 풍미를 느낄 수 있었어요. 한식과 이탈리안의 조화가 이색적이면서도 익숙한 맛이라 누구와 와도 호불호 없이 즐길 수 있는 곳인 것 같습니다. 재방문 의사 100%예요!",0.1547202764630124
event,이태리국시,웨이팅 좀 있었지만 음식은 주문하고 빨리 나오는 편이라 좋았어요! 음식 비주얼도 예쁘고 분위기 좋아서 모임하기도 괜찮을 거 같아요!!,0.18749034488396188
event,이태리국시,"매장이 넓어서 편하고 음식이 맛있어요 특히 파스타가 엄청 맛있었고, 떡볶이에도 떡 말고 파스타랑 치즈도 많이 들어가서 맛있어요~~",0.18654310707949362
event,이태리국시,직원분들도 친절하시구 메뉴들이 다 특이해서 그중 베스트로 먹어봤는데 역시 맛없없!! 인테리어도 예쁘고 담에 또 올게요~~,0.15079731683183623
event,이태리국시,너무 맛있게 잘 먹었어요. 한국사람 입맛에 최적화된 이태리 국시인 것 같아요.,0.17376796926044796
event,이태리국시,한식 양식 퓨전느낌인데 너무 맛잇어요 분위기도 좋아서 친구들이랑 좋은 시간 보내고 갑니다! 또올게요!,0.27102624627976685
event,이태리국시,분위기가 너무 좋고 음식도 너무 맛있습니다👍,0.46411476604259627
event,이태리국시,성수 최고의 파스타집 맛있어요. 뚝섬역 근방,0.14222253786364628
event,이태리국시,색다른 맛과 비쥬얼! 궁채나물도 상큼해서 좋았습니당 ;),0.1302630711459807
event,이태리국시,인스타에서 보구 오게 됐는데요! 분위기가 되게 모던하구 음료와 주류가 다양하더라구요 ㅎㅎ 음식은 전체적으로 한식 퓨전인데 새로운듯 익숙한 맛이었어요 어떤 음식이든 실패가 없을거 같은 곳이었구 에이드두 넘 맛있었어요~ 담에 기회가 되면 다른 메뉴도 먹어보러 또 올거 같아욤 😀,0.09423976742177446
event,이태리국시,친구와 밥먹으려고 들른 이태리국시 성수점!! 저희는 숯불갈비/깍두기돌솥리소토와 바지락찜 파스타를 주문했습니다! 음식 너무 맛있어서 강추드려요 양식과 한식의 융합이 궁금해서 방문했는데 매우 성공적인 것 같습니다!! 여기는 뚝섬역에서 가까우니까 성수 말고 뚝섬에서 내리셔서 걸어오시면 금방이에여!! 한 번 방문해보세요~,0.14138590242868934
event,이태리국시,메뉴구성이 좋고 모두다 신선하고 맛있어요. 또 오려고요,0.2754163964676206
event,이태리국시,존맛이에여 이거 어떻게 만들져,0.08232699960386082
event,이태리국시,우연히 사진에 이끌려 들어왔는데 너무 너무 맛있었던 곳🥹😍 다음엔 남자친구랑 같이 방문할래용!!😙,0.15026654060864475
event,이태리국시,"한식과 양식의 절묘한 퓨전 숯불고기쌈피자, 갈비 깍뚜기 리조토 주문했는데,. 모두 성공!!! 친숙하면서도 친숙하지 않은 새로운 맛이네요... 독특하면서도 맛있는 곳을 찾으신다면 함 방문해보세요~~^^ 성수 핫플 인정~~",0.08194374447878686
event,이태리국시,특별한 메뉴들이 많아서 좋아요! 고민고민하다 아이가있어서 곱창대창 빼고 갈비 위주로 시켰네요(다음엔 곱창 먹어볼겁니다) 고기 부드럽고 맛있어욧! 배추샐러드 어떻게 만드신거죠.. 아이가 야채를 먹어요….ㅎㅎ 항상 접하던 파스타가 아닌 새로움! 갈비찜버터파스타! 오일파스타인데.. 달라달라 우리가족 1위메뉴였습니다^^,0.11615776452400002
event,이태리국시,주말에 운이 좋게 웨이팅 없이 먹었는데 손님들이 끊임없이 오는데도 직원분들도 모두 친절하시고 음식도 너무 너무 너무 맛있어요👍👍👍 👍👍성수에 오게 되면 또 방문하겠습니다아앙😀,0.21302407060254447
event,이태리국시,친구랑 뚝섬놀러왔다가 검색해서 들른곳~! 색다른 메뉴라 신선하고 맛도 좋네요!! ㅎㅎ 맛있게잘먹고갑니당~~~~^^,0.14926771413393336
event,이태리국시,어디서도 보지 못한 특별한 메뉴들이 있어서 재밌었고 음식들도 다 맛있었어요! 성수에 오면 한번쯤 와서 먹어보면 좋을 것 같은 맛집인 것 같아요💗,0.10176969897751734
event,이태리국시,성수동 이태리국시집 방문! 반계리조또 고소하고 진해서 계속 손이 가요. 닭고기도 부드럽고 양도 넉넉해서 든든했습니다. 곱창 국시는 적당한 칼칼함에 면 식감도 쫄깃해서 밸런스가 좋아요. 분위기도 깔끔해서 재방문 의사 있어요.,0.13868675132698965
event,이태리국시,분위기 너무 좋고 음식도 진짜 맛있었어요! 특히 대창돌솥파스타가 완전 레전드… 불향이랑 고소한 대창 조합이 미쳤고 돌솥이라 끝까지 따뜻하게 먹을 수 있어서 좋았어요. 직원분들도 친절하시고 매장 분위기도 감성 있어서 데이트나 친구랑 오기 딱 좋은 듯! 다음에 또 방문하고 싶어요 👍,0.28302275554717504
event,이태리국시,분위기도 좋고 음식도 맛있었어요! 메뉴 금방 나와서 좋았어용,0.2941134895506201
event,이태리국시,성수에 있는 이태리국시 다녀왔어요 🙂 전체적으로 깔끔한 분위기에 부담 없이 식사하기 좋은 곳이에요. 데이트하거나 친구랑 들르기에도 괜찮은 느낌이에요! 재방문 의사 있습니다! 😊,0.20571589925214126
event,이태리국시,반계 리조또 정말 맛있어요. 짭쪼름 고소한 맛이 일품입니다. 숯불 불고기 쌈피자 먹기 불편한 거 빼고는 재료 신선하고 넘 맛있었어요. 숯불대창돌솥파스타는 대창 좋아하는 사람들은 정망 좋아하실 거 같아요. 대부분 창가자리라 뷰 좋고 안쪽 자리도 창 밖 시원한 뷰 보고 있어 어디 앉든 속이 뻥뚤릴 뷰입니다. 테이블 간격은 좀 좁은듯하지만 친구들과의 대화에 집중하기 어렵지 않았어요.,0.09996586172307498
event,이태리국시,베스트 메뉴와 시그니처 메뉴 파스타 2개 시켰는데 둘다 너무 맛있게 먹었습니다. 특히 시그니처 메뉴인 숯불대창돌솥 파스타는 불맛이 확 느껴져 더 맛있게 느껴졌던 것 같아요. 좋은 분위기에서 좋은 식사하고 갑니다.,0.14356387583854377
event,이태리국시,곱창파스타랑 리조또 둘다 너무 맛있고 분위기도 좋아요!!!,0.2561648983226872
event,이태리국시,"음식 맛있고, 장소가 넘 좋아요~",0.30052179253869243
event,이태리국시,"처음 와보는 곳인데, 맛있게 잘 먹고 갑니다! 양배추 샐러드 너무 맛있어요 😊😊 다음에 또 올게요 :)",0.2780574670872265
event,이태리국시,아이들과 방문했는데 음식이 전체적으로 맛있어요 깔끔하고 신선하고 간도좋아요!! 첫방문이라 베스트 위주로 먹었는데 담엔 다른메뉴들도 먹어보고 싶어요,0.12492707583577067
event,이태리국시,이탈리아 음식에 한식 느낌을 더한 메뉴들이 많아서 다른 파스타집이랑은 좀 다른 느낌에 메뉴들이라 궁금증이 있었는데 근처에서 약속이 있어서 방문해 봤어요! 메뉴들도 꽤 특이하고 전체적으로 맛이 잘 어울려서 맛있게 먹었습니다. 성수에서 색다른 스타일의 파스타 먹고 싶다면 한 번 가볼 만한 곳이에요 !,0.24853249782035805
event,이태리국시,대창파스타라니 세상 너무 맛있구요 대창도 먹고싶고 파스타도 먹고싶을때 옵니다!! 맛있어서 또 방문하고싶네요,0.10442865240364244
event,이태리국시,궁금한 음식들이 있어 방문했는데 음식 맛있게 먹고 갑니다. 대창파스타에 대창이 킥! 인테리어도 멋있었어요.,0.1510011230183715
event,이태리국시,예약 없이 왔지만 긴 웨이팅 없이 들어올 수 있었고 자칫 느끼할 수 있는 메뉴들인데 느끼하지 않아서 너무 맛있게 먹었습니다-*,0.18150514004992863
event,이태리국시,웨이팅 좀 있어도 성수동 가면 다시 갈 의향 200%에요~ 대창파스타는 걸쭉하니 진하고 바질국물파스타는 시원해요~,0.062299310443704375
event,이태리국시,성수동오자마자 먹고싶어서 달려왔네요 너무맛있게 잘먹었습니다 대창파스타 맛있네요,0.18108615201253656
event,이태리국시,음식이 정갈하고 너무맛있어요!!! 퓨전음식도 있고 종류도 많아서 다음에 또 올것같아요~~~~ 맛있게 잘먹었습니다 ㅎㅎ,0.1459088229526213
event,이태리국시,완전 야르ㅜㅠㅠㅠ ㄹㅇ 개마싯서요 매장 분위기도 조와ㅠㅠㅠ 데이트하러 오세요... 저는 칭긔들이랑 왓걸랑요,0.18459662036929925
event,이태리국시,숯불대창돌솥파스타랑 갈비찜버터파스타를 먹었습니다! 숯불대창돌솥파스타는 베스트메뉴 답게 특색있어요!! 얼큰한 숯불대창과 토마토 파스타랑 궁합이 좋네요!! 다음에도 또 먹어보고 싶은 맛이에요 갈비찜버터파스타는 장조림 맛이 나요!! 느끼하지 않고 짭짤하니 맛있게 잘 먹었습니다💖,0.12974351766677134
event,이태리국시,음식도 특이하고 너무 맛있어요! 특히 피자가 너무 맛있습니다 :)매장도 깔끔하고 재방문의사있습니다!,0.4108687855607873
event,이태리국시,빠에야가 엄청 맛있어요요오옹,0.22352425111337387
event,이태리국시,날이 너무 좋아서 벚꽃나들이 왔다가 양식먹으러 이태리 국시로 왔어요!!🌸 가게 분위기도 너무 좋고 깔끔한 매장이라서 부모님과 식사하기도 너무 좋았어요✨ 대창돌솥파스타는 대창이 엄청 토실토실하고 안에도 양념이 베어있어서 정말 고소하고 맛있어요! 느끼할것 같아보이지만 양념과먹으면 하나도 느끼하지않고 맛있어요😊 피자도 너무너무 추천드립니다!,0.19204730995884536
event,이태리국시,너무 맛있어서 다 먹은 사진밖에 없네여… 분위기도 좋고 깔끔하고 무엇보다 너무 맛있어용ㅠ 뚝섬 올때마다 들릴 거 같아여 🥹,0.18581444135079717
normal,난포,"난포 가려고 줄섰다가 인기가 많아 2시간 기다렸던 기억이 나서 무조건 예약해봤어요. 일단 같이 간 사람들 너무 다 만족했고요, 음식맛은 정말 정갈하고 맛있습니다. 남자들은 양이 조금 부족한것 같아서 하나 더 시켜 먹었어요. 나중에 배달이 되는걸 알고 배달도 또 시켜먹었네요. 왜냐하면 너무 맛있으니까!! ㅠㅠ 줄서서 기다려 먹는 이유가 있어요 ㅠㅠ",0.09310889162153069
normal,난포,음식은 맛있어요 적당히 삼삼하고 다들 강된장쌈밥이랑 새우감자전먹어서 그대로 시켰는데 둘다 맛있었어요 근데 홀 알바생 진짜 불친절해요 개띠꺼움,0.17241800705497456
normal,난포,3가지 먹은거 모두 굿! 집밥 느낌 강해요. 어른들도 퓨전한식이라 많으시고 젊은분들도 많아 맛집증명~ 재방문 의사 많이 있습니다. 평일 10시40분쯤 도착했는데 웨이팅 있었고 예약도 일부 받으니 미리 하는것도 팁~,0.10374009296998458
normal,난포,"평일은 예약안해도 괜찮지만, 예약손님 우선 입장이니까 참조하시구요! ✔️돌문어 간장국수는 새콤향긋한 느낌, 다만 살짝 간이 센 편에 속합니다! ✔️제철회묵은지말이는 제철회는 쫀득하고 묵은지가 킥인 느낌입니다. 다만 밥양이 조금 많다고 느껴지긴 합니다! ✔️강된장쌈밥은 밸런스적으로는 제일 좋은편입니다! 다만 연잎이 조금 더 부드러웠으면 좋겠다라는 생각이 듭니다! 그리고 크기가 너무 큰 느낌이 있습니다! 총평🏁 음식이 굉장히 빨리나오는 편에 속하고, 다만 손님이 많아서 주문실수가 가끔 나오기도 합니다. 하지만 전체적인 가격대비 맛은 훌륭합니다! 성인남녀 2명이서 메뉴 3개 시켰는데 딱 적당히 배부른 느낌이였습니다! 서비스적인 측면도 친절하지만 음악소리가 너무 큰 느낌이 있습니다!",0.08379046020378474
normal,난포,어버이날이 가까이 와서 아들이 효도한다고 서울의숲을 가지고해서 덕분에 옆에 있는 성수동 거리로 왔다. 맛있는 집이 많지만 특별한 음식을 파는 난포로 정했다. 퓨전한식이랄까? 문제는 연휴라 손님이 엄청 많다. 오후 한시쯤 도착해서 waiting을 걸었는데 3명이라 4명테이블이라 한시간 반이상을 기다리다 입장했네. 음식은 돌문어간장국수+간된장쌈밥+한우불고기쌈밥+새우감자전. 돌문어 간장국수를 잘 저어서 먹었는데 아불싸 아무 맛도 안난다. 그래서 콜^^ 소스가 있냐고 물어니 아불싸 간장을 첨가하지 않았다고 하시네. 이런 정신나간 요리사들 봤나. ㅉㅉㅉ 간장을 넣으니 맛있네^^ 간된장씸밥은 된장이 그릇에 살짝 있는게 아쉽다. 새우감자전도 굿^^ 그리고 커피스미스에서 커피 마시고 서울의 숲 산책. 좋은 하루였다.♡,0.052364581771264435
normal,난포,성수점은 처음인데 역시 맛있고 친절하네요,0.10273094755470982
normal,난포,음식맛있고 부모님도 좋아하셔요. 공휴일기준 50분정도 대기하였습니다.,0.0
normal,난포,메뉴 전부 맛있어요 담백하고 깔끔해요😋,0.3068150596568488
normal,난포,맛있ㅇ었고 다음에는 부모님과 같이 와야겠음,0.10895366575332874
normal,난포,"밑반찬이 맛있네요 전반적으로 건강한 느낌. 문어간장국수는 좀 짭잘했어요 저는 예약하고 가서 웨이팅은 없었는데, 평일에도 웨이팅이 많습니다 그정도의 맛인지까지는 모르겠는데 너무 기대하고 먹어서 그렇게 느끼는걸수도있고 아무튼 쏘쏘입니다 ㅎㅎㅎ",0.09193451436073294
normal,난포,:),0.0
normal,난포,"두 명이서 주말에 2시간 10분 대기하고 5시 쯤 메뉴 3개 먹었습니다 건강한 한식 좋아하는 분들은 무난하게 드실 맛입니다 직원 부르기가 힘들고 불친절하다, 양이 적고 비싸다, 간이 싱겁다, 음식이 차갑다, 매장이 춥다는 리뷰 평들이 많았는데 왜 그런지는 이해가 갔습니다 재방문은 안할 듯 싶습니다",0.12724639378402125
normal,난포,평일 점심에 갔더니 한산해서 좋았어요 예전부터 너무 가보고 싶었던 곳인데 맛과 양을 생각하면 두번은 못 갈 듯 해요 ㅎㅎ 물론 맛은 나쁘지 않았지만 그렇게 특별하진 않았고 여자 둘이서 두개 먹어도 아주 배부른 느낌은 아니었어요. 직원분들 친절하시고 매장 분위기는 만족스러웠습니다,0.10983105122162941
normal,난포,간이 밍밍해서 생각보다 그냥 그랬어요,0.11728361048646488
normal,난포,"⟡ ""성수동에서 줄 선 이유, 난포 솔직 리뷰” 성수에서 조용히 한 끼 제대로 하고 싶다면, 난포만 한 데 없어요. 제철회 묵은지말이는 상큼하게 익은 묵은지에 신선한 회를 돌돌 말아 한입 넣는 순간… 감칠맛이 촥 퍼져요. 비리지 않고 깔끔해서 입맛 없을 때도 술술 들어가요. 강된장쌈밥은 말해 뭐해요. 짭조름하고 고소한 된장을 쌈에 푹~ 떠서 같이 싸 먹으면 그냥 밥도둑 인정. 반찬도 하나같이 정갈하고 과하지 않아서 자극 없이 담백하게 즐겼어요. 분위기도 차분하고 조용해서 데이트, 가족 모임, 혼밥까지 다 잘 어울리는 곳이에요. 🔎 #성수난포 #제철회묵은지말이 #강된장쌈밥 #성수맛집추천 #한식맛집 #감성한식 #서울한식집 #성수데이트코스 #성수조용한식당",0.08483662379221574
normal,난포,서울숲역 한식 맛쥡. 한식이 땡겨서 서울숲역쪽에서 찾다가 들어갔어요. 점심 시간이라 손님들도 바글바글 ! 고민하다가 전복들깨국수랑 강된장쌈밥을 시켰습니다 ㅎㅎ 2가지 메뉴 다 간이 쎄지 않으면서 감칠맛이 터지는게 ~ 와… 인기 있는 이유가 있구나 생각했습니다 ㅎㅎ 다음에도 방문할 생각이 있을 정도로 좋았습니다 ㅎㅎ,0.05501951957510289
normal,난포,"성인 세 명에서 위 사진+한우수육 주문했습니다. 아기 두 명도 같이 가서 적당한 자리로 예약해주셨고 친절하게 안내받았어요. 음식이 모두 슴슴해서 제 입에 맞았어요. 소스나 찍어먹는 장류를 요청드렸는데, 묵은지와 나오는 찬과 함께 드시라고 권유하시더라구요. 그렇게 먹으니 조합이 딱 좋았어요!(그럼에도 불구하고 저는 새우감자전은 딥핑할 소스류가 있으면 좋겠다고 생각하긴 했습니다 ^^) 양은 많지 않지만 맛있고 기분 좋은 한끼 식사였어요! 화장실 세면대가 막혀있어서 난감했어요 ㅎㅎ",0.09255333224418781
normal,난포,묵은지말이 무조건 드셔야합니다,0.25112515257278234
normal,난포,"난포 ㅎㅎ 너무 맛있었던 식당 건강한 맛이 일품이에요 한국의 맛을 그대로 느낄 수 있어요 강된장 쌈밥, 곰국 너무 좋더라구요 성수역, 뚝섬역, 서울숲역에 가면 다들 한번씩은 가보는 곳일거에요 너무 맛이 좋더라~",0.0968149879032362
normal,난포,"성수동 인스타감성맛집 난포에서 웨이팅하고 식사했어요. 토요일 방문이었고.오픈 전 도착인데 현장 대기번호 8번이었어요. 재철회국수와 강된장 쌈밥, 새우 감저전 주문했어요. 모든 메뉴 비주얼부터 멋짐. 음식은 정갈하게 나오고 간은 세지않고 슴슴한 편이에요. 정성 가득한 느낌이에요. 제철 회국수는 살짝 아쉬운 맛이었고 쫄면 같은 면발이네요. 회는 듬뿍나오고 새우감자전, 강된장 쌈밥도 아주 맛있다기 보다는 우리 입맛에는 소소했지만 나쁘지 않았어요. 우엉, 초석잠 장아찌가 나오고 끓여서 나오는 시원한 물도 나와 좋았어요. 직원분들도 엄청 친절하시고 웨이팅은 계속 계속 있어요.",0.08873185411755205
normal,난포,맛도 그닥 직원들 서비스도 그닥..,0.10937755774600753
normal,난포,"평소 웨이팅이 긴 맛집인데 평일이라그런지 15분정도 기다렸다 들어갔어요. 제철 회국수. 회묵은지말이, 새우감자전 이렇게 먹었는데 회국수 새콤하니 맛있게 잘먹었구, 묵은지 말이에 꽂혀서 간곳인데 그닥 특색있게 맛있는건 잘모르겠지만 맛있어요...ㅎㅎ새우감자전은 차가웠는데 엄청 바삭하니 먹을만했어요ㅎㅎㅎ근데 앉은자리에서 무슨 냄새가 나는거같아 아쉬웠어요ㅠ0ㅠ",0.10937755774600753
normal,난포,"강된장쌈밥에 혹해서 들어갔는데 제철회묵은지와 돌문어간장국수에 빠져버렸다 ....❤️ 갠적으로 강된장쌈밥은 기대를 많이 해서 그런가 좀 아쉬운 삼삼한 맛이었고, 돌문어간장국수는 입맛 없을 때 먹으면 미친듯이 입맛 돌게 할 맛이에요!!! 제 남자친구는 간장국수가 가장 맛있었다고 하네용ㅎㅎ 전 간장국수도 너어어어무 좋았지만! 회러버로서 제철회묵은지 강추합니다!💕 (**강된장쌈밥 2개 이미 먹은 사진입니다! 너무 배고팠어요 ....😂)",0.07761209974441324
normal,난포,자극적인 맛 없이 깔끔하고 정갈한 한식이라 좋았고 회묵은지말이랑 회국수가 맛있었어요 🤤🤤 유명한 곳이라 웨이팅 있는데 테이블링 걸어두고 데이트 할 때 오면 좋을 것 같아요 인테리어도 음악도 옛날 느낌 (?) 뭐 그래서 신기했어요 😉,0.1336280946778472
normal,난포,예약하고 가니 오래 기다리지 않아 좋았습니다. QR주문이라 편하고 음식도 빨리 나오네요. 음식들이 짜지않고 맛있어요.,0.2913500910714625
normal,난포,굳,0.0
normal,난포,비쥬얼과 맛이 함께.ㅡ 맛있어서 또 다른 지인과 방문예약함.,0.12353666390036158
normal,난포,와우 신선하고 맛있게 웰빙음식을 먹어서 기분도 좋아졌다~~ 하나하나 다 정성이 들어간 음식같아서 더욱더 기분좋게 식사할수있었다.. 묵은지 내가 넘 좋아하는건데ㅡㅡ맛도 딱! 다음에 다시 꼭 와서 가족과 먹을예정^^,0.07804070226317579
normal,난포,좋아요,0.2508255918071312
normal,난포,쌈밥!! 진짜 맛있구요. 새우감자채 꼭 드세요!! 들깨 칼국수도 시원하니 맛있어요. 반찬으로 나온 장아찌들이 맛있어서 종류를 물어보니 초석잠이래요. 락교랑은 다른 맛이예요. 다음에 친구들이랑 같이 올래요~^^,0.17755668459510415
normal,난포,왜 인기인지 알겠더라구요! 또 갈거에용,0.0
normal,난포,이렇게 신선하고 건강하게 맛있을 수 있다니ㅜㅜ 난포 최고예요!! 예약시스템 있어서 전보다 편하게 방문할 수 있어 너무 좋습니다 ㅎㅎㅎㅎ,0.0836537617934319
normal,난포,"언제나 맛있는 난포, 오늘도 잘 먹고가요",0.17728504954898147
normal,난포,음식 깔끔하고 맛나네요 맛나게 잘 멋었습니다,0.37588592803531273
normal,난포,"투명 파티션으로 좌석을 2인석, 4인석 유동적으로 바꿀수 있음. 그래서 유도리있게 대기인원보고 충분히 조절가능할것 같음. 본인 간날 4인대기1팀이었는데 30분 이상 기다렸음. 그에 반해 2인대기는 5팀 이상 우리보다 먼저 입장하고 심지어 우리보다 늦게 와서 대기 걸고 먼저 입장하는 팀도 있었네요. 주말 점심시간이라 당연히 회전율 생각하면 4인 한팀보다 2인 두팀받는게 더 나으실테니 그러려니 하지만 최소한 예약후 대기 시간이 과하게 오래된 팀은 우선적으로 해줬어야되지 않을까요~ 암튼 단체로 가실분들은 캐치테이블로 미리미리 잘 줄서시고 피크타임때는 상황 잘 보시길",0.05524951247382326
normal,난포,여기 왜 이렇게 맛있어요 쌈밥 먹으러 왔는데 반찬 하나하나 다 신경 쓴 게 느껴지고 된장 진하니까 고기 싸먹으니 딱이네요,0.15060831976280656
normal,난포,"성수오면 난포 1순위로 웨이팅하는데 항상 실패하고 다른데 가다가 드디어 웨이팅 성공✨💛 사실 퓨전한식 당연 맛잇을거라 생각했지만 메뉴 구성이 다양해서 그 점이 제일 좋앗어요 &gt;&lt; 두명이서 메뉴 4개 시켰는데 나눠먹으니까 안질리구 끝없이 들어가더라눈 ,, ㅎㅎ 애매한 시간대에 방문했는데 저녁되니까 분위기가 무드잇게 바뀌어서 다른 가게인줄 아랏어요핳ㅎ♥️ 담주에 또 성수약속인데 또 웨이팅 성공해쓰면 ^_^",0.10191707703436742
normal,난포,부모님하고도 성수동을 즐겁게 즐길수 있다!! 크리스마스 시즌이라 가족단위의 팝업도 열리고 서울숲은 여전히 산책하기 좋습니다. 날씨가 좋은날 어머니를 모시고 거리를 즐기다 들어가기 좋은 식당. 편안한 식탁과 의자. 끼니 때 마다 김치를 찾는 어머니의 입맛을 충족시켜주는 마늘쫑과 묵은지. 따스한 곰국은 입이 잘 마르는 어르신들에게 안성맞춤이네요. 강된장쌈밥은 토속적인 기존의 이미지와는 다르게 장난감처럼 반질거리는 쌈잎에 쌓여 가지런히 나오는데 기분이 좋아지는 귀여움입니다. 개인적으로 강된장쌈밥만으로 배가 차네요. 이번 처음이라 대표메뉴를 먹어보았는데 다음번에는 간장국수나 제철묵은지말이를 꼭 먹어보고 싶어요.,0.049878974196295084
normal,난포,"음식은 대체로 맛은 있었습니다! 날씨가 너무 추운날인데, 예약을 하고도 기다리라는 말에 약간 이해가 안됐네요..물론 직원분이 날씨 이야기 하시면서 들어오라 하시긴 했는데.. 그런데다가 예약 자리가 스피커 옆인지라 음악은 크게 트셨는지.. 말소리가 안들려서 줄여달라 했습니다! 사장님이 70,80 음악을 좋아하시는지는 모르겠는데.. 음악선정도 아쉬웠오요!!",0.05894067851838488
normal,난포,"1.제철회묵은지김치:회 푸석함, 밥에 간 하나도 안되어있고 밥양 비중이 너무 높음, 목막힘 2.새우감자전:바로 조리한게 아니라 미리 해놓은듯,기름범벅 느끼함 3.강된장쌈밥:밥에 간 하나도 안되어있고 밥양 비중이 너무 높음,넓은 접시에 강된장 양도 적어서 금방 식어 차가움 결론: 인스타 사진찍어 올리기 위해 한번정도는 가볼 수 있지만 가격대비 맛이 최악이며 밥 양이 많아 배는 채울 수 있을 것 같음. 노래는 8090세대 노래 나와서 물음표이긴 하고 너무 크게 틀어서 귀아픔, 다시는 안갑니다",0.0823403775007069
normal,난포,재재재방문 맛집이고요 여전히 웨이팅있고 음식이 대체로 삼삼해요 절임류랑 먹기 좋은 간이고 제철회묵은지말이랑 돌문어간장국수가 최애인데 자주 솔드아웃이에요ㅠ많이 가져와주세여 재료..,0.07124189398093127
normal,난포,새우감자전 맛있습니다! 제철회묵은지랑 한우불고기쌈밥은 밥에 간이 안 되어있어서 그런지 대체적으로 건강한 맛입니다!! 건강한 한 끼 잘 먹고 갑니다~!!,0.1682974400613244
normal,난포,일년에 2~3번은 가는 것 같아요. 넘 맛있는데 양이 좀 적어요. ㅠㅠ,0.10014272456508619
normal,난포,비오는 4월22일 서울숲 산책하러 왔는데 비가오네요 난포에서 예쁜 강된장쌈밥이랑 한우육회묵은지말이로 시작해서 전복들깨국수의 고소함에감동하고 돌문어간장국수의 새콤함 마무리는 새우감자전 와서 드셔보세요,0.06615441977689396
normal,난포,"친구의 생일을 축하해 주려고 서울숲 맛집 난포에 방문했어요. 워낙에 줄서는 맛집이라 친구와 약속한 시간보다 일찍 도착했는데, 오픈 시간인 11시 조금 지난 시간이라 아직은 대기가 없어서 다행히 바로 입장했어요. 난포 음식은 다 맛있어서 둘이서 3개는 주문하고 싶었는데 친구가 아침 먹은지 얼마 안 됐다고 두 개만 주문하자고 해서 아쉬웠어요. 제철회 묵은지말이와 전복들깨국수 주문해서 오늘도 역시 맛있게 잘 먹었습니다. 👍 처음 와본 친구는 다른 메뉴도 먹어보고 싶다고 다음에 친정 어머니 모시고 재방문하고 싶다고 하네요. 🤗",0.07692861288934069
normal,난포,"캐치테이블로 미리 예약하고 가서 웨이팅없이먹기좋았어요 맛있었는데 웨이팅해서까지 먹을정도는 아닌거같고,,",0.14269583478923567
normal,난포,"줄서는 식당에 나왔다고 해서 예약하고 찾아감. 평일에는 예약을 안해도 괜찮을듯..테이블 절반정도 비어있었음,,너무 기대하지 말기.. 비싸지 않다..그래서인지 음식양이 적게 나온다..",0.05873479793230267
normal,난포,캐치테이블로 미리 웨이팅 걸어놓고 놀다가 오니까 기다릴만 했어요 ~~ 맛있더라구용,0.14269583478923567
normal,난포,40분정도 대기해서 들어갔오요! 강된장쌈밥 묵은지회말이 회국수 시켜먹었습니다. 세메뉴 간이 딱 좋았고 부담스럽지 않은 양이었습니다. 재방문 의사 있어요 너뮤 맛있었어요!! 대기가 계속 많아서 미리 대기 걸고 가는게 좋아요!!!,0.16249590617661613
normal,난포,"군더더기없는 깔끔한 맛입니다. 별 거 없는데 맛있는 게 젤 어려울텐데 딱 그런 맛입니다 성수동 유행타는 그런 거 아니고 진정성있는 맛으로 승부하시는 사장님, 쉐프님 응원합니다.",0.10504862721548265
normal,난포,요메뉴가 제일 맛나요,0.31232833318943637
normal,난포,"너무 유명한 곳이라 예약후 방문했는데, 평일 2시는 굳이 예약 안해도 될것 같아요 제철회묵은지말이,회국수,새우감자전,강된장 쌈밥 4가지 주문했구요 묵은지말이랑 회국수는 다음에도 또 먹을것 같아요 덕분에 아직 만개는 아니지만 소담스런 수국도 봐서 좋았어용",0.12455753123317975
normal,난포,음식 금방나와요 양은 작은편입니다 맛있어요,0.3941391959947659
normal,난포,진짜 다 맛있어요!!! 깔끔 정갈!!,0.3354369363542209
normal,난포,"음식도 맛있고, 식재료도 신선한데 직원서비스는 다른분들 말처럼 좀 불친절해요. 음악소리도 커서 대화하기가 불편한 점이 있었습니다. 음식은 참 좋은데 요즘 음식만 먹으러 가는것도 아니니데 좀 아쉬웠어요.",0.09146591860643341
normal,난포,예약 후 다녀온 난포❤️ 퓨전 한정식이라고 해서 너무너무 기대가됐어요. 결과는 완전완전 대만족입니다. 메뉴 하나하나 재료가 너무 신선하고 특별해요. 맛도 맛이지만 음식의 색감도 너무 이뻐요! 양이 많지 않다고해서 유명한 베스트 메뉴 3개를 주문했는데 딱 좋았어요. 딱 든든하게 배부른 정도였습니다. 매장 분위기도 너무 좋고 추천하는 한식당이에요👍,0.12434781846548046
normal,난포,비싸요,0.0
normal,난포,"요즘 뜨거운 바람이 부는 성수동에 다녀왔어요. 골목마다 따뜻한 불빛이 번지고, 사람들의 웃음이 흐르는 그 거리에서 문득 ‘기억에 남는 한 끼’를 찾고 싶어졌죠. 그래서 네이버 플레이스로 슬쩍 검색해 보니 난포라는 식당이 눈에 들어오더라구요. 괜히 마음이 끌려 들어가 봤습니다. 곰국, 제철회 묵은지말이, 강된장쌈밥을 주문했는데… 와, 한입 먹자마자 미소가 절로. 정성 가득한 맛이 속을 따뜻하게 채워줬어요. 성수동에서 편안한 위로 같은 한 끼를 원하신다면, 난포를 정말 강력하게 추천드립니다.",0.0963110590257583
normal,난포,강된장쌈밥 제철회묵은지말이는 꼭 드시길 ! 다음에 가면 한우묵은지 먹어보려합니다 이상 또또간집이었습니다,0.15599524483516336
normal,난포,"그 유명한 성수동 난포 다녀왔어요!!! 웨이팅 어플로 미리 1시간 웨팅하고 갔는데도 웨이팅 줄 장난 아니더라구요 1시간 더 기다림 😳 저희는 강된장쌈밥, 새우감자전, 전복들깨국수로 주문했어요 강된장쌈밥은 안에 고기도 들어가있고, 강된장이랑 같이 먹으니 담백하면서도 정말 맛있더라구요 새우감자전은 바삭한 감자전의 식감과 중간 중간 새우의 진한맛이 너무 좋았고 위에 뿌려진 치즈까지 더해져서 맛이 정말 깊었어요 조금 느끼하다 싶을때 고추짱아찌랑 같이 먹으면 싹 사라지고 더 맛있음..💜 전복들깨국수는 차가운면이라 면발이 정말 탱글탱글했고, 고소하면서도 입에 착 감기는 들깨맛이 일품! 다 맛있었지만 원픽을 정하라고하면 강된장쌈밥 🧡 진짜 최고였던 것 같아요 !! 🩷🩷",0.09337966022789264
normal,난포,오랜만의 방문인데 여전히 인기네요 :) 음식도 다 변함 없이 맛있었습니다. 예약하길 잘했어요 바로 입장해서 편리했습니다.,0.12005855421984546
normal,난포,"2년 전에 한번 갔었는데, 기억에 남아 재방문했습니다. 전복들깨국수, 감자전, 쌈밥 너무 맛있었습니다. 부모님께서도 좋아하시네요 ㅎㅎ",0.08364231642570674
normal,난포,한식 맛집으로 단언컨대 최고 같아요! 한남점도 서울숲점도 늘 맛있게 먹고 가요👍🏻,0.10164467526569224
normal,난포,"제철회묵은지말이, 제철회국수, 돌문어간장국수 먹었습니다. 양이 좀 적지만 맛있어서 둘이 세 메뉴 먹을 수 있어요.",0.164714494796534
normal,난포,서울숲 난포에서 강된장쌈밥과 제철 회국수 주문했어요 카운터석이 있어서 눈치안보고 혼밥하기 분위기가 좋았습니다 주문한 음식은 굉장히 빨리 나왔고 평일 저녁에 방문해서 웨이팅 없이 바로 입장했어요 제철회국수는 광어가 들어있었고 회는 두툼한 편이었어요 다소 매콤한 소스의 맛과 쫄깃한 회와 깻잎이 잘 어울렸고 오이와 양파의 아삭함이 잘 어울렸습니다 강된장쌈밥은 고소한 냄새가 좋았고 맛은 굉장히 슴슴한 편이었어요 강된장이라는 이미지 덕에 조금 더 짭잘했으면 케일쌈과 더 잘 어울렸을거 같습니다 메뉴들은 전체적으로 가격대비 양은 조금 작은 편이었고 기대했던 강된장 쌈밥보다 오히려 회국수가 맛있어요 직원분들도 친절하셨고 서울숲에서 데이트하기 좋은 분위기였습니다,0.08596019962276982
normal,난포,"• 강된장쌈밥 : 리뷰에 다들 슴슴하다고했는데, 저는 엄청 슴슴하지않고 신선하고 건강한맛으로 너무 맛있었어요. 강된장이 짭쪼름했고 쌈안에 있는 밥도 다 양념이 되어있어요! • 제철회묵은지말이 : 제철회묵은지 초밥은 엄청 좋아해서 스시집 가면 필수로 먹는 묵은지+회 콜라보예요. 엄청 기대하고 시켰는데, 솔직히 회가 신선하지 않아서 엄청 실망했어요. 맛이 없는건 아닌데, 회가 신선하지 않아서 2번은 안시켜먹을 것 같아요. 너무 기대했는지 엄청 실망했었습니다! • 곰국 : 날이 추워서 뜨끈한 국물 있었으면 좋겠어서 시킨 곰국이에요! 기대 1도 안는데, 3개 중에서 제일 맛있게 먹었어요!!! 안에 국수도 소면은 아니고 그렇다고 밀가루, 쫄면도 아닌데 적당히 쫄깃(탱글거리는거 안좋아하는 입맛)하고 고기가 짱맛!",0.11676324224054206
normal,난포,음식이 나오는데 좀 걸리김 하지만 맛은 있어요,0.11508197743941631
normal,난포,강된장쌈밥 맛이 정말 깊고 진하게 느껴졌어요. 신선한 쌈 채소와 함께 먹으니 더욱 풍미가 살아나는 것 같았어요. 직원분들도 친절하게 응대해주셔서 기분 좋게 식사했었어요.,0.2234345832464866
normal,난포,"제철회묵은지말이(14,0) 강된장쌈밥(12,0) 새우감자전(19,0) 제철회묵은지말이 졸라추천합니다 호불호가 있을 수 없는 맛임 새우감자전에 노른자는 조금 터트려서 찍어먹는걸 추천해요 저희는 터트려서 발라놨더니 좀 눅눅 느끼해졌어요",0.19571429611703967
normal,난포,지이인짜 건강하고 맛있는 맛!!! 엄마랑 같이가면 칭찬받는곳!! 실제로 어머님들께서 많이와서 식사하고 계셨움,0.26394264094220565
normal,난포,돌문어 간장국수 맛있어요. 전복들깨국수는 그냥 그래요. 전복이나 문어는 둘 다 맛있었어요. 직원분들도 친절한 편이라 좋았어요,0.23541338828281516
normal,난포,돌문어간장국수와 제철회묵은지말이는 차갑다,0.15599524483516336
normal,난포,"음식은 삼삼하니 맛있었습니다. 2시 이후에 가서 자리도 좀 비어있고 그렇게 안바쁘신거 같았는데.. 주문도 겨우 하고, 필요한거 있으면 서버분에게 직접 찾아갔어요.. 아쉽네요",0.09812902726889616
normal,난포,밥 한 끼 제대로 먹고 싶을 때 찾게 되는 곳이에요 쌈밥이 푸짐하고 된장 맛이 깊어서 좋았어요,0.1041399810743025
normal,난포,음식은 특색있고 맛도 나쁘지 않았어요. 양은 많은 편은 아니에요. 예약을 했음에도 불구하고 체크하지 않으셨고 줄 서 있던 그대로 들어갔어요. 따로 있었던 테이블이 물론 하나이긴 했으나 그렇다고 예약석이 마련되어 있지도 않았네요. 사소하지만 조금 아쉬웠던 부분이에요.,0.07748968915198444
normal,난포,너무 색다르고 맛있어서 또 가려구요,0.12453084912367332
normal,난포,"아니 진짜 강된장쌈밥이랑 제철회묵은지말이가 진짜 너무너무너무 맛있었어요! 제발 저 2개는 꼭 꼭 드세요,,,,, 강된장쌈밥에서 밥은 간이 덜 되어있다고 생각할 수 있는데 강된장의 양념이 완벽해서 강된장과 쌈밥의 조화가 엄청 좋구요 제철회묵은지말이는 그냥 다른 말 필요 없이 엄청 맛있어요!! 근데 새우감자전은 건새우?가 많이 들어갔는지 그냥 건새우전은 먹은거 같아서 제 입맛에는 조금 아쉬웠던거 같아요 ㅠ 그래도 전반적으로 너무 맛있어서 재방문의사 무조건 있습니다!! 다음에는 부모님과 함께 방문해야겠어요:) 덕분에 맛있는 저녁 먹은거 같아요! 사장님 감사합니다♡",0.12282009522924549
normal,난포,건강해지는 기분이에요 담백쓰~~!,0.0
normal,난포,쌈밥이 가장 맛있었어요! 새우감자전은 조금 아쉬웠어요ㅠ 탱글한 새우살일 줄 알았는데 멸치반찬에 들어가는 건새우(?)가 들어가더라구용.. 회국수는 예상대는 맛 그대로에요,0.16222846083983222
normal,난포,메뉴가 특색있고 음식이 정갈하게 담겨서 나와요. :),0.10243986233152298
normal,난포,유명한 메뉴만 시키지말고 곰탕도 먹어보세용 굳 곰탕고기 부드러워서 다음엔 수육먹을 거에요 감자전은 예전보다 짜게 느껴졌어요 그릇이 전부 정갈하고 예뻐요,0.12465344677826269
normal,난포,강된장쌈밥이 유명하대서 가봤는데 운좋게 웨이팅없이 들어갔어요!! 간장국수 먹어볼까 했는데 곰국 기대안했는데 밑반찬으로 나온 묵은지랑 마늘쫑지랑 같이 먹으니깐 맛있더라구요!! 배가안고픈 친구도 맛나게 먹었답니다 ㅎㅎ,0.08694085841504669
normal,난포,퓨전한식? 느낌입니다.,0.10191707703436742
normal,난포,모든 음식이.맛있고 정갈해요 특히 전복들깨국수 정말 맛있어요!!!! 강추 합니다!!,0.21489871281237577
normal,난포,주문한 모든게 맛있었어요! 된장쌈밥은 생각보다 삼삼했어요 고급진 한식 좋아,0.2148359860111424
normal,난포,긋,0.0
normal,난포,음식 굳,0.3941391959947659
normal,난포,드디어 벼루고 벼뤘던 난포에 왔네요~~~ 지인들과 함께 기다리며 냠냠하고 왔습니다. ㅎㅎ 비싸지만 ㅎㅎ 그래도 건강한맛에 ㅎ 맛나게 잘먹고왔습니다♡,0.09391141157262252
normal,난포,맛있었어요😀,0.2148359860111424
normal,난포,"양 자체가 많진 않은데, 딱 기분좋게 배를 채울 만큼의 양이라 음식의 맛에 집중할 수 있어서 오히려 좋았어요. 인테리어 분위기가 우드톤으로 아늑한 느낌을 주며, 다양한 특별한 메뉴들이 있어서 골라 먹는 재미가 있었어요.",0.09728015918652555
normal,난포,방금 먹고 나와서 바로 리뷰 써요..⭐️ 두번째 방문인데 저는 너무너무너무너무 맛있어서 남자친구 대리고 왔는데 별로 안 좋아하는 눈치네여.. 맛잇다고 하긴 하는데 야채별로 안좋아 하나바여^^^ 빨간거 시켰다고 앞지마도 주셨어요 감사합니다❤️🤤,0.17961855438035268
normal,난포,맛있어요.ᐟ.ᐟ 양이 좀 적긴 한데 맛있어요😄,0.567756356711184
normal,난포,난포올때마다먹는 제철회묵은지말이 추천해요 정말 맛잇어요,0.19571429611703967
normal,난포,"갈 때마다 많이 기다려야되고, 어떤 날은 브레이크타임 걸려 기다리다가 못먹는 날도 있는 난포. 기다림이 기본 1시간인데, 오늘은 캐치테이블로 미리 예약하고 와서 30분 가량 기다렸네요. . 깔끔하고 간이 쎄지 않아 넘 좋아하는 성수 맛집이에요. . 특히 강된장쌈밥은 최애메뉴. . 신랑은 기다리는 것 싫다고 오늘이 마지막이라고, 이제 그만가겠다고 하는데, 데코가 이쁘고, 맛은 슴슴한 강된장쌈밥이 생각나면 또 갈꺼에요! !",0.09515196205610449
normal,난포,강된장쌈밥 너무 맛있고 든든해요 상추가 신선하고 된장소스도 진한 맛이라 특유의 풍미가 좋네요 제철회묵은지말이도 함께 먹었는데 조화롭게 어울려서 좋았어요,0.12304343101472101
normal,난포,"성수동에서 찾은 인생 한정식 맛집! ✨ 웨이팅 감수하고 들어간 난포 성수는 기대 이상이었어요. 분위기부터 음식까지 '정갈함' 그 자체! 특히, 시그니처 메뉴인 강된장쌈밥은 짜지 않고 구수한 깊은 맛으로 속까지 편안하게 채워주고, 제철회 묵은지 말이는 톡톡 튀는 신선함으로 입맛을 돋우는 별미였어요. 🤤 데이트 코스로도 완벽하고, 부모님 모시고 오면 칭찬받을 💯 점짜리 맛집 인정!",0.08483662379221574
normal,난포,다른것은 다 좋은데 몇 번 회김치롤과 강된장쌈밥에 밥알이 누릉지 혹은 굳어진 딱딱한 질감이 느껴져서 불쾌하고 완성도가 떨어지는 느낌이 들어요! 어쩌다 한번이 아니라서 관리를 못하는 것에 많이 아쉬워서 건의하고 싶네요!!,0.059782968750769445
normal,난포,5시 살짝 넘어서 도착했더니 웨이팅 40분 이상 걸렸어요 맛이 있긴 했지만 강된장 쌈밤은 너무 간이 싱거워서 아쉬웠어요 밥을 많이 먹는 편이 아닌데도 양이 적다고 느꼈어요 그 외에는 분위기도 좋고 육회묵은지말이는 무난하게 맛있었습니다,0.08647222873853598
normal,난포,특색있어요,0.0
normal,난포,"정말 정갈하고, 깔끔한데 감칠맛이라고 해야하나... 특히 국수는 소스 잘 버무려서 한입 먹었는데 너무 맛있었어요ㅠㅠ!!",0.1904941775346548
normal,난포,회국수 완전 추천드려요. 쫀득쫀득한 회에 매콤달콤한 국수 궁합이 정말 좋아요.,0.2508255918071312
normal,난포,맛있어요!,0.567756356711184
normal,난포,양은 매우 적지만 ㅋㅋ 넘 귀엽고 예쁜 인스타용 사진 나오구요 맛도 괜찮아서 재방문 의사 있어요!,0.164714494796534
normal,난포,한번가는 맛집입니다 ㅋㅋ,0.0
normal,난포,강된장쌈밥 비주얼보고 바로 달려왔습니다! 쌈밥은 진짜 상상하는 맛 그대로며 그것보다 조금 더 맛있습니다!🤤 아는 맛이 무섭ㄷㅏ... 이 글을 쓰면서도 다시 쌈밥이 먹고 싶어지는 그 맛...!😋🐷 돌문어간장국수는 샐러드와 간장국수 그 사이의 맛으로 생각보다 새콤했습니다! 🐙🥗 주변에서 다들 먹길래 시켜보았는데 생각했던 맛은 아니라 조금 실망했어요😂 그래도 샐러드 좋아하시는 분들이라면 가볍게 곁들일 음식으로 좋은 것 같습니다. 만약 다음에 또 방문한다면 강된장쌈밥은 그대로 시키고 제철회묵은지말이나 곰국 도전해버려고요❗️,0.1362181055598596
normal,난포,건강한 느낌으로다가 맛있게 먹었어요ㅎㅎㅎ 전체적으로 다 맛있었는데 국수랑 묵은지 말이는 또 먹거 싶어요 가족들이 만족해서 기분 좋았어요 잘 먹었습니다!,0.1200480255135295
normal,난포,진짜 최고입니다 난포!!!,0.2107142938717247
normal,난포,돌문어 간장국수/ 제철회 묵은지말이/ 강된장쌈밥,0.25112515257278234
normal,난포,새우감자전은 치즈가 너무 많아서 저처럼 치즈 덜 좋아하는 분들은 좀 느끼하다 생각하실수도 돌문어간장국수랑 강된장쌈밥은 슴슴하니 맛있었어요 둘이 메뉴 3개 먹으니 좋으네요 양이 많은 분들 참고하세요,0.15117981349566206
normal,난포,서울숲 나들이 도시락에 제격입니다. 1인분으로 든든히 딱 적당하네요. 맛있어서 근처사는 언니에게 배달해줬어요 ㅋㅋㅋ,0.08595904267453457
normal,난포,예전부터 와보고싶었던 곳인데 기대만큼 음식이 예쁘고 맛있었어요! 다시방문해서 다른메뉴들도 먹어보고싶네요~,0.19912554220106302
normal,난포,강된장 쌈밥은 밥이 질어서 별로였어요 다음에 오면 이거 말고 돌문어 국수 시킬 것 같고 감자전은 바삭바삭해서 오감자 맛 나요 묵은지회초밥은 묵은지 맛이 센 게 좀 아쉽긴 하지만 씹을 수록 맛있어서 좋고 음식들이 정갈해서 좋아요,0.14971990251677933
normal,난포,입장- 하루 전 날 오후 5시 예약으로 브레이크 타임 끝나자마자 첫 번째로 입장해서 기다리는 시간 없이 바로 입장했습니다. 맛- 우선 제 기준 맛 순위는 1위 제철 회국수 2위 제철회묵은지말이 3위 강된장쌈밥 입니다. 제철회묵은지말이- 기대:⭐️⭐️⭐️⭐️⭐️ 맛:⭐️⭐️⭐️ (비주얼을 봤을 때 제일 기대를 했었습니다 맛은 괜찮았지만 먹자마자 엄청 맛있다! 정도는 아니고 무난하게 맛있었습니다) 제철 회국수- 기대:⭐️⭐️ 맛:⭐️⭐️⭐️⭐️⭐️ (오히려 회국수는 기대는 안 했는데 먹자마자 맛있다고 생각했고 다시 방문한다면 재주문할 생각입니다) 강된장쌈밥- 기대:⭐️⭐️⭐️⭐️ 맛:⭐️⭐️ (비주얼은 좋았으나 맛은 그닥..? 이었던 메뉴입니다. 쌈만 먹으면 밍밍하다는 후기가 있어 깔려있던 두부?랑 먹었지만 양이 적었고 밍밍했습니다),0.10617467414070783
normal,난포,음식이 정말 예쁩니다 대체적으로 다 차가웠어요 밥도 차고 된장도 차갑습니다 ㅎㅎ 원래 그렇다네요 따뜻한 국이라도 쥬셧으면 ㅜㅜ 매장이 너무 춥고 음식도 주먹밥고 차갑고 들기름도 냉면이예요 참고하세요!! 맛은있었어요 추워서 외투도 못 벗고 먹었습니다 ㅎㅎ,0.08516859767994658
normal,난포,친구들과 방문했습니다 예약을해두어서 바로 입장했습니다 번호대로 주문받아주시네요 음식 정갈하고 맛있어요,0.2647464347090033
normal,난포,캐치테이블 웨이팅 1시간 반 대기였습니다 ㅎㅎ 미리 원격줄서기 걸어두고 거의 순서 다 되어서 도착했는데도 한참 기다렸어요. 저녁 일곱시 반 넘으니 제철회 묵은지말이 품절..ㅠㅠ 전반적으로 깔끔하고 집밥같은 맛이라 대기시간이 짧으면 와볼만한것 같아요!,0.1495935521087387
normal,난포,성수 극악 웨이팅 자랑하는 서울숲 한식 맛집 겸 주점 난포!!! 뚝섬 직장인인데 드디어 다녀왔네요🥹 네이버 예약으로 미리 예약하고 가서 대기 없이 들어갔어요~ (평일 점심 2시 타임. 근데 거의 일주일 전에 엄청 미리 예약함) 강된장쌈밥 크기 작다는 후기 보고 갔는데 생각보다 더 미니미해서ヲヲヲ 조큼 놀랐지만 안에 밥이 꽉 차 있어서 다 먹으니 은근 배불렀어요! 전체적으로 삼삼 슴슴하니 건강한 맛인데 은근 계속 구미가 당기는 고런 느낌👀🌱 의외의 맛도리는 감자전이었구(노른자에 찍어 먹으니 바삭하면서 촉촉해서 쬰맛) 문어국수는 문어가 부드러워서 좋았답니당🐙 내부 분위기가 독특하고(특히 노래...) 조명이랑 인테리어가 주는 느낌이 색달라요ㅎ 다른 메뉴도 궁금하고 저녁엔 또 어떤 분위기이려나도 궁금하네요😉,0.09636801164541611
normal,난포,유명맛집이라고 해서 방문했어용 일단 비주얼이 너무 귀엽고 예뻐서 좋았어요 ! 양은 좀 적은거 같아서 2명이서 가서 3개 시켰더니 딱 맞았어요~ 건강하게 잘 먹은 느낌이에요 ◡̈,0.10775761323786431
normal,난포,음식이 정갈하고 깔끔해요! 예약하니 웨이팅 없이 바로 들어가서 예약석에 바로 앉았어요! 음식도 빠르게 나오는 편입니다! 강된장쌈밥도 슴슴하니 맛있고 전복국수도 고소하니 맛나요. 감자전도 건새우 생새우의 감칠맛을 맛 볼 수 있습니다!,0.1566789553825671
normal,난포,주말에 웨이팅 두시간 반정도 걸렸는데 캐치테이블로 예약해놓고 일정 마치고 갔더니 딱 들어갔어요! 웨이팅이 아깝지않게 모든 메뉴 너무너무 맛있어요... 또 올거예요 최고최고,0.13821171518498251
normal,난포,오랫만에 성수방문으로 찾은 난포 여전한 웨이팅으로 입장에 한시간 이상 걸렸지만 주변에 충분한 볼거리들이 많이 있으니 다행 강된장 쌈밥 기본에 제철회국수와 전복들깨국수까지 환상의 조합 💕,0.08614889157957775
normal,난포,예약 하여 가서 바로 입장.. 빠르게 나와 좋았어요 입으로 눈으로 맛 있었어요,0.13929906190203334
normal,난포,"성수에서 합리적인 가격에 분위기 있고 음식도 맛이 좋은 곳을 찾았습니다. 메뉴 구성도 괜찮고 성수에 가면 꼭 생각나는 곳이 되겠네요. 인기가 많아 조금 기다림이 필요하지만 그래도 일단 난포라는 필기체가 너무 맘에 들고 입장하는 문과 들어갔을때의 조명,벽의 담금주 병에 들어 있는 장아찌 등 맛있는것을 먹으러 왔다는 느낌이 확들어 주문하기 전부터 기대가 되는 곳입니다 또한, 오픈형 주방이라 조리하시는 모습들을 보면서 신뢰를 가지고 음식을 먹을 수 있었고 직원분들도 멋지고 친절하셔서 그 공간에 있는 내내 기분이 좋았습니다 케일쌈에 강된장 조합도 너무 좋았고 비빔국수도 쫄깃한 중면을 써서 더욱 고급스러운 식감이 느껴졌습니다. 오랜만에 다음 방문하면 다른 메뉴를 먹고 싶게 만드는 식당을 찾아 기분이 좋았습니다.",0.07409886272650719
normal,난포,"건강하면서 맛있어요 묵은지말이는 입안가득 회, 묵은지가 가득 차는데 조합이 좋아요. 명태전은 따뜻할때 먹으면 극락. 쌈밥도 간이 적당하고 맛있어요 트렌디한 한식? 맛있고 분위기도 좋고 음악도 좋았어요 직원분들도 다 친절함",0.23873472509340102
normal,난포,정겹고 친근감들어 대기타다 들어가 대표메뉴 시켯는데 친절하게 먹는법 잘 알려주시네요! 담백하고 깔끔ㆍ저염식이며 소식자들한테 강추하고 싶어요! 저흰 넘 배고픈차에 먹엇더니 순삭🤣 나와서 간식추가해서 먹엇어요! 🤣 난포라는 집 알게되어서 좋앗어요!!,0.10184671009980963
normal,난포,가격에 비해서 양이 진짜 적긴해요😂,0.2630981243398185
normal,난포,특색있는 메뉴들이 인상적이에요. 특히 동글동글 귀여운 모양의 쌈밥과 강된장이 어우러진 메뉴는 난포의 트레이드마크입니다. 한입 크기라 먹기도 편했어요. 돌문어국수도 상큼하니 맛있었고 육회 묵은지 말이는 생각했던 맛이었고 밥이 조금 많다고 느꼈어요.,0.083112226296788
normal,난포,후기를 많이 찾아보고 메뉴를 머릿수+1해서 주문했어요 제철회묵은지말이 : 저는 신걸 잘 못 먹는데 묵은지가 생각보다 많이 쎄서 갈라먹었어요ㅠ 회 자체는 맛있었고... 6덩이에 1.3마넌 돌문ㅇㅓ간장국수 : 레알 양이 너무 적었어요ㅠ 하지만 맛있었어요 1.4마넌 강된장쌈밥 : 무조건 테이블마다 놓여져 있던 메뉴ㅋㅋ 동글동글한 밥이 8개나오고 슴슴하니 맛있었어요 1.2마넌 가격대가 그리 높지않은 대신 양이 적은게 특징이었고 슴슴하니 담백한 식사가 가능해서 좋았고 캐치테이블 대기 시스템이 있어서 만족스러웠어요! 남자들은 배고플 것 같아요.. 남편은 난포 갔다가 배 안부르고 아직 배고프다고 2차로 식사 또 했어요 이말 꼭 쓰래요 ㅋㅋㅋ,0.14694285201548637
normal,난포,아직까지도 인기가 많은 난포🍚 새우감자전 바삭바삭 베스트👍🏻 강된장밥이 따뜻하지 않았던🥲 양은 많지 않아요😅,0.10741047060998771
normal,난포,오픈런해서 바로 입장했습니당👍🏻 일단 그냥 맛있네용 배고픈 상태에서 가서 그런건지 아닌건짛ㅎ 근데 그래도 맛있어용👍🏻👍🏻,0.09666007500722977
normal,난포,"Pros 면이 꼬들하고, 맛있다. Cons 여자 홀직원이 어리버리하다",0.07007505118372083
normal,난포,1. 왼쪽 : 새우감자전 오른쪽 위 : 강된장쌈밥 2. 돌문어간장국수 2명이서 국수 추가했어요. 다 맛있어요. 재방문 의사 O,0.1956349783378243
normal,난포,딸아이가 예약해서 갔는데 맛있네요. 다음에도 또 방문하고 싶네요.,0.22396430444658885
normal,난포,예전에 가려다 브레이크타임으로 실패한 난포 캐치테이블로 웨이팅했으나 대기3번째 알림받고도 앞에서 40분 대기... 특히나 4인석이 적어서 늦게 빠진다 퓨전 한식답게 깔끔하고 쌈밥이 여러종류 새로나온 육회쌈밥도 먹고 제철회쌈밥과 강된장쌈밥까지 순삭 맛은 슴슴하나 건강한맛이었네요 새우감자전은 기대보다 식어서 나와서 더 따근하고 빠싹했슴 더 맛있었을거 같아요 쌈밥과 국물이나 소스가 함께 있어도 좋겠다 싶었네요 기다린 보람은 있는 맛있는 점심이었어요,0.09211161361494705
normal,난포,일단 먹고 나서 속이 편안해서 좋습니다. 조미료를 많이 안쓰는 것 같아요. 들깨 들어간 저 국수가 정말 별미입니다.,0.1481560317320103
normal,난포,평일 예약후 방문하니 바로 입장되서 너무좋았어요! 메뉴는 골고루 주문해서 남김없이 먹고 왔답니다! 깔끔하고 맛있어요 ^^!!!,0.1654776405434367
normal,난포,캐치테이블 제도 너무 좋은데 3명이라 넘 오래 기다렸어요.. 쥬륵 맥주 겁나 맛있고요!!! 음식도 맛있어서 전복들기름파스타(?) 포장해서 대구까지 데려왔어요 ㅎㅎ 굿띠,0.10516937694751624
normal,난포,금요일 오전 10:30에 워크인 1등도착..! 30분 줄서서 들어가서 먹음. 1시간 이상 웨이팅할 정도는 아니고 30분은 기다려서 먹어봄직함. 대체적으로 담백하고 가볍고 양은 적은편이어서 ‘일행수 +1’ 개 주문하는거 추천,0.09473533722600315
normal,난포,메뉴가 정갈하고 정말 맛있었어요. 줄서는식당이지만 운좋게 예약을 통해 편리하게 식사를 즐겼어요. 식당에서 나오는 음악도 선곡이 좋아요. 맛있고 즐거운 식당입니다😀👍🏻✨,0.18626410891589873
normal,난포,"웨이팅이 엄청난 가게예요,, 저희가 오픈과 동시에 6번째로 웨이팅 걸었는데 1시간 넘게 기다린 끝에 입장했고, 저희 뒤에 50팀 이상 대기가 걸렸더라고요ㄷㄷ 원래 기다려서 먹는 타입은 아니지만, 친구가 궁금해해서 가봤습니다! 가격이 꽤 착했고, 메뉴가 독특해요! 개인적으로 강된장쌈밥이 정말 맛있었어요!(나머지 메뉴는 그닥,,) 웨이팅이 워낙 길다보니 후딱후딱 먹고 나오게 되더라고요ㅎㅎ 막 엄청 기다려서 먹을 정도인가...?는 모르겠어요!",0.09473533722600315
normal,난포,메뉴 두 개 더 시켰는데 배고프고 맛있어서 못 찍었네욤😂 다들 예약하실수 있으면 꼭 하고 가세요 ~ 인기있는 맛집이라 대기 너무 길어요,0.1300122567145053
normal,난포,오픈런 성공해서 한번에 들어갔어요~!! 강된장쌈밥 고소한 참기름과 강된장 그리고 케일쌈 조화가 너무 좋아요!! 제철회묵은지말이도 한입에 쏙쏙 맛나고 돌문어간장국수도 야채들과 함께 짜지않고 맛있습니다~!! 다음엔 새우감자전도 꼭 먹고싶어요~~,0.16164487133784333
normal,난포,깔끔하고 맛있는 퓨전 한식 요리 양이 많은 편은 절대 아니지만 오히려 이것저것 먹어볼 수 있어서 좋은 거 같아요 ☺️ 맛있아요,0.0985542168097008
normal,난포,"월요일 저녁 늦게 갔는데 웨이팅 없이 바로 입장했어요 제철회묵은지말이 / 전복들깨국수 먹었는데 둘 다 너무너무너무너무 맛있었어요ㅠㅠ 묵은지말이 짭짤하고 들깨국수는 고소해서 조합도 좋았어요 반찬으로 주신 마늘쫑이랑.. 무슨 나물절임?도 넘 맛있어서 다 먹었어요! 담에 무조건 또 올거에요, 완전완전 추천!!!!",0.17076486617944853
normal,난포,맛있오요!!,0.0
normal,난포,점심먹으러 난포에 갔어요~ 문 열기 15분전에 갔는 데 폭염이라 그런지 다행히 줄 서지는 않았어요~ 대표메뉴인 강된장쌈밥을 주문했어요~ 고소하면서도 깔끔해요~ 강된장도 집에서 만든 것처럼 구수하고 좋았고요~ 맛있게 잘 먹었어요~ㅎㅎ,0.09612767917410227
normal,난포,메뉴 다 건강한맛 맛있어요🫶🏻,0.4122180228957714
normal,난포,"서울숲 근처 청년들이 해주는 한식 식당 ♥️♥️♥️♥️🤍 맛 ♥️♥️♥️♥️♥️ 위치 ♥️♥️♥️♥️♥️ - 이곳에 오면 기본으로 강된장쌈밥, 제철회묵은지말이를 시키세요. (볼드체) - 반찬으로 초석잠과 마늘쫑이 나옴 (둘다 간장절임) - 처음에는 식사 양이 적겠다 싶었는데 먹다보니 기분좋게 배부르게 식사 마칠 수 있었음 - 물이 맹물이 아닌 누룽지 사탕같이 달달한 물 - 웨이팅이 엄청난 집이라 평일에 방문했는데 주말보다는 덜하지만 여전히 사람이 많았음. 미리 어플로 예약하거나 조금 더 부지런하게 움직이시는걸 추천드림. - 비 안오면 포장해서 서울숲에서 돗자리에 먹어도 힐링될 듯",0.048218311779437265
normal,난포,양은 좀 적어요. 가격은 좀 잇는편이구요 ㅠ 치즈 감자전이 제일 감격스런 맛이엇어요. 꼬리한 치즈라서 호불호잇을거같아요. 웨이팅 네다섯팀에 이십분정도.,0.10241215158638166
normal,난포,2명이서 4인분을 시켰는데 전체적으로 실망한 포인트 4번 방문할정도로 한식매니아 인데 광어묵은지초밥에 밥이 딱딱했다. 밖에 오래 냅둬서 딱딱해진 밥으로 만들어진 느낌 문의하였으나 돌아오는 답변은 애매모호. 사과도 보상도 없고 추가로 시킨 회국수는 주문 누락으로 20분이 기다려도 안와서 딮빡 그냥 바로 드린다고 뭔가 안일한 태도로 대응하는게 아쉬웠음 감자전도 이미 만들어진걸 준건지 딱딱하고 차가워서 다들 실망했다는 후기네여 제것도 그랬어요 쌈밥이 젤 나았음 ㅜㅜ 심지어 회국수에 회가 잘못됐는지 설상가상 다음날 배탈에 새벽에 구토까지 하고;;; 돈내고 병얻은 기분 이거 물어내셔야하는거아닌가요 인간적으로..하ㅠㅠ 남편이랑 둘다 똑같이 배탈나서 열도 38도에 죽겠네요,0.09045448553355116
normal,난포,"강된장쌈밥 사진 잘 나오고 시그니처메뉴인것같지만, 비추천 드립니다. 흔히 먹는 강된장 아니며, 고기들어있지않고 호박잎은 부드럽지아니하며, 라이스페이퍼처럼 쫀쫀하여 식감이 별로입니다. 짭쪼름 하지않으며, 밍숭맹숭. 제철회묵은지말이 이 메뉴추천 드립니다. 식감과 과하지않은 묵은지 신맛이 꾀 즐겁습니다. 새우감자전 딱히 드라마틱하지않고, 문어숙회 또한 가성비있는 메뉴는 아닌듯합니다. 가벼히 술안주 정도? 제가 식사땐 테이블 주류드시는분 없었습니다. 굳이 사이드메뉴 주문할필요는 없는듯. 꾀 오랜시간 웨이팅 했지만 이색적인 토속적인 맛은 아니었네요. 그냥 한식의 재해석 정도.",0.1014382429420942
normal,난포,외국인인 새언니도 엄청 맛있게 먹었다고 하네옹 진짜 메뉴가 다 맛있었어요 다음에도 또 방문하고 싶어요,0.22396430444658885
normal,난포,노래가 좋았어요,0.1394287509686433
normal,난포,부모님이랑 아기랑 가기 좋아요 아기 의자도 있어요 식사는 만족스러웠으나 홀 직원 분들이 너무 불친절합니다 친절함을 바라지는 않으나 접객 서비스가 너무 별로라 식당에 대한 이미지가 깎입니다 일하기 싫으시면 일하지 마세요,0.14164904844243031
normal,난포,음식이 맛나요..간도 좋고,0.31232833318943637
normal,난포,웨이팅이 좀 있었지만 빠르게들어갔어요 ㅎ 궁금해서 가봤는데 엄청 맛있는 한식이라기보다는 간간하게 깔끔한 한끼 할 수 있어서 좋았습니다~ 매장노래가 옛날 노래라서 부모님 모시고가면 더 좋아하실 것 같아욬ㅋㅋ,0.08306256600559175
normal,난포,"오늘 특별한날 기념하기 위해 남편과 방문했습니다. 주말과 저녁시간이 아님에도 매장내 손님들이 많은 편이었습니다. 2인 3메뉴 시켰는데 양이 딱 맞았습니다. 만약 술과 함께 드신다면 1인 1메뉴가 적당할 것 같습니다. 음식 모두 정갈하고 맛있었습니다. 건강하고 산뜻하여 남녀노소 가리지 않고 모든 사람이 잘 먹을 수 있는 음식이었습니다. 좋은 곳, 좋은 음식을 보면 내 가족 내 지인에게 소개해주고 싶은데 난포가 딱 그런곳이네요. 다음번에 다른 메뉴들도 맛보러 재방문하겠습니다. 잘먹었습니다 ☺️",0.10216697839241581
normal,난포,"오랜만에 난포♡ 미리 캐치테이블예약하고 와서 5분정도대기하고 입장했어요 난포오면 국수는 무조건 먹어야죠~ 오늘은 제철회국수와 새우감자전, 제철회 묵은지말이!! 회도 쫄깃싱싱하고 양념과 잘 어우러져 맛있어요 별미감자전도 노른자에 찍어먹으면 고소함이 2배ㅋ 제철회로 만드는 묵은지말이는 올때마다 올라가는 회가 달라져서 더 매력적이에요♡ 오늘도 배빵빵하게 잘먹었네요!",0.1470307666042133
normal,난포,음식은 늘 맛있고 너무 맛있고 비쥬얼 끝내주고 평일1:30분 이후에 가니 줄도 안서고 딱 좋네요 근데 원래 여기 음악이 80년도 노래였나요? 주현미 잠깐만 나와서 놀랍고 새롭고,0.12304343101472101
normal,난포,주문한 음식 다 맛있어요 ^^ 직원분들 친절하고 좀 아쉬운게 매장이 살짝 더웠어요,0.2778892156636439
normal,난포,엄청 맛있습니다! 다음에 서울숲 놀러갈 쯤에 또 가고 싶네요 ㅎㅎ,0.12102564029774385
normal,난포,"토요일 조금 이른 저녁시간이지만 대기 3팀, 이정도는 양호^^ 딸은 처음 갔는데 육회초밥과 피자를 특히 맛있어했다. 모두 메뉴가 맛있다. 배경음악까지~~",0.07494987643019548
normal,난포,조금 아쉬워요 ㅠ 돌문어 간장 국수랑 강된장 쌈밥 새우감자전 먹었는데 조화는 셋이 좋았어요! 뭐 하나빠지면 또 아쉬울 거같은 느낌! 돌문어는 아무래도 조금 들어있었고 새우감자전은 건새우 맛+살짝 꼬릿한 모짜치즈..?맛이에요!,0.14355968692550258
normal,난포,난포 미쳐따리 졸맛ㅋ,0.16535116709335582
normal,난포,음식이 다 맛있어요. 쌈밥이 슴슴하니 비빔국수랑 같이 드세요,0.2594803266817846
normal,난포,돌문어간장국수가 제일 맛있어요 향긋하고 신선한 맛 좋아하는 분 추천.. 근데 쌈밥은 기름맛이 너무 강해서 아쉬웠어요,0.1978219452919131
normal,난포,"개인적으로 우와!!!!! 진짜맛있다!!!!!!! 정도 까진 아니었어용 ! 양이 많은 편은아니고 적은편 ! 추천에 새우감자전이 많아서 시켰는데 흔히아는 새우가 아니라 민물새우같은 그런 느낌이고, 빠싹+질김 사이라서 그냥저냥이었어용 ㅋㅋㅋㅠㅠ 19000원은 솔직히.. 너무 비싼듯..ㅋㅋㅋㅋ 금액이 저렴한 편은 아니지만 한번정도 가기엔 나뿌지않은 곳~ 묵은지맛있어용 ㅎㅎ묵은지랑 전복이나 그외 다른재료들(문어 전복 등) 이용해서 차라리 비빔밥이나 돌솥류가 생겨도 인기 좋을 것 같네용 ^__^*... ! 맛은 나쁘지않지만 음식대비 금액이 높다 ! 재방문의사는 없다 정도로 마무리!",0.0954847421933429
normal,난포,운이좋게 11시에 웨이팅없이 바로 입장~ 그러나 만석 ㅋ 주문하고 30분기다리니 음식이 나오네요~,0.13173666896525152
normal,난포,"맛있는지는 사실 모르겠어요,,,",0.0810568095269758
normal,난포,웨이팅 없이 입장해서 좋았어요~! 안내 받은 테이블에 음식 찌꺼기가 조그맣게 있었지만 손으로 톡 치우고 주문 한 음식 맛나게 먹고 음식양은 좀 적다고 느껴지긴 했어요,0.34439214253462314
normal,난포,매일먹고싶어여,0.0
normal,난포,감사합니다,0.17961855438035268
normal,난포,기본 웨이팅 ..있고요~ 저희는 오픈런 ..30분 전 부터 기다렸다가 오픈하고 예약 자들 순으로 들어가고 들어갔어요~ 예약은 미리 하는게 좋을것 같아요~ 당일 예약 안되구요~ .. 들어가자마자 ..주문을 했고 ..주문 하고 얼마 안되서 음식이 나오더라구요~ 너무 좋았어요~ 둘이갔지만 ..메뉴 4가지 주문해서 먹었구요 ~ 음식이 전체적으로 짜지 않아서 너무 좋았어요~ 미리 예약 하고 가세요~,0.13929906190203334
normal,난포,건강하고 맛있는 밥~적극추천합니다,0.26394264094220565
normal,난포,매장이 넓고 쾌적해서 밖에서 웨이팅하다가 앉았더니 천국인 줄 알았어요. 테이블이 넓어서 편했고요. 묵은지말이가 따뜻해서 당황했지만 괜찮았어요. 문어간장국수는 간이 좀 쎄서 괜히 풀을 이만큼 넣어주신 게 아니구나... 싶었어요. 새우감자전은 생각했던 맛이 아니고 넘 쿰쿰해서... 치즈를 그렇게 좋아하시는 분이 아니라면 비추입니다...,0.05991896269114287
normal,난포,주말이라 예약을 안받네요 입구에서 대기 순번 누르고 근처 서울숲에서 놀다가 쇼핑도 하다가 눈비오는 추운날 벌벌 떨면서 가족들과 두시간 가까이 기다렸습니다 보통 일이 아니네요😅 실내분위기는 독특하게 독서실느낌? 일렬로 쭉 앉아서 먹는데 코트벗어서 걸수있는 옷걸이가 있어서 좋았습니다^^ 그리고 음식이 나오니 모든 시름이 순식간에 날아가네요😍😍😍 돌문어간장국수 : 상큼하고 너무 맛있음 제철회묵은지말이 : 깔끔하고 군더더기없는맛 대구전 : 담백하고 삼삼 새우감자전 : 다 못먹고 포장해왔는데 내가 새우를 별로 안좋아해서 그런가 감자로만 했음 좋겠다싶은 맛 ✅️ 결론 : 유명맛집 줄서서 먹고나서 실망하는경우도 있는데 오늘은 대만족했고 너무 좋았어요 다시 한번 와서 먹어보고싶은맛이에요❤️,0.11501372923582749
normal,난포,"한남동에 한 번 방문했었는데 직장 근처에도 있어서 들렀습니다 ! 혼자 이용하기에도 부담스럽지 않은 가격에 보장된 맛, 친절하기까지 ! 너무 잘 먹었습니다 :)",0.11622161651345482
normal,난포,쌈밥 먹으러 갔는데 된장이 진하고 구수해서 좋았습니다 야채도 싱싱하고 밥도 잘 나와서 든든하게 먹었습니다,0.1017748860337524
normal,난포,자극적이지 않고 건강한 맛이었습니다. 깔끔합니다.,0.2130823481722785
normal,난포,"★★★★⭐︎ 건물 외•내부 인테리어도 예쁘고, 흘러나오는 노래가 살짝 레트로 풍인데 좋았네요. 시원한 보리차도 세팅되있어서 마시면서 주문한 메뉴들을 기다리니, 퓨전 한식 느낌의 정갈한 주문한 메뉴들이 나오는데 모두 깔끔하고 자극적이지 않아서 좋았습니다. 식전에 메뉴 먹는법도 설명해 주시고 직원분도 친절하십니다. 🍽️✨",0.1394287509686433
normal,난포,예약하고 가니 너무 편하고 좋았습니다. 음식도 바로바로 나오고 양도 적당했어요. 친구생일이어서 알아보고 같이갔는데 친구도 좋아했어요.,0.2913500910714625
normal,난포,장아찌 존맛,0.06902702741978467
normal,난포,날씨가 흐린 수요일에 방문했어요. 5명이서 방문했는데 운좋게 캐치테이블 웨이팅이 없었습니다.(캐치테이블 5시반부터 가능) 6시쯤 도착해서 운좋게 6시 20분에 착석했어요! 워낙 양이 작다는 후기를 많이 들었지만 진짜 작아요 ㅋㅋㅋㅋ 면은 솔직히 별로였고 케일쌈밥이랑 감자전은 맛있었어요! 근데 평소 2시간씩 기다리며 먹을정도는.........?,0.09832283106514558
normal,난포,늘 인기 상위 랭킹이라 궁금했는데 정말 맛있었어요~! 음식에 대한 새로운 길&amp;고민과 철학이 고스란히 담겨진 느낌. 새우감자전은 필수 인듯합니다.! 동서양의 만남 새우와 감자의 만남! 회묵은지말이 깔끔 . 들기름막국수도 괜찮지만 다음엔 이조합에 돌문어굳수를 함께 곁들이고 싶네요. 모든 음식이 중상이상 다른조합 다른메뉴 궁금해서 또또또 가고픈 곳입니다. 비오는 월요일 점심이라 캐치테이블로 20분전에 예약해서 바로 입장했습니다.,0.09839077845081282
normal,난포,음식이 자극적이지 않고 맛이 깔끔해서 엄마가 좋아하셨어요~~~ 2명이서 저 구성이거나 새우감자전 대신 국수류를 시켜도 좋을 것 같아요,0.2130823481722785
normal,난포,와앙,0.0
normal,난포,한식을 깔끔하고 맛나게 잘 만들었어요 간도 세지않고 맛있어요,0.25476562618948806
normal,난포,맛있었으나 회는 별로 였다,0.08453300411931662
normal,난포,평일 점심에 가서 그런가 대기 없이 바로 먹을 수 있어서 좋았어요~ 돌문어 국수는 상큼 새콤하면서 처음 맛보는 냉국수였고 강된장 쌈밥은 한입용으로 먹기 편했어요~ 살짝 짠듯한 느낌이 있었는데 밥이랑 쌈이랑 같이 먹으면 딱 간이 알맞았구 묵은지 회초밥도 생각보다 작았는데 은근히 든든했어요-! 돌문어 국수랑 같이 먹으니 훨씬 더 맛있었어요,0.11887965412233813
normal,난포,"📍내 돈 내산📍 🔶강된장 쌈밥. 초록색 케일에 참기름을 발라 반질거리는 쌈. 밥은 간이 되어 있지 않아 강된장을 올려 먹으면 짭조름한 맛이 잘 어우러집니다. 🔶돌문어 간장국수. 문어와 참나물이 토핑 되어 있는 국수. 이 국수는 간장 소스가 독특합니다. 소스와 나물의 조합이 좋더라고요. 여러 가지나물이 어우러져 깔끔한 맛이었어요. 문어도 많이 들었어요. 쫄깃한 문어와 탱글탱글한 면발이 좋아요. 참나물의 씁쓸하고 양념의 새콤한 맛이 입안을 즐겁게 합니다. 🔶제철회 묵은지 말이. 짭짭한 묵은지에 쫄깃한 제철회가 올라가 식감이 재미있어요. 🔶새우감자전. 새우 자체의 감칠맛도 좋고, 감자도 많이 들어가서 바삭하고 맛있어요. 🔶대구 전. 두툼한 대구 살이 기름에 잘 부쳐나왔습니다. 대구살이 잘 진짜 부드러워요.",0.11575022526994519
normal,난포,보통...,0.11501372923582749
normal,난포,들기름 국수랑 쌈밥 괜찮았음,0.14355968692550258
normal,난포,캐치테이블로 1시간전 예약후 갔는데도 30분 정도 기다림. 내부 들어가보니 bar쪽 좌석 6개. 홀쪽은 한 32석 정도. 음식은 완전 만족,0.1014382429420942
normal,난포,"난포 성수 다녀왔는데 음식 맛이 전체적으로 깔끔하고 만족스러웠어요. 특히 간이 과하지 않아서 부담 없이 계속 먹기 좋았고, 메뉴 하나하나 퀄리티가 느껴졌어요. 직원분들도 처음부터 끝까지 정말 친절하게 응대해주셔서 기분 좋게 식사했어요. 메뉴 설명도 자세하게 해주시고, 필요한 것도 먼저 챙겨주셔서 편했어요. 맛이랑 서비스 둘 다 좋아서 재방문 의사 확실히 있어요",0.2234345832464866
normal,난포,굿,0.0
normal,난포,스지전골이랑 우렁이 쌈밥 시켰는데 우렁이 쌈밥은 참기름향이 강하고 스지전골은 담백했어요 쫄깃한 부분이 족발 껍질도 생각나고요 맛있게 잘 먹었습니다,0.09965556446984856
normal,난포,강된장 쌈밥 먹고 입 냄새 날까봐 걱정했는데 고소한 참기름 냄새가 더 많이 나서 다행이었어요~~ 너무 맛있게 잘 먹었습니당,0.1481560317320103
normal,난포,맛있어요 쌈밥은 조금 슴슴하네여,0.35276300514441683
normal,난포,음식 진짜 맛있고 양이 좀 적긴해요ㅎㅎ 전골은 너무 졸아서 육수 더달라고 했지만 제공 안된다 하셔서 아쉬웠아요,0.2630981243398185
normal,난포,평일 11시반쯤 웨이팅 등록하고 1시간정도 대기후 입장했습니다 3층 주택의 반지하에 자리한 난포는 긴 테이블위에 칸막이를 놓아 자리를 효율적으로 사용하는 느낌이 들었어요 BGM으로 흘러 나오던 이문세 송골매 들국화 나미..의 7080음악도 이색적으로 느껴졌어요 전체적으로 음식의 양은 적은듯하나 깔끔하고 맛있었어요 제철회묵은지말이는 묵은지가 조금 짜게 느껴졌고 제철회국수의 회는 생각보다 두툼하고 국수도 맛있었어요 강된장쌈밥은 한입에 쏙 들어가는 쌈과 순한 맛의 강된장이 어우러지는 요리입니다 이번 주밀에 강된장쌈밥 예쁘게 따라해 봐야겠어요 음식이 빨리 나오고 테이블 회전이 빠르니 주위 둘러보며 대기하시면 좋을듯 합니다,0.14488379897439058
