가게 이름,계정 ID,계정의 리뷰 수,계정의 별점 평균,방문 날짜,별점,리뷰 내 사진 유무,리뷰 글자 수,리뷰 내용,카카오맵 리뷰다는 사람 레벨
장인닭갈비 홍대점,행쇼,20,5,2026-03-24,5.0,False,62,가격대도 합리적이네여 양이 진짜 푸짐해요 신선한 닭에 치즈까지 올려먹으면 완전 행복 그자체! 점심 잘 먹었습니다,실버 레벨
장인닭갈비 홍대점,김민정,26,5,2026-03-23,5.0,False,143,제가 덝갈비도 좋아해서 종종 먹으러 더니는데 장인닭갈비 홍대점은 내부가 깔끔해서 되게 편안하게 먹을 수 있었는데 닭갈비도 양념이 너무 맛있오서 최근에 먹은 닭갈비 즁에서 제일 맛있게 먹었던 거 같고요 닭 자체가 엄청 쫄깃한 식감이라서 더 맛있게 먹고 왔어요,실버 레벨
장인닭갈비 홍대점,좋은곳,2,5,2026-03-22,5.0,False,190,친구가홍대 닭갈비 맛집 찾다가 분위기랑 후기 좋아서 찜 해놓은곳이라해서 장인닭갈비 홍대점 방문했어요 철판에 바로 볶아주는 닭갈비라 불향이 살아있고 고기도 부드럽게 잘 익어서 맛있었어요 치즈 추가해서 먹었는데 느끼함 없이 고소하게 잘 어울려서 계속 손이 가는맛! 쌈채소도 넉넉하게 먹을 수 있어서 만족스러웠고 홍대 오면 다시 들릴 것 같아요!,브론즈 레벨
장인닭갈비 홍대점,또동,43,5,2026-03-22,5.0,False,65,닭갈비+치즈+면 = 필승 조합! 야채 식감도 잘 살아있고 양념 밸런스가 적당해서 그런가 볶음밥도 신나게 잘 먹었어요!,실버 레벨
장인닭갈비 홍대점,경호,12,4.2,2026-03-21,5.0,True,220,공간이 넓직하고 창이 있어서 깔끔히 먹기 좋습니다 사람이 많아 조금 대기해서 들어갔는데 회전율은 꽤 빠른 것 같습니다 닭갈비 3인에 치즈2인시켜먹었는데 양도 많고 치즈도 풍족해서 배부르게 먹었습니다 2층기준 셀프바에서 깻잎 상추 가져다 드시면 되고 직원분들도 조금 바빠서 그렇지 친절히 응대해주셨네요 여럿이서 가서 한끼 맛있게 먹기 좋습니다 닭갈비 드시고 싶으시면 한 번 방문해보셔도 괜찮습니다,실버 레벨
장인닭갈비 홍대점,따그혀늬🙃,40,5,2026-03-21,5.0,False,91,홍대에서 핫한 닭갈비 맛집 🔥 100% 국내산 닭에 모짜렐라 치즈 듬뿍! 사리 추가와 쌈채소 무한리필로 푸짐하게 즐겨요. 마무리 장인볶음밥까지 완성도 최고입니당 😊,실버 레벨
장인닭갈비 홍대점,기쁘미,21,4.6,2026-03-20,4.0,False,32,국내산 닭갈비와 순수 모짜렐라 치즈랑 같이 먹으니 맛있네요,실버 레벨
장인닭갈비 홍대점,다은,6,5,2026-03-19,5.0,False,59,홍대 닭갈비 맛집으로 유명하대서 가봤어요 닭갈비 쫄깃하고 맛있는데 볶음밥도 진짜 미쳤네요!! 꼭 드셔보세요,브론즈 레벨
장인닭갈비 홍대점,하연이아빠,22,5,2026-03-18,5.0,False,97,"친구들이랑 또 방문했어요! 매장 분위기도 좋고 직원분들도 친절하셔서 기분 좋게 식사할 수 있었어요^^ 닭갈비부터 사리, 볶음밥까지 깔끔하게 식사했고 야채도 풍성히 즐겼어요~~",실버 레벨
장인닭갈비 홍대점,세인,3,3.7,2026-03-18,1.0,False,15,닭가슴살 닭갈비 외국인 전용,브론즈 레벨
장인닭갈비 홍대점,안선희,9,5,2026-03-18,5.0,False,93,홍대역 맛집이라고 해서 방문했는데 닭갈비 퀄리티가 끝내주는데요 여기에 모짜렐라 치즈까지 곁들여 주니 2배로 더 맛있었구요 볶음밥은 필수! 너무 맛있어서 입이 즐거웠어요,브론즈 레벨
장인닭갈비 홍대점,우히히,11,5,2026-03-15,5.0,False,104,"치즈 닭갈비 비주얼이 좋아 보여서 저장해두었다가 방문했어요. 닭갈비가 쫄깃하고 치즈랑 조합이 정말 잘 어울렸고, 볶음밥까지 먹으니 완벽한 한 끼!! 담엔 사리도 추가해서 먹어보려구요 :)",브론즈 레벨
장인닭갈비 홍대점,조은희,115,5,2026-03-14,5.0,False,97,모임으로 온 곳인데 유명하더라고요 사이드 시키고 닭갈비를 어느 정도 드셨다면 남은 닭갈비에 장인볶음밥을 더해서 드신다면 더 맛있게 먹을 수 있어요 완젼 강추!사장님 친절하세요,실버 레벨
장인닭갈비 홍대점,박지현,35,5,2026-03-13,5.0,False,104,100% 국내산 닭갈비에 모짜렐라치즈를 같이 먹으니 조합이 정말 잘 어울리더라고요!ㅎㅎ 마무리로 먹은 볶음밥까지 든든해서 홍대 닭갈비 맛집 찾는 분들께 한 번 가보셔도 좋을 것 같습니다!,실버 레벨
장인닭갈비 홍대점,진희,40,5,2026-03-13,5.0,False,160,"치즈 닭갈비는 말할 것도 없고, 사리 추가한 게 신의 한 수였어요. 양념이 쏙 배어든 사리랑 닭갈비를 치즈에 돌돌 말아 먹으니 세상 행복합니다. 마지막에 볶아 먹은 장인볶음밥은 꼭 드세요! 톡톡 터지는 식감 덕분에 배불러도 숟가락을 놓을 수가 없더라고요. 역시 홍대역 닭갈비 맛집답네요.",실버 레벨
장인닭갈비 홍대점,박세희,96,5,2026-03-12,5.0,False,44,사리추가와 볶음밥은 필수! 양념도 맛있었고 양도 많어서 든든하게 먹기 딱 좋아용,실버 레벨
장인닭갈비 홍대점,예콩,44,5,2026-03-10,5.0,False,67,국내산 닭이랑 최고 신선한 모짜렐라 조합 안드셔 보셨으면 무조건!!!드세요 그리고 볶음밥마저 찐이라 안먹으면 후회함 ㅠㅠ,실버 레벨
장인닭갈비 홍대점,LindsayJii,57,5,2026-03-10,5.0,False,76,"100% 국내산 닭고기라 쫄깃하고, 순수 모짜렐라 치즈와 어우러져 고소함이 정말 좋아요! 사리 추가로 더 풍성하게 즐기니 맛이 두 배!!",실버 레벨
장인닭갈비 홍대점,해피,41,5,2026-03-09,5.0,False,64,양념이 취향저격 신선한 재료를 사용해 깔끔하면서도 마지막에 밥까지 볶아 먹으니 최고 양도 푸짐해 맛있게 식사했습니다,실버 레벨
장인닭갈비 홍대점,하하,28,5,2026-03-07,5.0,False,58,사리 메뉴가 다양하게 있어서 취향대로 추가해서 먹기 좋았어요. 닭갈비 맛이 더 풍부해지는 느낌이었습니다.,실버 레벨
장인닭갈비 홍대점,정민영,30,5,2026-03-05,5.0,False,227,닭갈비를 워낙에 좋아하는데 여기는 진짜 찐으로 맛있는데다가 특히 치즈 닭갈비는 치즈가 늘어나는게 남다르고 더 고소하면서 매운거 못먹는 저에게는 중화가 되면서 더 맛있게 먹을 수 있었어요~ 그리고 양념 자체가 너무 맛있어서 계속 생각나는데다가 강렬했어요~~ 고기도 질 졸은걸 쓰시는지 너무 부드럽고 그냥 먹는내내 행복 그자체였어요~~직원분들도 너무 친절하시고 감사했습니다!!다음에는 아빠 모시고 와야겠어요ㅎㅎ,실버 레벨
장인닭갈비 홍대점,임애진,48,5,2026-03-05,5.0,False,282,홍대에서 닭갈비 먹으려고 찾다가 장인닭갈비 홍대점 다녀왔어요. 국내산 닭을 사용해서 그런지 고기가 부드럽고 양념도 너무 자극적이지 않아서 맛있게 먹었어요. 특히 모짜렐라치즈를 함께 곁들여 먹으니까 고소함이 더해져서 정말 잘 어울리더라고요. 쌈채소가 셀프바로 준비되어 있어서 마음껏 가져다 먹을 수 있는 점도 좋았어요. 사리 종류도 다양해서 취향대로 추가하기 좋고 마지막에 먹은 볶음밥까지 든든하게 마무리했습니다. 매장도 깔끔하고 분위기도 좋아서 홍대에서 닭갈비 먹고 싶을 때 다시 방문하고 싶은 곳이에요.,실버 레벨
장인닭갈비 홍대점,내맘이야,145,3.3,2026-02-25,1.0,False,127,물엿인지 설탕인지 여튼 엄청 들어간 느낌 너무 닮...... 본인이 5세 이상이면 오지 마세요 겁나 배고픈 상태로 갔는데 맛 없었으면 말 다한거죠 뭐 아니 후기 대충 보고 갔는데 다시 보니 여기 후기 알바 돌리는 곳이네ㅋㅋㅋㅋㅋ,골드 레벨
장인닭갈비 홍대점,제한된 프로필입니다.,23,1,2026-02-21,1.0,False,100,무슨 음식점 알바가 젤네일이에요 위생관념 미쳐버리겠다 진짜 ㅋㅋㅋㅋㅋㅋㅋ 이런 말씀 죄송하지만 노랑색 빡빡머리분은 좀 잘라주세요 ..^.^^.^^^^^^^^^^^ 더는 말 안할게요,실버 레벨
장인닭갈비 홍대점,yes,272,3.6,2026-02-16,1.0,False,91,11시 오픈인데 10분이 지나도 기다리라고. 안에서 알바생들 이제서야 바닥 닦고 있고 남자분은 여유롭게 담배 하나 피고 커피빨면서 들어가고. 음식의 기본이 안된곳.,골드 레벨
장인닭갈비 홍대점,박두팔,16,2.8,2026-02-10,1.0,False,22,한국인들을 빙다리 핫바지로 생각하는 가게,실버 레벨
장인닭갈비 홍대점,oh5,92,3.5,2026-02-01,1.0,False,365,홍대 식당 여기저기 다녀봤지만 이런곳은 처음이네요. 웨이팅은 없지만 주문후 음식이 나오기까지 너무 오래걸리고 가격에 비해 음식이 너무 적어요. 1인분을 2인분으로 잘못준줄 알았습니다. 직원분들 친절함이라고는 1도 찾아보기 힘든데 옆테이블쪽은 더 가관이였습니다. 사리 추가하는데 주방장님 스트레스 받으시니 추가하지말라 하시더라구요. 듣고 제 귀를 의심했습니다. 식당하기전에 직원교육부터 제대로 시켜야하지 않을까요? 알바들끼리 잡담 주고받을 시간있으면 손님케어나 더 하시면 좋겠는데요. 이글을 보시는 분들은 제발 댓글 알바들한테 낚이지않으셨면 좋겠습니다. 5점짜리 리뷰는 넘치는데 왜 평균별점이 3점대일까요? 저같은 기분을 느낀사람이 한둘이 아니라는거겠죠.,실버 레벨
장인닭갈비 홍대점,오늘날씨맑음,5,4.6,2026-01-27,5.0,False,182,닭갈비가 먹고 싶으면 저는 무조건 여기로 갑니다! 매콤달콤하면서 정말 쭉쭉 들어가요! 직원분들도 정말 친절합니다! 사람이 많은 날에는 웨이팅을 해야할 수도 있어요! 하지만 그만큼 정말 맛있게 드실 수 있다고 장담합니다!! 가족이나 친구랑 와도 정말 잘 먹을 수 있을 거에요! 양도 많이 주거든요!! 다음에 또 꼭 오겠습니다!!,브론즈 레벨
장인닭갈비 홍대점,하민하연맘🩵,26,5,2026-01-26,5.0,False,72,점심 세트메뉴가 가성비 짱 좋아요 👍 치즈사리 추가하고 볶음밥까지 먹으면 배 뚠뚠 두드릴 수 있어요ㅋㅋ 볶음밥은 꼭 드세요 꼬옥!,실버 레벨
장인닭갈비 홍대점,ㅎㅇ,35,5,2026-01-24,5.0,False,66,"홍대 장인닭갈비다녀왔는데요, 닭갈비 양 푸짐하고 치즈 듬뿍주셔서 만족합니당~~쌈채소 무한리필에 볶음밥까지 꼭 드세요 !",실버 레벨
장인닭갈비 홍대점,김지현,26,5,2026-01-22,5.0,False,258,"홍대에서 닭갈비 생각날 때 자연스럽게 떠오르는 곳이에요. 기본에 충실한 맛을 바탕으로 국내산 닭갈비와 순수 모짜렐라 치즈의 조합이 인상적이었고, 과하지 않으면서도 계속 손이 가는 맛이라 만족스러웠어요. 사리 종류도 다양해 취향대로 즐기기 좋고, 쌈채소를 무한으로 이용할 수 있어 끝까지 부족함 없이 먹을 수 있었습니다. 식사 후에 볶아 먹는 볶음밥까지 깔끔하게 마무리하기 좋았고, 매장 인테리어도 세련돼서 모임이나 회식 장소로도 무난한 홍대 닭갈비 맛집이었어요.",실버 레벨
장인닭갈비 홍대점,형주,6,5,2026-01-22,5.0,False,145,닭갈비랑 치즈 조합은 진짜 누가 개발한건지 상 주고싶어요ㅠㅠ 너무너무 맛있어요! 저는 닭갈비 먹으면 쌈 싸서 먹는걸 좋아하는데 쌈채소도 무한리필이라 눈치 안보고 먹을 수 있어서 좋았구요 ㅎㅎ 어느정도 먹고 나면 장인 볶음밥까지!! 크 진짜 배 터지게 먹고갑니다,브론즈 레벨
장인닭갈비 홍대점,이인애,124,4.9,2026-01-21,5.0,False,40,치즈닭갈비 너무 맛있고 직원분들도 친절하시니 아이들과 맛나게 먹고왔답니다,실버 레벨
장인닭갈비 홍대점,kkoari,12,5,2026-01-18,5.0,False,72,닭갈비가 양도 많지만 쫄깃하고 매콤하니 쌈에 싸먹으면 진짜 맛있고 볶음밥까지 해먹었더니 배터져 죽을뻔! 달달구리하기도 해서좋아요!,브론즈 레벨
장인닭갈비 홍대점,윤밍구,22,5,2026-01-16,5.0,False,57,여행갔다가 우연히 들렸는데 진짜 맛있어요~!! 야채도 무한리필이고 볶음밥까지 먹었는데 맛나요~ 굿굿!!,실버 레벨
장인닭갈비 홍대점,주디,41,2.7,2026-01-14,2.0,False,11,밍숭맹숭한 맛이에요…,실버 레벨
장인닭갈비 홍대점,탈림,36,5,2026-01-14,5.0,False,110,지난 12월달에 송년회 여기서 진행을 했는데 정말 잊을 수 없는 맛이었어요 다양한 닭갈비들이 있었지만 이렇게 맛있는 것은 처음이었고 맛있게 식사를 할 수 있는 환경이니 한번 시간이 되면 이용해보세요,실버 레벨
장인닭갈비 홍대점,붸렐엑ㄱ,5,5,2026-01-14,5.0,False,101,"홍대에서 치즈 폭포에 제대로 빠지고 싶다면 여기! 100% 국내산 닭이라 믿고 먹는데, 쌈채소 무한리필이라 고삐 풀릴 수 있으니 주의하세요.ㅋㅋ 마지막 장인볶음밥까지 먹으면 끝나쥬!",브론즈 레벨
장인닭갈비 홍대점,!,29,5,2026-01-12,5.0,False,70,닭갈비 촉촉하니 맛있어요 가게도 너무 깔끔하고 볶음밥까지 비벼 한 끼 든든하게 잘 먹고 갑니다! 종종 먹으러 들려야겠네요 ㅎㅎ,실버 레벨
장인닭갈비 홍대점,쫑이♥,48,4.9,2026-01-12,5.0,False,39,진짜 고기배터지게 먹을정도로 행복하게 맛있었던 곳이에요♥ 술술 넘어가요,실버 레벨
장인닭갈비 홍대점,♩,48,5,2026-01-10,5.0,False,88,"닭갈비 먹고 싶어서 왔는데 역근처에 있어서 편하게 찾을 수 있어서 좋았고, 맛,가성비,서비스,분위기 모두 괜찮았습니다!! 덕분에 기분좋게 식사했어요~~^^ㅎㅎ",실버 레벨
장인닭갈비 홍대점,오키도키나이키,147,5,2026-01-10,5.0,False,89,"여러군데 프랜차이즈를 먹어도 닭갈비를 돌고돌아 장인입니다 고기도 국내산이라 확실히 더 고소하고 소스도 자극적이지 않아서 사리, 밥 어떤거랑도 잘 어울리네요. 0",골드 레벨
장인닭갈비 홍대점,Leeミ进,39,5,2026-01-06,5.0,False,127,"닭갈비맛있다고해서 가족외식으로 다녀왔는데, 매장이 쾌적하고 넓어서 먹기 편했고, 소문만큼 맛이 좋았어요! 닭이 질기지않고 부드러우면서 치즈의 조합이 좋았고, 사리도 추가해서 먹었더니 더 풍성해지고 맛도 배가되서 더 맛있었습니다.",실버 레벨
장인닭갈비 홍대점,찐맛집추천러,28,5,2025-12-31,5.0,False,143,홍대에서 가볍게 닭갈비 먹으러 갔는데 전체적으로 만족스러웠음~!! 양념이 과하지 않고 닭도 부드러워서 먹는 내내 물리지 않았고 치즈 추가해서 먹으니 고소함 살아나고 쌈채소 무한이라 계속 손이 갔어요ㅎㅎㅎ 마무리는 역시 볶음밥인데 안 먹었으면 아쉬울 뻔했음.,실버 레벨
장인닭갈비 홍대점,쵬놔,36,5,2025-12-30,5.0,False,130,"홍대 장인닭갈비 다녀왔는데, 진짜 닭갈비 맛있어서 젓가락이 쉴 틈이 없었어요. 치즈랑 같이 먹으니 매콤+고소 조합이 완전 찰떡! 사리까지 추가하니 배가 터질 듯하지만 행복감은 무한대. 마지막 볶음밥으로 완벽하게 마무리하고 나왔습니다.",실버 레벨
장인닭갈비 홍대점,꼬꼬,21,5,2025-12-28,5.0,False,134,"친구 모임으로 여럿이서 갔는데 자리도 불편하지 않고 음식도 빨리 나와서 좋았어요. 메뉴 구성이 단순한데도 질리지 않았고, 모듬사리추가하니 양도 충분해서 만족스러웠어요 배가 불러도 날치알 볶음밥은 꼭 추가해서 드세요~ 완벽한 마무리가 된답니다",실버 레벨
장인닭갈비 홍대점,카,36,5,2025-12-28,5.0,False,58,치즈와 사리 다양하게 추가해서 먹으니 좋았어요 소스도 입에 딱 맞았고 마지막 볶음밥 마무리까지 딱 깔끔!,실버 레벨
장인닭갈비 홍대점,장세훈,68,3.9,2025-12-27,1.0,False,2,주작,실버 레벨
장인닭갈비 홍대점,오은주,41,5,2025-12-27,5.0,False,50,매장이 깔끔하고 닭갈비가 부드럽고 맛있었어요 마지막에 볶음밥은 자꾸 먹게되는 매력이 있네요,실버 레벨
장인닭갈비 홍대점,조아써,32,5,2025-12-24,5.0,False,83,가운데 치즈가 쫙 들어가 있는데 이게 또 별미에요 거기에 닭고기는 되게 부들부들하고 양념이랑 잘 어울려서 너무 맛있어요 볶음밥은 꼭 드시길 바라요:),실버 레벨
장인닭갈비 홍대점,쭈야,31,5,2025-12-22,5.0,False,124,"친구들이랑 방문했을때 맛있었던 기억에 가족들이랑 방문했어요~~ 적당히, 맛있게 매콤하고 치즈와의 조화가 예술이더라구요~~ 닭갈비반큼이나 볶음밥이 맛있어서 배 두드리면 나왔네요~~ 다음엔 회사 사람들이랑도 방문해봐야겠어요^^",실버 레벨
장인닭갈비 홍대점,뿌찌빠찌헿,50,5,2025-12-21,5.0,False,96,여기 사장님 마인드가 진짜 너무 친절 그 자체에요 재료 아끼지 않고 팍팍 담아주시는 게 느껴져요. 100% 국내산 닭이라 잡내 1도 없고 양념이랑 치즈 조합이 그냥 미쳤음!,실버 레벨
장인닭갈비 홍대점,도토리,1,1,2025-12-19,1.0,False,138,일단 처음 들어갈 때부터 너무 불친절하시고 안내도 제대로 안해주시고 메뉴판에도 안써있는 상황에 돈 더 낼 뻔 해서 안내를 못받았다 말씀 드리니까 한소리 듣고 맵기 어떻게 할지 물어보시지도 않고 그냥 주시고 친구랑 기분좋게 먹으러 왔는데 불쾌했네요…,브론즈 레벨
장인닭갈비 홍대점,김혜경,22,5,2025-12-19,5.0,False,63,재료가 신선하게 느껴져요! 어떤곳은 미묘하게 냄새나는 곳이 있는데 여기는 그런게 없더라고요! 맛있게 잘 먹었어요!,실버 레벨
장인닭갈비 홍대점,떤뿡,25,5,2025-12-17,5.0,False,115,닭 진짜 부드러워요 치즈 꼭 추가해서 드셔보세요 모짜렐라 치즈 사용하시더라구요 닭도 국내산이였어요 야채도 팍팍 넣어주셔서 아삭한 식감 너무 좋드라구요 양념이 진짜 중독적이고 남은 양념에 볶음밥 필수입니다!!,실버 레벨
장인닭갈비 홍대점,정연미(쌍둥이마미),40,5,2025-12-17,5.0,False,253,닭갈비 먹으러 자주오는곳인데요 오늘은 오랜만에 후기적어보려구요~ 100%국내산 닭갈비와 순수모짜렐라치즈를 먹을수있어서 갈때마다 기대가 가득한곳이에요. 인테리어가 깔끔하고 세련되어서 방문할때마다 특별한 감정을 느꼈어요. 홍대역 닭갈비 맛집을대표하는 곳 인거같아요. 닭갈비에어울리는 사리메뉴가 있어서 같이먹기 좋았고요 쌈채소는 셀프바에서 무한으로 제공되어 좋았어요. 그리고 닭갈비 다먹고 마무리 볶음밥까지.. 입이 즐거웠던 시간이었어요! 다음에도 올게요^^,실버 레벨
장인닭갈비 홍대점,긍정맘,30,4.9,2025-12-16,5.0,False,38,모둠사리에 모짜렐라치즈 조합 좋네요 중간맛도 꽤 매우니 참고하세용^^,실버 레벨
장인닭갈비 홍대점,🤍,24,5,2025-12-14,5.0,False,64,질 좋은 재료들로 완전 신선하니 맛잇구요! 국내산닭갈비가 정말 맛잇어요! 쌈채소가 무한이라 좋구용 꼭 방문해보세요!,실버 레벨
장인닭갈비 홍대점,호빵,48,5,2025-12-14,5.0,False,63,닭갈비집중에서 원탑이에요! ㅎ 친구들이랑 양푸짐해서 든든하게 먹었는데 사리종류도많아서 다양하게 즐기기도 좋았어요👍,실버 레벨
장인닭갈비 홍대점,공사,19,5,2025-12-12,5.0,False,52,친구들이랑 다같이 가기좋은 닭갈비맛집~ 분위기랑 인테리어도 넘 좋아서 언제든지 오기 좋아보여요,실버 레벨
장인닭갈비 홍대점,마포 어둠의 맛집저격수,67,4.2,2025-12-10,3.0,False,145,생각보다? 맛있다 홍대 메인 거리에 외국인만 잔뜩 웨이팅하고 있어서 별로일 거 같지만 은근 맛있다. 또 외국인도 먹을 수 있게 별로 맵지 않아서 나 같은 맵찔이한테 좋다. 근처에 마땅히 밥 먹을 곳이 없다면 나쁘지 않다. 다만 좌석이 다닥다닥 있어서 좀 좁다.,골드 레벨
장인닭갈비 홍대점,맛집평론가,171,3.4,2025-12-09,2.0,False,14,요리 장인이라고는 안 했다,골드 레벨
장인닭갈비 홍대점,너울,27,3.8,2025-12-05,2.0,False,26,"외국인들도 많이 오는데 양이 적고, 너무 달다.",실버 레벨
장인닭갈비 홍대점,ssong,19,3.5,2025-11-21,2.0,False,47,맛은 평범해요. 직원들은 로봇같습니다. 서빙하시는 분 까만 긴네일 상당히 거슬렸어요.,실버 레벨
장인닭갈비 홍대점,ㄱ.최알.,2,5,2025-11-20,5.0,False,54,생각나는 맛집 !! 오랜만에 맛잇는 닭갈비 먹어서 넘나 신나용 ㅎ 친절서비스도 정말 대만족이엇어요,브론즈 레벨
장인닭갈비 홍대점,다영,24,5,2025-11-19,5.0,False,105,날치알 볶음밥 먹으러 솔직히 저는 갑니다 ^^ 최애입니다 ㅠㅠ 집에서는 이렇게 못먹는다는점 .. 너무 맛있어서 진짜 알려주기싫어요 ㅠㅠ 진짜 너무너무 최애라 후기 써서 많이 알리기싫은데 🥹,실버 레벨
장인닭갈비 홍대점,오구평,2,3,2025-11-19,5.0,False,10,최고최고쵝!!오!!,브론즈 레벨
장인닭갈비 홍대점,혜진,54,4.9,2025-11-18,5.0,False,73,홍대 갓다가 닭갈비가 먹고 싶어서 왓는데 진짜 가성비도 괜찮고 치즈 추가해서 먹으니까 더 맛잇어용 마지막에 볶음밥까지 꼭 드셔보세옹,실버 레벨
장인닭갈비 홍대점,뚱이뚜이😁😁,26,5,2025-11-16,5.0,False,54,닭갈비맛집이예요~ 양념이 진짜맛있어요~ 치즈는 무조건 추가!! 볶음밥까지 배부르게 잘 먹었어요^^,실버 레벨
장인닭갈비 홍대점,진실된리뷰어,166,4.3,2025-11-16,5.0,True,26,소스 달콤매콤해서 굿굿 치즈추가 라면추가 필수임,골드 레벨
장인닭갈비 홍대점,이민진,75,4.9,2025-11-15,5.0,False,43,닭갈비에서 잡내가 전혀 나지않아서 정말 맛있게 먹었어요! 양념이 잘 어울려요👍,실버 레벨
장인닭갈비 홍대점,리치언니,148,4.9,2025-11-13,5.0,False,43,치즈 토핑이랑 닭갈비가 잘 어울리더라구요. 닭갈비에 볶음밥 다 맛있게 먹었어요,골드 레벨
장인닭갈비 홍대점,백호,19,4.9,2025-11-13,5.0,False,44,사리 추가했더니 풍미가 확 살아나요! 특히 치즈랑 닭갈비 조합이 진짜 찰떡임!!,실버 레벨
장인닭갈비 홍대점,이성일,132,5,2025-11-12,5.0,False,40,홍대하면 생각나는 맛집 중 하나인 장인닭갈비는 대박..최고인것 같아요!!,골드 레벨
장인닭갈비 홍대점,도도히,9,4.9,2025-10-25,5.0,False,58,닭갈비에 모듬사리 꼭 추가하세요! 치즈도 맛있고 닭냄새도 없음 양념도 맛있어서 볶음밥까지 먹으면 굿굿:),브론즈 레벨
장인닭갈비 홍대점,김성림,239,5,2025-10-23,5.0,False,68,지나가다 항상 사람들이 많아서 먹어봤는데 양념이 맛있어요. 많이 맵거나 자극 적이지 않아서 더 좋고 셀프바 있어서 편했어요,골드 레벨
장인닭갈비 홍대점,주주하우스,24,5,2025-10-21,5.0,False,72,너무 맵지도 않아서 어린아이들도 먹을수 있어요. 매운걸 아예 못먹는 아이는 못먹을수도 있어요. 맛도 너무 좋고 친절한 식당 입니다,실버 레벨
장인닭갈비 홍대점,아들둘맘,17,5,2025-10-20,5.0,False,71,장인닭갈비 홍대점! 직원분들도 친절하시고 분위기도 너무 좋고 닭갈비가 정말 맛있었는데요~~ 울아이들도 정말 맛있게 먹었어요 ^^,브론즈 레벨
장인닭갈비 홍대점,김관영,20,5,2025-10-19,5.0,False,32,고소한치즈랑 닭갈비가너무잘어울리고 맛있게점심식사하기딱좋아요,브론즈 레벨
장인닭갈비 홍대점,❤️,19,5,2025-10-18,5.0,False,35,매콤하고 고소한 닭갈비 맛이 좋아요. 볶음밥까지 알차고 든든해요,브론즈 레벨
장인닭갈비 홍대점,푸름이,15,5,2025-10-17,5.0,False,50,"런치타임이라 손님이 많았지만, 가성비 최고에 회전율이 빨라서 웨이팅 있어도 금방 들어가요~",브론즈 레벨
장인닭갈비 홍대점,PRASETIO BAGUS,1,1,2025-10-12,1.0,False,28,"bad service, bad attitude 🤮🤮",브론즈 레벨
장인닭갈비 홍대점,데위,1,1,2025-10-10,1.0,False,11,Bad service,브론즈 레벨
장인닭갈비 홍대점,초초,1,1,2025-10-08,1.0,True,347,"굉장히 불친절 합니다.. 그릇이야 식기세척기가 하는 일이니 얼룩정도는 괜찮다, 교환 요청하면 된다 싶지만 적어도 ‘죄송합니다 바꿔드릴게요‘ 정도는 말할 수 있지 않았나 싶습니다. 아무말 없이 쳐다보다 바꿔주시는건 무슨 일인지.. 옆에 외국인 분 볶음밥 주문하시는데 바쁜건 이해합니다만 말 끝나기도 전에 끊고 ‘나중에 하시는거에요’ 하시는거 보고 굉장히 무안했습니다. 그거랑 별개로 먹다보면 계속 치즈가 굳습니다.. 불을 못 키고 닭갈비를 먹으니 말 안하고 밥만 먹는데도 라면이 쫄아들고 치즈가 굳어 찢어먹었습니다.. 전체적으로 짰습니다만 양은 괜찮았어요 몇몇 직원분들이 불친절 했던 것 말고는 무난합니다 줄 설 정도는..",브론즈 레벨
장인닭갈비 홍대점,김수연,1,1,2025-09-28,1.0,False,86,사리 추가 없이 그냥 기본 닭갈비 시켰더니 진짜 닭고기랑 양배추밖에 없음. 게다가 닭갈비에 뻑뻑한 살이 거의 반 정도 섞여있었음. 이런 닭갈비집 처음 봄;,브론즈 레벨
장인닭갈비 홍대점,죤짱,29,5,2025-09-12,5.0,False,38,사리 다양하고 우동사리랑 치즈 가득 해서 꼭드세요 완전 맛있고 양대박,실버 레벨
장인닭갈비 홍대점,너무너무 사랑스러웡❤️,20,5,2025-09-10,5.0,False,60,맛있구먼 고기 냄새도 안나구 양배추랑 같이먹으니 아삭하면서 더더 닭아 맛을 느낄 수있고 일단 양념이 맛있는듯,브론즈 레벨
장인닭갈비 홍대점,참파,7,3.3,2025-09-09,1.0,True,530,광고글 엄청 많네요 1인분에 만이천원인데 닭고기 어린아이가 먹을정도의 양과 양배추만 있음 사리는 모두 추가옵션인데 이것도 말 잘해야됨 나중에 말하면 혼남 철판닭갈비 집인데 불을 못킴 불 키면 또 혼남 밥 볶는 것도 공깃밥 남은 거 볶으면 안 됨! 꼭 볶음밥 추가해야지 안 그러면 직원이 손님 또 혼냄ㅋㅋ 돈 주고 하대받고싶은 사람들만 와야되는 가게.. 덜덜.. 내부에 외국인들 많던데 … ㅋㅋ 이딴 걸 한식이라고 파는 건가..? 싶음 그냥 상상하는 그 이하의 닭갈비 급식닭갈비 기내식 닭갈비 편의점 도시락 닭갈비 보다도 못함 완조리가 언제된지 모르는 차갑게 식은 비계덩어리와 눅진 양배추를 입안 가득 씹으며 닭갈비라고 최면 100번 걸어야 닭갈비 먹는 느낌 해외여행 10개국 넘게 가봤는데 그 나라에서먹은 짭닭갈비가 여기보단 맛있었음 가게 위생도 .. 상상하는 그 수준이고 여기서 이 돈 주고 닭갈비 먹을 바에 편의점에서 마크정식 먹고 후식으로 하겐다즈 드시는게 현명할듯 악플리뷰 잘 안 다는데 여기는 시간내서 악플 쓰고싶을 정도의 서비스와 맛임.,브론즈 레벨
장인닭갈비 홍대점,동동,33,5,2025-09-09,5.0,False,33,치즈닭갈비 너무맛있고 닭갈비 질좋고 양까지 푸짐하고 좋았어요,실버 레벨
장인닭갈비 홍대점,구소애,135,4.9,2025-09-07,5.0,False,78,좋은 궁합을 자랑하는 질 좋은 국내산 닭갈비와 순수 모짜렐라 치즈의 조화로 지금껏 맛보지 못한 장인닭갈비만의 특별한 레시피를 맛볼수 있어요ㅎ,실버 레벨
장인닭갈비 홍대점,김총무,3,3.7,2025-09-06,1.0,False,129,"내가 왠만하면 후기테러 안하는데, 이건 정말 너무 맛도없고, 성의도 없는 음식, 일반 식당가나 동네에 있으면 바로 망하는 식당. 하지만 홍대 대학로등 사람 밀집지역에만 있다는점이 함정. 유가네도 맛없지만 여긴 유가네보다 10배맛없음",브론즈 레벨
장인닭갈비 홍대점,이유나(有娜),32,4.9,2025-09-05,5.0,False,35,100%오리지널 치즈와 국내 닭 푸짐하며 너무 맛있게 먹었답니다,실버 레벨
장인닭갈비 홍대점,밍,1,1,2025-08-23,1.0,False,284,"작년 여름 친구 3명이랑 가서 각자 따로 계산할려고 햇거든요 근데 알바가 잘못 계산해놔서 다시가서 돈 받을려 했는데 ""겨우 1000원 때문에 다시 오신거에요??"" 하시면서 ㅋㅋㅋ아니 학생이고 1000원이 얼마나 큰 돈인데 겨우 천원? 그리고 사과한마디도 안하시고 어떻게 하실거냐고, 4명 취소하고 다시 결제해야한다면서 그러고 걍 짜증나서 죄송합니다하고 나왔네요 직원분 사과라도 하셨으면 저희 기분이 안좋진 않았을텐데 알바 인성교육좀 시키세요 왜 우리가 사과를 해야함?ㅋㅋ 꼽주고 싸가지도 없는곳. 가지마세요.",브론즈 레벨
장인닭갈비 홍대점,으니허니맘,24,5,2025-08-19,5.0,False,51,"치즈닭갈비 양도 푸짐하고 양념이 넘 맛있어요~ 볶음밥까지 ㅎ ㅎ배부르게 잘 먹고왔어요 ^^,",실버 레벨
장인닭갈비 홍대점,미꽁떼꽁,116,5,2025-08-16,5.0,False,36,인테리어도 카페처럼 깔끔하고 닭갈비 다드시면 볶음밥 꼭 드세요💓💓,실버 레벨
장인닭갈비 홍대점,아들맘,15,5,2025-08-15,5.0,False,86,홍대맛집 장인닭갈비 홍대점만의 특별함을 맛볼수 있구요 음식점의 기본은 맛이라는 생각으로 기본에 충실하시며 최대한의 서비스를 즐기실 수 있는 홍대맛집이였어요,브론즈 레벨
장인닭갈비 홍대점,ㅇㅇ,4,2.5,2025-08-14,1.0,False,68,"친절하지 않습니다. 추천하고 싶지 않은 곳입니다. 후기는 다들 좋길래 찾아간건데, 후기 조작이 의심될 정도로 불쾌했습니다.",브론즈 레벨
장인닭갈비 홍대점,ZZ_zz92,137,4.9,2025-08-13,5.0,False,107,"닭갈비에 양념이 진하게 배어있고, 고기도 부드러워서 좋았어요. 쌈채소도 무제한으로 가져다 먹을 수 있는데 쌈무까지 해서 싸먹으니까 계속 들어가더라구요! 마무리로 볶음밥까지 맛있게 먹구 왔어요.",실버 레벨
장인닭갈비 홍대점,민채,5,1.8,2025-08-12,1.0,False,13,모두에게 친절하지는 않음,브론즈 레벨
장인닭갈비 홍대점,🥹🫶🏻,326,4.1,2025-08-11,3.0,True,138,닭갈비는 고추장베이스에 사리는 양배추 떡 닭갈비가 끝 순한맛으로 시켜도 약간 매콤함 양은 나쁘지않고 닭갈비보다 닭갈비 양념에 볶아먹는 볶음밥이 더 맛있음⭐️ 럭키봉봉은 오렌지쥬스에 물탄맛임 매장은 사람많고 정신없음 외국인알바생은 좀 서툰듯해오..🥹,골드 레벨
장인닭갈비 홍대점,융딩이,99,5,2025-08-09,5.0,False,41,친구랑 닭갈비먹으러 다녀왔어요 치즈닭갈비 존맛!!! 분위기도 좋고 깨끗해요,실버 레벨
장인닭갈비 홍대점,ᰔ,50,3.7,2025-08-06,4.0,True,104,맛있는데 전통 닭갈비라고 하기에는 양배추랑 닭만 들어있었어요 고구마 떡사리 이런거 하나도 없고 외국인이 많아수 그런가 단맛이 강해요 한국인반 외국인반인 식당 맛은 나쁘지 않았어요~~~👍🏻,실버 레벨
장인닭갈비 홍대점,냐미,44,3.7,2025-08-03,1.0,True,289,"닭갈비 맛은…제가 먹어본 닭갈비 중에서 가장 별로였오요… 🤣엄청 밍숭한 고추장 맛에 깨맛만 남 🤣닭은 엄청 퍽퍽한 닭가슴갈이고 간이 안 배서 밍숭… 🤣이 더운 여름날 매장이 너무 더워서 자리 바꾸고 싶다고 했는데 거절… 심지어 안내 받은 자리는 에어컨도 꺼져있었어요.. 🤣반찬은 셀프에 쌈무, 샐러드, 상추말고는 없어요‼️ 🤣치즈가 녹다가 말았어욥 🤣점원분 반할이 외국인인데 치렁치렁한 모자부터 위생개념 제로에 가까워요 ‼️리뷰이벤트가 있어서 그런지…제 입맛이 까칠해서 그런지 좋은 리뷰 믿고 갔다가…남기고 나왔어욥🥹",실버 레벨
장인닭갈비 홍대점,so,4,4,2025-07-26,1.0,False,42,"알바생 사장님 전부 너무 불친절해요 기다려서 들어갔는데 기분 다상했네요 ,,",브론즈 레벨
장인닭갈비 홍대점,루온,26,5,2025-07-12,5.0,False,32,양도 많고 맛있어요 우동추가해서 먹으니까 더 맛있더라고요👍,실버 레벨
장인닭갈비 홍대점,신혜정,121,5,2025-07-11,5.0,False,40,닭이 엄청 촉촉하고 양념도 잘베여있고 달달하니 매콤하니 너무 맛있었어요.,골드 레벨
장인닭갈비 홍대점,연2,55,4.9,2025-07-10,5.0,False,32,닭갈비양푸짐하고국내산닭고기라맛있어요볶음밥필수입니다맛있었오요,실버 레벨
장인닭갈비 홍대점,린린시스터즈♡,48,4.9,2025-07-09,5.0,False,52,야채도 신선하고 양도 푸짐해서 좋아요 양념도 맛있어서 마무리 볶음밥 까지 볶볶 넘 맛있더라구요,실버 레벨
장인닭갈비 홍대점,Kim하나💕,21,5,2025-07-08,5.0,False,127,닭갈비 사이로 모짜렐라치즈가 똬~아악!! 지금도 군침이 ㅎㅎ 또 먹고 싶네요 ㅋ 요즘 채소 비싼데 쌈채소도 무한리필이라 너무 좋았구요 식당 내부도 깔끔하고 직원분들도 친절하셔서 넘 좋았어요 기분좋게 배부르게 잘 먹고 왔네요 ^^,실버 레벨
장인닭갈비 홍대점,헤니💜,111,5,2025-07-08,5.0,False,50,매콤달콤 닭갈비와 모짜렐라 치즈조합이 좋아요 쌈채소도 신선하구 같이 싸 먹으면 더 맛있어요,실버 레벨
장인닭갈비 홍대점,히유,25,5,2025-07-07,5.0,False,44,적당히매콤하고 치즈가 진짜 맛있어요! 쌈채소 샐러드도 무한리필이라 계속 들어감요,실버 레벨
장인닭갈비 홍대점,sjmj2356,16,5,2025-07-06,5.0,False,60,오랜만에 닭갈비 먹으러 갔는데 역시 맛있어요 야채랑 같이 먹으니까 중독성있어요ㅠㅠ 볶음밥도 꼭 먹어야해여!!,브론즈 레벨
장인닭갈비 홍대점,탐방러,110,5,2025-07-05,5.0,False,36,치즈도 진짜 많고 닭갈비가 엄청 부드러워서 같이 먹기 좋았어요!!,실버 레벨
장인닭갈비 홍대점,아리,29,5,2025-07-04,5.0,False,61,"100% 국내산 닭갈비와 모짜렐라 치즈, 그리고 무한리필 쌈 채소까지 완벽한 곳이에요. 볶음밥까지 꼭 드세요!",실버 레벨
장인닭갈비 홍대점,M.S♥,46,5,2025-06-27,5.0,False,52,쫄깃한 국내산 닭갈비에 치즈 듬뿍! 볶음밥까지 완벽했어요😋 홍대에서 또 가고 싶은 맛집이에요!,실버 레벨
장인닭갈비 홍대점,영쓰💜,148,4.9,2025-06-20,5.0,False,49,매콤달콤 닭갈비와 풍미있는 치즈까지 환상조합이에요 남은 양념에 볶은 볶음밥도 넘 맛있어요,골드 레벨
장인닭갈비 홍대점,힘쎈곰,38,4.9,2025-06-20,5.0,False,48,매장 분위기 깔끔하고 닭갈비 양념이 진짜 찐이에요! 치즈 듬뿍에 볶음밥까지 완벽했어요!,실버 레벨
장인닭갈비 홍대점,kkjsle,91,5,2025-06-18,5.0,False,47,닭갈비와 치즈 조합이 너무 맛있네요~ 닭에서 잡내도 안나요 양념도 입맛에 딱이였답니다,실버 레벨
장인닭갈비 홍대점,하영이❤,88,4.9,2025-06-16,5.0,False,27,닭갈비가 넘 맛이써가지구 배부르게 잘먹어써요ㅎㅎㅎ,실버 레벨
장인닭갈비 홍대점,냠냠이,69,5,2025-06-15,5.0,False,40,치즈가 쭉쭉 늘어나니 너무 맛있어요 👍👍 다먹고 나서 볶은밥은 필수 ㅎㅎ,실버 레벨
장인닭갈비 홍대점,온유,55,4.9,2025-06-13,5.0,False,37,닭갈비에 치즈 추가는 필수! 조합이 좋아서 계속 생각나는 맛이에요~,실버 레벨
장인닭갈비 홍대점,정형진,14,4.9,2025-06-12,5.0,False,46,가성비있게 데이트코스 밥집으로 방문하기 좋아요 둘이서도 충분히 먹고도 남을 양이에요,브론즈 레벨
장인닭갈비 홍대점,JW,31,4.1,2025-06-06,1.0,False,56,11시 한참 넘어서 열어놓고 한번에 손님 많이 왔다고 자리있는데 손님보고 더운 밖에서 기다리라는 식당,실버 레벨
장인닭갈비 홍대점,가지 말라면 좀 가지마,3,1,2025-05-25,1.0,False,58,"치즈포함 12,000원이라 해서 갔는데 주문할때 미포함이라고 말함. 가격 속이는거부터 기분 상하고 시작함",브론즈 레벨
장인닭갈비 홍대점,한우석,178,4.1,2025-05-22,1.0,True,41,외국인 전용입니다… 국산여러분은 인생 최악의 닭갈비를 맛보실 수 있어요….,실버 레벨
장인닭갈비 홍대점,Kim Dongryeong 김동령,19,2.7,2025-05-12,1.0,True,122,최악의 닭갈비 맛입니다. 달달한 라볶이에 닭고기 들어간 맛입니다. 너무 달아요. 당뇨병맛. 볶음밥도 너무 달아요! 세상에 어떻게 볶음밥이 달아요. 근데 그게 너무 달아요. 이렇게 멋없는 음식은 찾아보기 힘들 정도입니다.,실버 레벨
장인닭갈비 홍대점,맛집이라구요?,317,3.9,2025-05-11,1.0,True,89,컵도 테이블도 청결하지 않고 관광지라 외국인 입맛에 맞춰서 그런지 순한맛은 진짜 순함 그리고 우동사리가 참 맛이 없습니다... 친절하지도 일처리가 빠르지도 않음,골드 레벨
장인닭갈비 홍대점,객관안,115,4.5,2025-05-05,4.0,False,22,그냥 그래요~ 웨이팅 할 정도 전혀 아님,골드 레벨
장인닭갈비 홍대점,차이,140,4.8,2025-05-04,5.0,True,3,좋아요,골드 레벨
장인닭갈비 홍대점,-,234,4.4,2025-04-23,4.0,False,99,닭갈비 2인분에 라면사리 추가했는데 사리가 꼬들하다 못해 덜 익어서 바삭거렸습니다 살은 좀 퍽퍽한 편이었고 양은 둘이서 먹기 딱 괜찮은 정도였습니다 직원분께선 정말 친절하셨어요!,골드 레벨
장인닭갈비 홍대점,동글동글도비,9,3.9,2025-04-08,1.0,False,528,"보러색 헤어 하신 외국인 여직원분 굉장히 친절 하셨습니다 중간맛도 매울 수 있다고 설명도 해주시고 계속 웃으면서 응대해주셔서 좋았습니다 먹는 중간중간 주위 테이블 외국인분들이 계속 반도 못 먹고 나가시길래 보니 남자 직원분이 되게 건성건성 응대하시고 기본맛으로 주셔서 매워서 못드시고 나가시더라구요 안내멘트도 없고 불러도 안오셔서 저희 테이블이 설명해드렸어요 뭐 이런것도 바빠서 그럴 수 있지, 직원분이 영어를 잘 못하시나보다 하고 넘어 갈 수 있는데 저희 테이블이 볶음밥 시키고 15분이 넘게 안나와서 부르니까 ""이제 나와요"" 하고 주문 넣으러 가신것도 봤어요 근데 주문도 잘못 넣으셔서 재주문 했습니다 이런 상황이면 직원응대가 미흡했다던지 매장이 너무 바빠서 깜빡했다던지 말을 하면서 죄송하다는 사과가 있어야하는데 그냥 새로 가져온거 볶으시면서 ""죄송해요~"" 이러고 가셔서 기분이 좀 많이 나빴네요 웨이팅도 많고 방문객도 많습니다 맛도 괜찮았고 양도 괜찮았습니다 하지만 직원응대가 너무 별로라서 그 장점을 다 깎아 먹는다고 생각하시면 됩니다",실버 레벨
장인닭갈비 홍대점,.,70,3.7,2025-04-03,4.0,True,213,"한끼 식사를 위해 방문했습니다. 다른 지점에 비해 웨이팅 줄이 상당합니다. 직원 분들은 대부분 서비스능력이 상당히 높으십니다. 반면의 조금 예민한 성격의 직원 분도 계십니다. 볶음밥 시키면 열심히 볶아 주시지만, 직원분의 노력에 비해 죽처럼 묽은 식감이었습니다. 음식 주문하고 한 입 먹었을 때 밥으로 3-4그릇 뚝딱일 정도의 음식 퀄리티였습니다. 다음에도 들려 맛있게 먹겠습니다🥰",골드 레벨
장인닭갈비 홍대점,짹,497,4,2025-03-24,4.0,True,27,"무난한 닭갈비맛, 홍대 한 가운데서 이정도면 선방",블루 레벨
장인닭갈비 홍대점,ㅁ1ㅇ2ㄴ3ㄹ4,86,3.2,2025-03-17,2.0,False,6,너무 달아요,실버 레벨
장인닭갈비 홍대점,💚 ᴍɪʏᴀ 💚,1300,4.3,2025-03-03,5.0,True,17,양도 많고 넘 맛있다 헤헤...,블루 레벨
장인닭갈비 홍대점,♥후암동짝눈이♥,174,4.3,2025-02-16,5.0,True,352,<장인닭갈비 홍대점>홍대 닭갈비 맛집 주소 : 서울 마포구 어울마당로 111-1 1층 영업시간 : 11:00~01:00 ☎️ 0507-1366-8812 <장인닭갈비 홍대점> 홍대 버스킹 거리 중앙에 위치해있어요 깔끔한 흰새건물에 통창으로 되어있어요 너무 고급스러운 닭갈비집입니다 닭갈비는 조리해서 가져다주십니다 바로 먹을수 있어서 좋았어요 셀프 샐러드바가 있어서 상추 깻잎 쌈무 등 자유롭게 가져와 먹을수 있어요 저희는 2층에 자리잡고 닭갈비순한맛 모둠사리로 주문~ 창밖으로 홍대거리 바라보며 한잔 🍺 마무리는 볶음밥으로~ 외국인 관광객 홍대 놀러나온 친구들 까지 이른시간인데도 웨이팅하는 마포구 닭갈비 인기 맛집입니다 👍👍👍👍👍,골드 레벨
장인닭갈비 홍대점,맛집 탐험가,2,3,2025-02-14,5.0,True,93,ㅇㄴ 여기 진짜 ㄱㅊ음 사장님인지 매니저인지 엄청 친절하시고 하트 ..도 만들어주셨음 ㅎㅎ 물론 닭갈비도 ○○○○ 맛있음 닭갈비를 내 최애 메뉴로 만들어준 개쩌는 집임,브론즈 레벨
장인닭갈비 홍대점,불꽃의초롱이,194,4.3,2025-02-13,5.0,True,222,"홍대 버스킹 거리에 있는 닭갈비 가게입니다. 기존 닭갈비 갈게와는 다른 밝은 분위기. 2인분, 모둠사리 주문했는데 양이 아주 많네요. 무엇보다 치즈양이 장난아닙니다. 치즈를 기준으로 1인분씩 딱 나누어서 나옵니다. 맛이 기존의 닭갈비와는 차이가 납니다. 순한 맛 기준으로 살짝 매콤하며 라볶이맛이 섞여있는듯한 맛인데 아주 맛이 좋습니다. 평일임에도 불구하고 일찍 만석입니다. 평일부터 웨이팅이네요.",골드 레벨
장인닭갈비 홍대점,상희,24,5,2025-02-13,5.0,False,107,"닭갈비 100%국내산에 훌륭한 조합인 순수 모짜렐라 치즈가 들어가니 압성맞춤 이였다. 그리고 지금 야채 값이 비싼데 여기는 상추,깻잎,샐러드 를 눈치보지않고 샐프바를 이용할수 있어서 좋았다.😀",실버 레벨
장인닭갈비 홍대점,냥복쟁이,406,4.1,2025-02-12,4.0,True,102,매운거 못 먹는다면 순한맛으로 먹기. (예전에 보통맛 먹었다가 너무 매워서 혼남) 양은 조금 적은 편인데 음식 자체는 맛있음. 근처 닭갈비집 다 비슷비슷해서 닭갈비 먹고싶으면 종종갈듯,블루 레벨
장인닭갈비 홍대점,으하,17,3.2,2025-02-12,1.0,True,263,"단점 - 양념이 달다 - 밑반찬 없음(셀프바에 쌈, 쌈장, 쌈무, 야채샐러드 있음) - 알바생 대체로 불친절 - 위생 별로.. 식탁이 잘 안닦여있음 - 철판 올리고 버너 불 안켜길래 그냥 먹으면 되는 줄 알고 안뒤적거렸는데 치즈가 너무 타서 탄맛만 남… 먹다가 중간중간 뒤집어주라는 말해주는게 어렵나? - 가게에 엠씨몽 있음.. 엠씨몽 노래 나오면 진짜 알바생 중 하나가 엄청 크게 부름.. 좋은 목소리도 아니라 입맛 떨어저서 볶음밥 먹으려다 걍 나옴 - 재방문 의사 0",실버 레벨
장인닭갈비 홍대점,연수♡,144,5,2025-02-12,5.0,False,52,2층에서 먹었어요...2층까지 손님이 찰 정도로 맛집이네요...일단 팬이 커서 혜자스럽네요.👍,골드 레벨
장인닭갈비 홍대점,나는 반딧불,38,4.9,2025-02-11,5.0,False,64,닭갈비 먹고싶어서 갔는데 사리도 다양하게 추가해서 푸짐하게 즐긴데다 다먹은후에 볶음밥까지 완벽하게 푸짐하게 즐겼네요,실버 레벨
장인닭갈비 홍대점,다뇽잉♥,68,5,2025-02-10,5.0,False,56,치즈닭갈비가 땡겨서 방문했어요ㅎ 국내산 닭갈비와 순수 모짜렐라치즈의 조합이 굿굿~ 볶음밥도 꿀맛!!!,실버 레벨
장인닭갈비 홍대점,최효정,87,5,2025-02-09,5.0,False,59,국내산 닭갈비에 모짜렐라 치즈 조합이 완벽했어요! 셀프바도 잘 갖춰져 있어 부족함 없이 맛있게 먹었습니다.,실버 레벨
장인닭갈비 홍대점,챠니챠니,10,1.7,2025-02-08,1.0,False,189,쌈채소에 하루살이벌레 수십게 붙어있길래 불러서 말하니까 쌈채소그릇 가져가더니 아무런응대도없고 볶음밥달라할때 쌈채소 벌레너무많으니까 한번다시 씻어야할거같다니까 대답도안하고감 ㅋㅋㅋㅋㅋㅋㅋ 개역겨워서 진짜 위생이라곤 없고 맛도 싱겁고 다신안갈곳 외국인상대하는곳같은데 사장인성 가게직원인성 위생까지 아주 더러운곳 다신안감 주변에 다가지말라할거임,실버 레벨
장인닭갈비 홍대점,잔디맛,79,5,2025-02-05,5.0,False,196,날이 추우니까 닭갈비가 엄청 땡기더라구요~그래서 퇴근 후 오늘은 닭갈비의 만찬이었는데 완전 매콤하면서도 치즈 듬뿍 올려진 모짜렐라 덕에 완전 담백하게 먹었네요~2호점이 2층에 생겨서 역시 홍대는 정말 사람이 엄청 많네요~그래도 언제 먹어도 맛있고 마지막엔 장인김치볶음밥까지 먹었더니 든든한 저녁이 됐네요 ㅎㅎㅎ 2호점까지 있으니까 홍대점은 정말 편해요,실버 레벨
장인닭갈비 홍대점,오병헌,30,4,2025-02-02,3.0,True,88,닭고기 양이 많지 않음 치즈는 옵션으로 추가해야함 중간맛이 불닭이라 얘기하는데 신라면보다 안매움 (외국인들 자주방문해서 불닭이라 얘기하는거로 추측) 맛은 있음,실버 레벨
장인닭갈비 홍대점,찌니,35,4.9,2025-01-25,5.0,False,46,장인닭갈비 홍대점에서 매콤한 닭갈비를 즐겼어요. 양도 푸짐하고 맛이 일품이었습니다!,실버 레벨
장인닭갈비 홍대점,가을이야,95,5,2025-01-24,5.0,False,104,친구들과 저녁먹기위해 찾아간 닭갈비맛집!! 옛날식 큼직한 철판에 맛있게 야채랑 사리추가까지 해서 먹든데 고기맛도 부드럽고 양념도 너무 맛있는게 마무리로 봌음밥까지 완벽하게 즐긴 식사였네요,실버 레벨
장인닭갈비 홍대점,sairai,114,3.7,2025-01-23,4.0,False,240,양 :없음. 고기도 1개짜리를 4등분 해놓은 것처럼 작음 맛 :있음. 재방문 의사 O 메뉴 내놓고 바로 먹어도 되는지 설명도 안 하면서 치즈 안 시키면 기본으로 안나온다고 한 테이블 한 테이블 다시 되물으러 오는거 좀 킹받음 닭갈비 먹고싶대서 홍대 닭갈비집 한바퀴 다 돌았는데 여기가 제일 사람 많았음 리뷰조작하는거 킹받음 2층 조명 너무 밝음 멜라민 식기 까져있는데 좀 그릇 좀 새로 시키지 그래? 발암물질 나오는 거 다 알면서,골드 레벨
장인닭갈비 홍대점,까칠이,158,5,2025-01-21,5.0,False,62,닭고기가 부드럽고 양도 많고 맛있어요. 가게도 깔끔했어요. 매운맛으로 먹었는데 매운거 좋아하는 입맛에 딱이에요.,골드 레벨
장인닭갈비 홍대점,이나리,20,5,2025-01-21,5.0,False,54,역시 맛집이라 사람들도 많고 언제가도 변치않는 맛있는 맛이에요ㅜㅜ 맛있게 배부르게 잘 먹었습니다💓,실버 레벨
장인닭갈비 홍대점,dong.a👊,135,4.9,2025-01-19,5.0,False,57,닭갈비가 정말 맛있어요 가슴살 좋아하는 저는 완전 만족이요 토핑 이랑 복음밥은 필수로 시켜주세요.🫶❣️,골드 레벨
장인닭갈비 홍대점,채린,54,5,2025-01-17,5.0,False,66,"모짜렐라 치즈랑 궁합이 너무 잘 맞는 장인닭갈비 ,, 양이 적을 줄 알았으나 푸짐하게 한 끼 먹고 가서 기분 좋았네용!",실버 레벨
장인닭갈비 홍대점,귤귤38,106,5,2025-01-15,5.0,False,74,"여기 자주 방문해요~!! 닭갈비랑 라면사리 넣어서 먹으면 맛있구, 배가 터질거 같아도 볶음밥은 꼭 먹어양해요 ㅎㅎ 진짜 맛있으니까!!",실버 레벨
장인닭갈비 홍대점,포실,43,4.9,2025-01-14,5.0,False,40,홍대역 앞이라 우연히 들어가봤는데 백프로 국내산 닭갈비라 더 맛잇는듯~~,실버 레벨
장인닭갈비 홍대점,LTH Minh,5,2.6,2025-01-12,5.0,True,58,1월 12일에 방문했습니다 베트남 여자 직원은 넘 친절하십니다 한국 직원은 영어 친절하며 영어 잘하시고요,브론즈 레벨
장인닭갈비 홍대점,아츄,71,5,2025-01-12,5.0,False,72,양념장이 진짜 맛도리... 맛있는 양념장에 닭갈비라니!! 손이가요 손이가 ㅎㅎ 다 먹고 볶음밥은 꼭 볶아드세요 무조건 강추강추><,실버 레벨
장인닭갈비 홍대점,Luminous,83,4.9,2025-01-11,5.0,False,58,치즈닭갈비 먹었는데 음식도 맛있고 청결한 환경까지 ! 쌈채소를 무한으로 즐길 수 있는것도 큰 메리트인듯😊,실버 레벨
장인닭갈비 홍대점,미리내,65,4.9,2025-01-10,5.0,False,381,"장인닭갈비 홍대점은 분위기 좋은 맛집으로, 많은 사람들에게 사랑받고 있는 곳입니다! 🍗✨ 위치는 홍대입구역 근처에 있어 접근성이 뛰어나고, 주변에 다양한 카페와 상점이 많아 식사 후 여유롭게 돌아다니기에도 좋습니다. 내부는 세련된 인테리어로 편안한 분위기를 제공하며, 친구나 연인과 함께 오기 좋은 자리입니다. 닭갈비는 신선한 재료로 조리되어 매콤하고 고소한 맛이 일품입니다. 특히, 매운맛 조절이 가능해 개인의 취향에 맞게 즐길 수 있는 점이 매력적입니다. 또한, 다양한 사이드 메뉴와 함께 제공되어 더욱 풍성한 식사를 즐길 수 있습니다. 직원들의 서비스도 친절하고 신속하여 기분 좋게 식사를 마칠 수 있었습니다. 홍대에서 맛있는 닭갈비를 찾고 있다면 장인닭갈비를 추천합니다! 😊",실버 레벨
장인닭갈비 홍대점,계란빵,27,5,2025-01-07,5.0,False,69,매장도 깔끔하고 넓어서 단체로 가기에도 좋아요. 닭갈비 양념 맛있고 치즈 얹어먹으면 진짜 잘 어울려요~마무리는 볶음밥 필수!,실버 레벨
