platform,store_name,review_text,rating,sentiment_star,diff,diff_abs,category_total_score,positive_evidence_count,negative_evidence_count,positive_aspect_count,negative_aspect_count,sentiment_calibration_reason,error_direction,error_type,evidence_items,matched_words,food_score,service_score,price_score,atmosphere_score,wait_score,revisit_score,recommendation_score,hygiene_score,general_score
kakao,각시보쌈,확신의 맛집 무조건 반반보쌈으로 ㄱㄱ 단 시끄러운거 싫어하면 절대 평일 저녁엔 가지마세요 할저씨들 술시켜놓고 고성방가 심함..,5.0,2.53,2.47,2.47,-2.5,1,3,1,2,,underestimation,weak_positive_underweighted,"[{""text"": ""확신 맛집"", ""normalized_text"": ""확신 맛집"", ""score"": 1.0, ""original_score"": 1.0, ""polarity"": ""positive"", ""strength"": ""normal"", ""aspect"": ""food"", ""source"": ""dictionary"", ""tag"": ""token"", ""start"": 0, ""end"": 2, ""is_active"": true, ""guard_reason"": null, ""term"": ""확신 맛집"", ""category"": ""food""}, {""text"": ""시끄럽다 싫어하다"", ""normalized_text"": ""시끄럽다 싫어하다"", ""score"": -0.5, ""original_score"": -2.0, ""polarity"": ""negative"", ""strength"": ""weak"", ""aspect"": ""atmosphere"", ""source"": ""dictionary"", ""tag"": ""token"", ""start"": 4, ""end"": 6, ""is_active"": true, ""guard_reason"": null, ""term"": ""시끄럽다 싫어하다"", ""category"": ""atmosphere""}, {""text"": ""고성 방가"", ""normalized_text"": ""고성 방가"", ""score"": -2.0, ""original_score"": -2.0, ""polarity"": ""negative"", ""strength"": ""strong"", ""aspect"": ""atmosphere"", ""source"": ""dictionary"", ""tag"": ""token"", ""start"": 13, ""end"": 15, ""is_active"": true, ""guard_reason"": null, ""term"": ""고성 방가"", ""category"": ""atmosphere""}, {""text"": ""심하다"", ""normalized_text"": ""심하다"", ""score"": -1.0, ""original_score"": -1.0, ""polarity"": ""negative"", ""strength"": ""normal"", ""aspect"": ""general"", ""source"": ""dictionary"", ""tag"": ""token"", ""start"": 15, ""end"": 16, ""is_active"": true, ""guard_reason"": null, ""term"": ""심하다"", ""category"": ""general""}, {""text"": ""가지 말다"", ""normalized_text"": ""가지 말다"", ""score"": 0.0, ""original_score"": -1.0, ""polarity"": ""neutral"", ""strength"": ""weak"", ""aspect"": ""general"", ""source"": ""context_guard"", ""tag"": ""conditional_warning_not_revisit_rejection"", ""start"": 9, ""end"": 11, ""is_active"": false, ""guard_reason"": ""conditional_warning_not_revisit_rejection"", ""term"": ""가지 말다"", ""category"": ""general""}, {""text"": ""조건부 이용 경고"", ""normalized_text"": ""조건부 이용 경고"", ""score"": 0.0, ""original_score"": -1.0, ""polarity"": ""neutral"", ""strength"": ""weak"", ""aspect"": ""revisit"", ""source"": ""context_guard"", ""tag"": ""conditional_warning_not_revisit_rejection"", ""start"": null, ""end"": null, ""is_active"": false, ""guard_reason"": ""conditional_warning_not_revisit_rejection"", ""term"": ""조건부 이용 경고"", ""category"": ""revisit""}]",확신 맛집:+1[token] | 시끄럽다 싫어하다:-0.5[token] | 고성 방가:-2[token] | 심하다:-1[token] | 가지 말다:-1->0[conditional_warning_not_revisit_rejection] | 조건부 이용 경고:-1->0[conditional_warning_not_revisit_rejection],1.0,0.0,0.0,-2.5,0.0,0.0,0.0,0.0,-1.0
kakao,옥동식 서교점,대기걸때 12팀인데 1시간 기다리는 곳. 국밥 한그릇인데 금방 빠지겠지 하면 완전 오산… 회전 속도 엄청 느림. 돼지곰탕이라 그런지 돼지머리눌린거 먹을때 나는 돼지잡내 강한편. 전통식인가? 이런 냄새 좋아하면 가면 됨. 또 말아져있는 밥이 매우 꼬들꼬들한 편. 다해놓은 밥 퍼서 다끓여놓은 국물로 토렴 한번하고 고명 올려서 내주는데 2분정도 걸린듯한데 왜 나는 12번째로 11명 기다리는데 1시간 기다리는지 도저히 이해가 안되는 집. 먹고 나면 잘 먹었다는 생각보다 기다린 시간이 너무 아깝다는 생각만 듬.,1.0,3.15,-2.15,2.15,0.0,2,2,2,2,,overestimation,mixed_review_not_capped_enough | weak_positive_overweighted,"[{""text"": ""너무 아깝다"", ""normalized_text"": ""너무 아깝다"", ""score"": -1.0, ""original_score"": -1.0, ""polarity"": ""negative"", ""strength"": ""normal"", ""aspect"": ""price"", ""source"": ""dictionary"", ""tag"": ""token"", ""start"": 53, ""end"": 55, ""is_active"": true, ""guard_reason"": null, ""term"": ""너무 아깝다"", ""category"": ""price""}, {""text"": ""느리다"", ""normalized_text"": ""느리다"", ""score"": -1.0, ""original_score"": -1.0, ""polarity"": ""negative"", ""strength"": ""normal"", ""aspect"": ""general"", ""source"": ""dictionary"", ""tag"": ""token"", ""start"": 12, ""end"": 13, ""is_active"": true, ""guard_reason"": null, ""term"": ""느리다"", ""category"": ""general""}, {""text"": ""좋아하다"", ""normalized_text"": ""좋아하다"", ""score"": 1.0, ""original_score"": 1.0, ""polarity"": ""positive"", ""strength"": ""normal"", ""aspect"": ""general"", ""source"": ""dictionary"", ""tag"": ""token"", ""start"": 26, ""end"": 27, ""is_active"": true, ""guard_reason"": null, ""term"": ""좋아하다"", ""category"": ""general""}, {""text"": ""꼬들꼬들하다"", ""normalized_text"": ""꼬들꼬들하다"", ""score"": 1.0, ""original_score"": 1.0, ""polarity"": ""positive"", ""strength"": ""normal"", ""aspect"": ""food"", ""source"": ""dictionary"", ""tag"": ""token"", ""start"": 30, ""end"": 31, ""is_active"": true, ""guard_reason"": null, ""term"": ""꼬들꼬들하다"", ""category"": ""food""}, {""text"": ""안되다"", ""normalized_text"": ""안되다"", ""score"": 0.0, ""original_score"": -1.0, ""polarity"": ""neutral"", ""strength"": ""weak"", ""aspect"": ""general"", ""source"": ""context_guard"", ""tag"": ""non_evaluative_standalone_negative"", ""start"": 45, ""end"": 46, ""is_active"": false, ""guard_reason"": ""non_evaluative_standalone_negative"", ""term"": ""안되다"", ""category"": ""general""}]",너무 아깝다:-1[token] | 느리다:-1[token] | 좋아하다:+1[token] | 꼬들꼬들하다:+1[token] | 안되다:-1->0[non_evaluative_standalone_negative],1.0,0.0,-1.0,0.0,0.0,0.0,0.0,0.0,0.0
kakao,육산장 홍대본점,직원들이 일을 진~~짜 못해요 분위기 좋고 음식 맛있는데 그것을 다 차감할 인적악재.. 리뷰이벤트 상품이 바뀐걸 고지하지않고 영수증 2개 주시면서 말없이 바뀐 리뷰이벤트 상품인 콘치즈를 제공. 바뀐지 몰랐기에 영수증을 보여드리며 목살 100g이 나올줄 알았으나 나오지않아 다른 직원 두명을 더 불러 보여드림. 두번째 남자직원이 나오더니 네 확인됐습니다~! 하길래 나올 줄 알았으나 나오지않음. 다 먹어갈쯔음 그 남직원 불러 다시 물어봄. 그제서야 남직원이 리뷰이벤트로 콘치즈 받은것이다 답변해줌. 1. 리뷰이벤트 상품변경 고지 하지않음 (1개가 삼겹김치찌개 2개가 콘치즈. 콘치즈 양도 적었으며 미리 태블릿 리뷰이벤트 상품이 목살이 아닌 콘치즈로 교체되었음을 고지하지 않음. 콘치즈가 어떻게 삼겹김치찌개에 비빔ㅠ) 2. 리뷰이벤트 상품이라 말하지않고 콘치즈가 음식과 같이 등장. 기본 제공인줄. - 영수증을 두장 줬으니 당연 쓸줄알고 확인도 안하고 음식플레이트와 같이 동시 제공된 것. - 여러 식당들에서 리뷰를 보여줘야만 서비스가 제공되어 찍을 사진이 없었기에 플레이트가 나와 그 사진을 찍고 리뷰를 작성하게 됨. 3. 두 명의 직원에게 리뷰를 보여주었지만 그 아무도 얘기하지않고 두번째 남직원은 확인됐습니다 라고만 답변 4. 기다리다 안와서 직원호출해서 물어봄. 그제야 태블릿 이벤트와 다르게 상품이 바뀌었으며 같이 나온 콘치즈가 상품이라 확인받았기에 태블릿 보여주며 목살이 상품이 아니었냐 하니 들어가서 한참을 또 안나옴ㅎ 5. 본인들 실수이니 특별히 목살을 조금 드리겠다 하고 6조각 나옴. 직원들이 일을 정말정말 못하고 회사에서 내 아랫사람이라 생각하면 정말^^ 어떻게 세명을 부를때까지 아무런 설명도 없고 확인됐습니다. 이 한마디가 모든걸 설명함? 고객 입장에서 서비스 주겠다는걸로 안들림?ㅠ 저게 어떻게 니네 콘치즈 제공된걸로 확인됨이야ㅠ,1.0,3.12,-2.12,2.12,1.0,5,3,3,3,positive_floor_blocked[active_negative_evidence],overestimation,mixed_review_not_capped_enough | weak_positive_overweighted,"[{""text"": ""분위기 좋다"", ""normalized_text"": ""분위기 좋다"", ""score"": 1.0, ""original_score"": 1.0, ""polarity"": ""positive"", ""strength"": ""normal"", ""aspect"": ""atmosphere"", ""source"": ""dictionary"", ""tag"": ""token"", ""start"": 2, ""end"": 4, ""is_active"": true, ""guard_reason"": null, ""term"": ""분위기 좋다"", ""category"": ""atmosphere""}, {""text"": ""음식 맛있다"", ""normalized_text"": ""음식 맛있다"", ""score"": 1.0, ""original_score"": 1.0, ""polarity"": ""positive"", ""strength"": ""normal"", ""aspect"": ""food"", ""source"": ""dictionary"", ""tag"": ""token"", ""start"": 4, ""end"": 6, ""is_active"": true, ""guard_reason"": null, ""term"": ""음식 맛있다"", ""category"": ""food""}, {""text"": ""짜다"", ""normalized_text"": ""짜다"", ""score"": -1.0, ""original_score"": -1.0, ""polarity"": ""negative"", ""strength"": ""normal"", ""aspect"": ""food"", ""source"": ""dictionary"", ""tag"": ""token"", ""start"": 1, ""end"": 2, ""is_active"": true, ""guard_reason"": null, ""term"": ""짜다"", ""category"": ""food""}, {""text"": ""적다"", ""normalized_text"": ""적다"", ""score"": -1.0, ""original_score"": -1.0, ""polarity"": ""negative"", ""strength"": ""normal"", ""aspect"": ""price"", ""source"": ""dictionary"", ""tag"": ""token"", ""start"": 74, ""end"": 75, ""is_active"": true, ""guard_reason"": null, ""term"": ""적다"", ""category"": ""price""}, {""text"": ""특별하다"", ""normalized_text"": ""특별하다"", ""score"": 1.0, ""original_score"": 1.0, ""polarity"": ""positive"", ""strength"": ""normal"", ""aspect"": ""general"", ""source"": ""dictionary"", ""tag"": ""token"", ""start"": 165, ""end"": 166, ""is_active"": true, ""guard_reason"": null, ""term"": ""특별하다"", ""category"": ""general""}, {""text"": ""음식 품질 긍정"", ""normalized_text"": ""음식 품질 긍정"", ""score"": 1.0, ""original_score"": 1.0, ""polarity"": ""positive"", ""strength"": ""normal"", ""aspect"": ""food"", ""source"": ""pattern_rule"", ""tag"": ""food_quality_positive_pattern"", ""start"": null, ""end"": null, ""is_active"": true, ""guard_reason"": null, ""term"": ""음식 품질 긍정"", ""category"": ""food""}, {""text"": ""분위기와 경험 긍정"", ""normalized_text"": ""분위기와 경험 긍정"", ""score"": 1.0, ""original_score"": 1.0, ""polarity"": ""positive"", ""strength"": ""normal"", ""aspect"": ""atmosphere"", ""source"": ""pattern_rule"", ""tag"": ""atmosphere_positive_pattern"", ""start"": null, ""end"": null, ""is_active"": true, ""guard_reason"": null, ""term"": ""분위기와 경험 긍정"", ""category"": ""atmosphere""}, {""text"": ""심각한 서비스 부정 결론"", ""normalized_text"": ""심각한 서비스 부정 결론"", ""score"": -2.0, ""original_score"": -2.0, ""polarity"": ""negative"", ""strength"": ""strong"", ""aspect"": ""service"", ""source"": ""context_guard"", ""tag"": ""active_service_negative_conclusion"", ""start"": null, ""end"": null, ""is_active"": true, ""guard_reason"": null, ""term"": ""심각한 서비스 부정 결론"", ""category"": ""service""}, {""text"": ""한참 나오다"", ""normalized_text"": ""한참 나오다"", ""score"": 0.0, ""original_score"": -1.0, ""polarity"": ""neutral"", ""strength"": ""weak"", ""aspect"": ""service"", ""source"": ""context_guard"", ""tag"": ""direct_negative_absence"", ""start"": 161, ""end"": 163, ""is_active"": false, ""guard_reason"": ""direct_negative_absence"", ""term"": ""한참 나오다"", ""category"": ""service""}, {""text"": ""불다"", ""normalized_text"": ""불다"", ""score"": 0.0, ""original_score"": -1.0, ""polarity"": ""neutral"", ""strength"": ""weak"", ""aspect"": ""general"", ""source"": ""context_guard"", ""tag"": ""blocked_risky_single_token"", ""start"": 37, ""end"": 38, ""is_active"": false, ""guard_reason"": ""blocked_risky_single_token"", ""term"": ""불다"", ""category"": ""general""}]",분위기 좋다:+1[token] | 음식 맛있다:+1[token] | 짜다:-1[token] | 적다:-1[token] | 특별하다:+1[token] | 음식 품질 긍정:+1[food_quality_positive_pattern] | 분위기와 경험 긍정:+1[atmosphere_positive_pattern] | 심각한 서비스 부정 결론:-2[active_service_negative_conclusion] | 한참 나오다:-1->0[direct_negative_absence] | 불다:-1->0[blocked_risky_single_token],1.0,-2.0,-1.0,2.0,0.0,0.0,0.0,0.0,1.0
kakao,육지,"테이블 비어 있는데 치우지 않아서 손님들 1시간 넘게 대기... 들어와보니 직원들 바쁜 것도 아니고 그냥 설렁설렁 돌아다니고 있네요. 빨리빨리 치우고 손님 받으시지. 덩치 큰 건희님은 친절하십니다. K.H 불친절. + 매니저 같은 분은 외국인 둘이 말 못 알아들으니까 ""아이씨""라고 함. 별개로 삼겹살은 육즙 가득하고 쫄깃하니 맛있습니다.",1.0,3.03,-2.03,2.03,0.0,4,3,3,2,positive_floor_blocked[active_negative_evidence],overestimation,mixed_review_not_capped_enough | weak_positive_overweighted,"[{""text"": ""설렁설렁"", ""normalized_text"": ""설렁설렁"", ""score"": -1.0, ""original_score"": -1.0, ""polarity"": ""negative"", ""strength"": ""normal"", ""aspect"": ""general"", ""source"": ""dictionary"", ""tag"": ""token"", ""start"": 13, ""end"": 14, ""is_active"": true, ""guard_reason"": null, ""term"": ""설렁설렁"", ""category"": ""general""}, {""text"": ""친절하다"", ""normalized_text"": ""친절하다"", ""score"": 1.0, ""original_score"": 1.0, ""polarity"": ""positive"", ""strength"": ""normal"", ""aspect"": ""service"", ""source"": ""dictionary"", ""tag"": ""token"", ""start"": 23, ""end"": 24, ""is_active"": true, ""guard_reason"": null, ""term"": ""친절하다"", ""category"": ""service""}, {""text"": ""불친절"", ""normalized_text"": ""불친절"", ""score"": -1.0, ""original_score"": -1.0, ""polarity"": ""negative"", ""strength"": ""normal"", ""aspect"": ""service"", ""source"": ""dictionary"", ""tag"": ""token"", ""start"": 24, ""end"": 25, ""is_active"": true, ""guard_reason"": null, ""term"": ""불친절"", ""category"": ""service""}, {""text"": ""가득하다"", ""normalized_text"": ""가득하다"", ""score"": 1.0, ""original_score"": 1.0, ""polarity"": ""positive"", ""strength"": ""normal"", ""aspect"": ""general"", ""source"": ""dictionary"", ""tag"": ""token"", ""start"": 33, ""end"": 34, ""is_active"": true, ""guard_reason"": null, ""term"": ""가득하다"", ""category"": ""general""}, {""text"": ""쫄깃하"", ""normalized_text"": ""쫄깃하"", ""score"": 1.0, ""original_score"": 1.0, ""polarity"": ""positive"", ""strength"": ""normal"", ""aspect"": ""food"", ""source"": ""dictionary"", ""tag"": ""token"", ""start"": 34, ""end"": 35, ""is_active"": true, ""guard_reason"": null, ""term"": ""쫄깃하"", ""category"": ""food""}, {""text"": ""맛있다"", ""normalized_text"": ""맛있다"", ""score"": 1.0, ""original_score"": 1.0, ""polarity"": ""positive"", ""strength"": ""normal"", ""aspect"": ""food"", ""source"": ""dictionary"", ""tag"": ""token"", ""start"": 35, ""end"": 36, ""is_active"": true, ""guard_reason"": null, ""term"": ""맛있다"", ""category"": ""food""}, {""text"": ""심각한 서비스 부정 결론"", ""normalized_text"": ""심각한 서비스 부정 결론"", ""score"": -2.0, ""original_score"": -2.0, ""polarity"": ""negative"", ""strength"": ""strong"", ""aspect"": ""service"", ""source"": ""context_guard"", ""tag"": ""active_service_negative_conclusion"", ""start"": null, ""end"": null, ""is_active"": true, ""guard_reason"": null, ""term"": ""심각한 서비스 부정 결론"", ""category"": ""service""}, {""text"": ""바쁘다"", ""normalized_text"": ""바쁘다"", ""score"": 0.0, ""original_score"": -1.0, ""polarity"": ""neutral"", ""strength"": ""weak"", ""aspect"": ""general"", ""source"": ""context_guard"", ""tag"": ""busy_indirect_context"", ""start"": 10, ""end"": 11, ""is_active"": false, ""guard_reason"": ""busy_indirect_context"", ""term"": ""바쁘다"", ""category"": ""general""}, {""text"": ""크다"", ""normalized_text"": ""크다"", ""score"": 0.0, ""original_score"": 1.0, ""polarity"": ""neutral"", ""strength"": ""weak"", ""aspect"": ""general"", ""source"": ""context_guard"", ""tag"": ""size_ambiguous_context"", ""start"": 21, ""end"": 22, ""is_active"": false, ""guard_reason"": ""size_ambiguous_context"", ""term"": ""크다"", ""category"": ""general""}]",설렁설렁:-1[token] | 친절하다:+1[token] | 불친절:-1[token] | 가득하다:+1[token] | 쫄깃하:+1[token] | 맛있다:+1[token] | 심각한 서비스 부정 결론:-2[active_service_negative_conclusion] | 바쁘다:-1->0[busy_indirect_context] | 크다:1->0[size_ambiguous_context],2.0,-2.0,0.0,0.0,0.0,0.0,0.0,0.0,0.0
kakao,을밀대 본점,요새들어 면발이 많이 힘이 없어지고 너무 부드러워 진거 같습니다 ㅜ 일시적으로 그런줄 알고 3번정도 방문했는데 계속 그러네요 아쉽네여,1.0,3.51,-2.51,2.51,1.0,1,1,1,1,,overestimation,mixed_review_not_capped_enough,"[{""text"": ""너무 부드럽다"", ""normalized_text"": ""너무 부드럽다"", ""score"": 2.0, ""original_score"": 2.0, ""polarity"": ""positive"", ""strength"": ""strong"", ""aspect"": ""food"", ""source"": ""dictionary"", ""tag"": ""token"", ""start"": 5, ""end"": 7, ""is_active"": true, ""guard_reason"": null, ""term"": ""너무 부드럽다"", ""category"": ""food""}, {""text"": ""아쉽다"", ""normalized_text"": ""아쉽다"", ""score"": -1.0, ""original_score"": -1.0, ""polarity"": ""negative"", ""strength"": ""normal"", ""aspect"": ""general"", ""source"": ""dictionary"", ""tag"": ""token"", ""start"": 15, ""end"": 16, ""is_active"": true, ""guard_reason"": null, ""term"": ""아쉽다"", ""category"": ""general""}]",너무 부드럽다:+2[token] | 아쉽다:-1[token],2.0,0.0,0.0,0.0,0.0,0.0,0.0,0.0,-1.0
kakao,뼈탄집 성수역점,두툼힌 고기에 부드러운 육질에 맛있는 간장소스 상추무침 등 가족나들이로 정말 맛있게 외식했어요 직원분들이 친절하게 구워주셔서 편하고 대접받은 휼룡한 식사였어요~~♡♡♡,2.0,5.0,-3.0,3.0,8.0,7,0,4,0,,overestimation,unknown,"[{""text"": ""고기 부드럽다"", ""normalized_text"": ""고기 부드럽다"", ""score"": 1.0, ""original_score"": 1.0, ""polarity"": ""positive"", ""strength"": ""normal"", ""aspect"": ""food"", ""source"": ""dictionary"", ""tag"": ""token"", ""start"": 1, ""end"": 3, ""is_active"": true, ""guard_reason"": null, ""term"": ""고기 부드럽다"", ""category"": ""food""}, {""text"": ""정말 맛있다"", ""normalized_text"": ""정말 맛있다"", ""score"": 2.0, ""original_score"": 2.0, ""polarity"": ""positive"", ""strength"": ""strong"", ""aspect"": ""food"", ""source"": ""dictionary"", ""tag"": ""token"", ""start"": 11, ""end"": 13, ""is_active"": true, ""guard_reason"": null, ""term"": ""정말 맛있다"", ""category"": ""food""}, {""text"": ""직원 친절하다"", ""normalized_text"": ""직원 친절하다"", ""score"": 1.0, ""original_score"": 1.0, ""polarity"": ""positive"", ""strength"": ""normal"", ""aspect"": ""service"", ""source"": ""dictionary"", ""tag"": ""token"", ""start"": 14, ""end"": 16, ""is_active"": true, ""guard_reason"": null, ""term"": ""직원 친절하다"", ""category"": ""service""}, {""text"": ""편하다"", ""normalized_text"": ""편하다"", ""score"": 1.0, ""original_score"": 1.0, ""polarity"": ""positive"", ""strength"": ""normal"", ""aspect"": ""atmosphere"", ""source"": ""dictionary"", ""tag"": ""token"", ""start"": 17, ""end"": 18, ""is_active"": true, ""guard_reason"": null, ""term"": ""편하다"", ""category"": ""atmosphere""}, {""text"": ""대접받다"", ""normalized_text"": ""대접받다"", ""score"": 1.0, ""original_score"": 1.0, ""polarity"": ""positive"", ""strength"": ""normal"", ""aspect"": ""service"", ""source"": ""dictionary"", ""tag"": ""token"", ""start"": 18, ""end"": 19, ""is_active"": true, ""guard_reason"": null, ""term"": ""대접받다"", ""category"": ""service""}, {""text"": ""휼룡"", ""normalized_text"": ""휼룡"", ""score"": 1.0, ""original_score"": 1.0, ""polarity"": ""positive"", ""strength"": ""normal"", ""aspect"": ""general"", ""source"": ""dictionary"", ""tag"": ""token"", ""start"": 19, ""end"": 20, ""is_active"": true, ""guard_reason"": null, ""term"": ""휼룡"", ""category"": ""general""}, {""text"": ""음식 품질 긍정"", ""normalized_text"": ""음식 품질 긍정"", ""score"": 1.0, ""original_score"": 1.0, ""polarity"": ""positive"", ""strength"": ""normal"", ""aspect"": ""food"", ""source"": ""pattern_rule"", ""tag"": ""food_quality_positive_pattern"", ""start"": null, ""end"": null, ""is_active"": true, ""guard_reason"": null, ""term"": ""음식 품질 긍정"", ""category"": ""food""}, {""text"": ""맛있다"", ""normalized_text"": ""맛있다"", ""score"": 0.0, ""original_score"": 1.0, ""polarity"": ""neutral"", ""strength"": ""weak"", ""aspect"": ""food"", ""source"": ""context_guard"", ""tag"": ""suppressed_by_phrase_rule"", ""start"": 4, ""end"": 5, ""is_active"": false, ""guard_reason"": ""suppressed_by_phrase_rule"", ""term"": ""맛있다"", ""category"": ""food""}]",고기 부드럽다:+1[token] | 정말 맛있다:+2[token] | 직원 친절하다:+1[token] | 편하다:+1[token] | 대접받다:+1[token] | 휼룡:+1[token] | 음식 품질 긍정:+1[food_quality_positive_pattern] | 맛있다:1->0[suppressed_by_phrase_rule],4.0,2.0,0.0,1.0,0.0,0.0,0.0,0.0,1.0
kakao,성수족발,음 맛잇을때가 잇고 그저그럴때가 있는듯? 평소엔 걍 존맛 입에서 살살녹아요; 여기꺼 먹으면 딴데꺼 못먹어요..그렇게 되고 싶으면 먹으세요.. 글고 돼지털도 잇어요 혹시 예민한 사람이면 싫어할듯,5.0,2.66,2.34,2.34,-1.0,3,4,1,2,,underestimation,weak_positive_underweighted,"[{""text"": ""그저 그렇다"", ""normalized_text"": ""그저 그렇다"", ""score"": -1.0, ""original_score"": -1.0, ""polarity"": ""negative"", ""strength"": ""normal"", ""aspect"": ""general"", ""source"": ""dictionary"", ""tag"": ""token"", ""start"": 2, ""end"": 4, ""is_active"": true, ""guard_reason"": null, ""term"": ""그저 그렇다"", ""category"": ""general""}, {""text"": ""존맛"", ""normalized_text"": ""존맛"", ""score"": 2.0, ""original_score"": 2.0, ""polarity"": ""positive"", ""strength"": ""strong"", ""aspect"": ""food"", ""source"": ""dictionary"", ""tag"": ""token"", ""start"": 5, ""end"": 6, ""is_active"": true, ""guard_reason"": null, ""term"": ""존맛"", ""category"": ""food""}, {""text"": ""살살"", ""normalized_text"": ""살살"", ""score"": 1.0, ""original_score"": 1.0, ""polarity"": ""positive"", ""strength"": ""normal"", ""aspect"": ""food"", ""source"": ""dictionary"", ""tag"": ""token"", ""start"": 6, ""end"": 7, ""is_active"": true, ""guard_reason"": null, ""term"": ""살살"", ""category"": ""food""}, {""text"": ""녹다"", ""normalized_text"": ""녹다"", ""score"": 1.0, ""original_score"": 1.0, ""polarity"": ""positive"", ""strength"": ""normal"", ""aspect"": ""food"", ""source"": ""dictionary"", ""tag"": ""token"", ""start"": 7, ""end"": 8, ""is_active"": true, ""guard_reason"": null, ""term"": ""녹다"", ""category"": ""food""}, {""text"": ""예민하다"", ""normalized_text"": ""예민하다"", ""score"": -1.0, ""original_score"": -1.0, ""polarity"": ""negative"", ""strength"": ""normal"", ""aspect"": ""general"", ""source"": ""dictionary"", ""tag"": ""token"", ""start"": 19, ""end"": 20, ""is_active"": true, ""guard_reason"": null, ""term"": ""예민하다"", ""category"": ""general""}, {""text"": ""싫어하다"", ""normalized_text"": ""싫어하다"", ""score"": -1.0, ""original_score"": -1.0, ""polarity"": ""negative"", ""strength"": ""normal"", ""aspect"": ""general"", ""source"": ""dictionary"", ""tag"": ""token"", ""start"": 22, ""end"": 23, ""is_active"": true, ""guard_reason"": null, ""term"": ""싫어하다"", ""category"": ""general""}, {""text"": ""명시적 위생 문제"", ""normalized_text"": ""명시적 위생 문제"", ""score"": -2.0, ""original_score"": -2.0, ""polarity"": ""negative"", ""strength"": ""strong"", ""aspect"": ""hygiene"", ""source"": ""context_guard"", ""tag"": ""active_hygiene_negative_conclusion"", ""start"": null, ""end"": null, ""is_active"": true, ""guard_reason"": null, ""term"": ""명시적 위생 문제"", ""category"": ""hygiene""}]",그저 그렇다:-1[token] | 존맛:+2[token] | 살살:+1[token] | 녹다:+1[token] | 예민하다:-1[token] | 싫어하다:-1[token] | 명시적 위생 문제:-2[active_hygiene_negative_conclusion],4.0,0.0,0.0,0.0,0.0,0.0,0.0,-2.0,-3.0
kakao,소문난성수감자탕,아구힘 센 분이라면 뼈해장국 추천. 저는 뜯다가 국물이 좀 식었는데 음식이 식으면서 누린내가 꽤 났습니다. 우거지도 많이 주문하시던데 우거지 좀 궁금하네요. 허나 너무 바쁜 매장이라 먹을 수 있을지 걱정.,4.0,1.69,2.31,2.31,-3.0,1,3,1,1,,underestimation,weak_positive_underweighted,"[{""text"": ""추천"", ""normalized_text"": ""추천"", ""score"": 1.0, ""original_score"": 1.0, ""polarity"": ""positive"", ""strength"": ""normal"", ""aspect"": ""recommendation"", ""source"": ""dictionary"", ""tag"": ""token"", ""start"": 4, ""end"": 5, ""is_active"": true, ""guard_reason"": null, ""term"": ""추천"", ""category"": ""recommendation""}, {""text"": ""식다"", ""normalized_text"": ""식다"", ""score"": -1.0, ""original_score"": -1.0, ""polarity"": ""negative"", ""strength"": ""normal"", ""aspect"": ""food"", ""source"": ""dictionary"", ""tag"": ""token"", ""start"": 7, ""end"": 8, ""is_active"": true, ""guard_reason"": null, ""term"": ""식다"", ""category"": ""food""}, {""text"": ""누린내"", ""normalized_text"": ""누린내"", ""score"": -1.0, ""original_score"": -1.0, ""polarity"": ""negative"", ""strength"": ""normal"", ""aspect"": ""food"", ""source"": ""dictionary"", ""tag"": ""token"", ""start"": 10, ""end"": 11, ""is_active"": true, ""guard_reason"": null, ""term"": ""누린내"", ""category"": ""food""}, {""text"": ""명시적 음식 부정 결론"", ""normalized_text"": ""명시적 음식 부정 결론"", ""score"": -2.0, ""original_score"": -2.0, ""polarity"": ""negative"", ""strength"": ""strong"", ""aspect"": ""food"", ""source"": ""context_guard"", ""tag"": ""active_food_negative_conclusion"", ""start"": null, ""end"": null, ""is_active"": true, ""guard_reason"": null, ""term"": ""명시적 음식 부정 결론"", ""category"": ""food""}, {""text"": ""불다"", ""normalized_text"": ""불다"", ""score"": 0.0, ""original_score"": -1.0, ""polarity"": ""neutral"", ""strength"": ""weak"", ""aspect"": ""general"", ""source"": ""context_guard"", ""tag"": ""blocked_risky_single_token"", ""start"": 2, ""end"": 3, ""is_active"": false, ""guard_reason"": ""blocked_risky_single_token"", ""term"": ""불다"", ""category"": ""general""}, {""text"": ""바쁘다"", ""normalized_text"": ""바쁘다"", ""score"": 0.0, ""original_score"": -1.0, ""polarity"": ""neutral"", ""strength"": ""weak"", ""aspect"": ""general"", ""source"": ""context_guard"", ""tag"": ""busy_indirect_context"", ""start"": 18, ""end"": 19, ""is_active"": false, ""guard_reason"": ""busy_indirect_context"", ""term"": ""바쁘다"", ""category"": ""general""}, {""text"": ""걱정"", ""normalized_text"": ""걱정"", ""score"": 0.0, ""original_score"": -1.0, ""polarity"": ""neutral"", ""strength"": ""weak"", ""aspect"": ""general"", ""source"": ""context_guard"", ""tag"": ""indirect_concern_context"", ""start"": 21, ""end"": 22, ""is_active"": false, ""guard_reason"": ""indirect_concern_context"", ""term"": ""걱정"", ""category"": ""general""}]",추천:+1[token] | 식다:-1[token] | 누린내:-1[token] | 명시적 음식 부정 결론:-2[active_food_negative_conclusion] | 불다:-1->0[blocked_risky_single_token] | 바쁘다:-1->0[busy_indirect_context] | 걱정:-1->0[indirect_concern_context],-4.0,0.0,0.0,0.0,0.0,0.0,1.0,0.0,0.0
kakao,소문난성수감자탕,맛있는 음식을 찾아 땡전을 꼬나박고 있는 중생들에게 뼈해장국 찐 맛집을 알려주마.. 진짜 맛집은 경기도 광주 시내에 있다 1인분짜리 해장국 시키면 쓸데없이 안맵고 뼈고기 부드럽고 양도 많다 보건소 건너편에 있는 전주감자탕 그 작은 경기도 광주 시내에 지점이 두개나 있다 중생들아 걱정말거라 너희의 사돈에 팔촌까지 합친 전재산보다 내가 먹을꺼에 쓴 비용이 훨씬 많으니..ㅎㅎ,1.0,3.27,-2.27,2.27,1.0,2,1,2,1,,overestimation,other_target_positive | mixed_review_not_capped_enough | weak_positive_overweighted,"[{""text"": ""양도 많다"", ""normalized_text"": ""양도 많다"", ""score"": 1.0, ""original_score"": 1.0, ""polarity"": ""positive"", ""strength"": ""normal"", ""aspect"": ""price"", ""source"": ""dictionary"", ""tag"": ""token"", ""start"": 23, ""end"": 25, ""is_active"": true, ""guard_reason"": null, ""term"": ""양도 많다"", ""category"": ""price""}, {""text"": ""짜다"", ""normalized_text"": ""짜다"", ""score"": -1.0, ""original_score"": -1.0, ""polarity"": ""negative"", ""strength"": ""normal"", ""aspect"": ""food"", ""source"": ""dictionary"", ""tag"": ""token"", ""start"": 16, ""end"": 17, ""is_active"": true, ""guard_reason"": null, ""term"": ""짜다"", ""category"": ""food""}, {""text"": ""양이 넉넉하다"", ""normalized_text"": ""양이 넉넉하다"", ""score"": 1.0, ""original_score"": 1.0, ""polarity"": ""positive"", ""strength"": ""normal"", ""aspect"": ""food"", ""source"": ""pattern_rule"", ""tag"": ""large_portion_pattern"", ""start"": null, ""end"": null, ""is_active"": true, ""guard_reason"": null, ""term"": ""양이 넉넉하다"", ""category"": ""food""}, {""text"": ""진짜 맛집"", ""normalized_text"": ""진짜 맛집"", ""score"": 0.0, ""original_score"": 2.0, ""polarity"": ""neutral"", ""strength"": ""weak"", ""aspect"": ""food"", ""source"": ""context_guard"", ""tag"": ""other_target_positive"", ""start"": 10, ""end"": 12, ""is_active"": false, ""guard_reason"": ""other_target_positive"", ""term"": ""진짜 맛집"", ""category"": ""food""}, {""text"": ""고기 부드럽다"", ""normalized_text"": ""고기 부드럽다"", ""score"": 0.0, ""original_score"": 1.0, ""polarity"": ""neutral"", ""strength"": ""weak"", ""aspect"": ""food"", ""source"": ""context_guard"", ""tag"": ""other_target_positive"", ""start"": 21, ""end"": 23, ""is_active"": false, ""guard_reason"": ""other_target_positive"", ""term"": ""고기 부드럽다"", ""category"": ""food""}, {""text"": ""맛있다"", ""normalized_text"": ""맛있다"", ""score"": 0.0, ""original_score"": 1.0, ""polarity"": ""neutral"", ""strength"": ""weak"", ""aspect"": ""food"", ""source"": ""context_guard"", ""tag"": ""other_target_positive"", ""start"": 0, ""end"": 1, ""is_active"": false, ""guard_reason"": ""other_target_positive"", ""term"": ""맛있다"", ""category"": ""food""}, {""text"": ""맛집"", ""normalized_text"": ""맛집"", ""score"": 0.0, ""original_score"": 1.0, ""polarity"": ""neutral"", ""strength"": ""weak"", ""aspect"": ""food"", ""source"": ""context_guard"", ""tag"": ""other_target_positive"", ""start"": 8, ""end"": 9, ""is_active"": false, ""guard_reason"": ""other_target_positive"", ""term"": ""맛집"", ""category"": ""food""}, {""text"": ""걱정"", ""normalized_text"": ""걱정"", ""score"": 0.0, ""original_score"": -1.0, ""polarity"": ""neutral"", ""strength"": ""weak"", ""aspect"": ""general"", ""source"": ""context_guard"", ""tag"": ""indirect_concern_context"", ""start"": 35, ""end"": 36, ""is_active"": false, ""guard_reason"": ""indirect_concern_context"", ""term"": ""걱정"", ""category"": ""general""}]",양도 많다:+1[token] | 짜다:-1[token] | 양이 넉넉하다:+1[large_portion_pattern] | 진짜 맛집:2->0[other_target_positive] | 고기 부드럽다:1->0[other_target_positive] | 맛있다:1->0[other_target_positive] | 맛집:1->0[other_target_positive] | 걱정:-1->0[indirect_concern_context],0.0,0.0,1.0,0.0,0.0,0.0,0.0,0.0,0.0
kakao,소문난성수감자탕,"2025년 07월 31일 - 새벽 2:30 야~~~~ 그놈 솔직히 말씀드리면, 너무 시끄려워 이곳이 술을 함께 파는 음식점이라는 건 알고 있지만, 그래도 공공장소입니다. 다른 손님들도 함께 있는 공간인 만큼, 최소한의 예의는 지켜야 한다고 생각합니다. 제발 목소리를 낮춰 주세요. 당신의 사업 이야기를 듣고 싶어 하는 사람은 주변에 없습니다. 함께 술 마시는 사람들에게만 들릴 정도로 이야기해 주세요. 오늘 이 가게에 세 번째 방문인데, 소음이 너무 심해서 식사 도중에 속이 울렁거릴 정도였습니다. 이건 너무 무례한 행동입니다. 직원분들께 부탁드립니다. 목소리가 지나치게 크고 다른 손님들에게 불편을 주는 경우, 꼭 조용히 주의를 주시기 바랍니다. 이런 부분이 관리되지 않으면, 다시 방문하기 어려울 것 같습니다.",5.0,1.32,3.6799999999999997,3.6799999999999997,-4.0,1,4,1,2,,underestimation,weak_positive_underweighted,"[{""text"": ""심하다"", ""normalized_text"": ""심하다"", ""score"": -1.0, ""original_score"": -1.0, ""polarity"": ""negative"", ""strength"": ""normal"", ""aspect"": ""general"", ""source"": ""dictionary"", ""tag"": ""token"", ""start"": 43, ""end"": 44, ""is_active"": true, ""guard_reason"": null, ""term"": ""심하다"", ""category"": ""general""}, {""text"": ""무례하다"", ""normalized_text"": ""무례하다"", ""score"": -1.0, ""original_score"": -1.0, ""polarity"": ""negative"", ""strength"": ""normal"", ""aspect"": ""service"", ""source"": ""dictionary"", ""tag"": ""token"", ""start"": 51, ""end"": 52, ""is_active"": true, ""guard_reason"": null, ""term"": ""무례하다"", ""category"": ""service""}, {""text"": ""불편"", ""normalized_text"": ""불편"", ""score"": -1.0, ""original_score"": -1.0, ""polarity"": ""negative"", ""strength"": ""normal"", ""aspect"": ""general"", ""source"": ""dictionary"", ""tag"": ""token"", ""start"": 61, ""end"": 62, ""is_active"": true, ""guard_reason"": null, ""term"": ""불편"", ""category"": ""general""}, {""text"": ""조용하다"", ""normalized_text"": ""조용하다"", ""score"": 1.0, ""original_score"": 1.0, ""polarity"": ""positive"", ""strength"": ""normal"", ""aspect"": ""atmosphere"", ""source"": ""dictionary"", ""tag"": ""token"", ""start"": 64, ""end"": 65, ""is_active"": true, ""guard_reason"": null, ""term"": ""조용하다"", ""category"": ""atmosphere""}, {""text"": ""심각한 서비스 부정 결론"", ""normalized_text"": ""심각한 서비스 부정 결론"", ""score"": -2.0, ""original_score"": -2.0, ""polarity"": ""negative"", ""strength"": ""strong"", ""aspect"": ""service"", ""source"": ""context_guard"", ""tag"": ""active_service_negative_conclusion"", ""start"": null, ""end"": null, ""is_active"": true, ""guard_reason"": null, ""term"": ""심각한 서비스 부정 결론"", ""category"": ""service""}, {""text"": ""말씀드리다"", ""normalized_text"": ""말씀드리다"", ""score"": 0.0, ""original_score"": 0.0, ""polarity"": ""neutral"", ""strength"": ""weak"", ""aspect"": ""service"", ""source"": ""dictionary"", ""tag"": ""token"", ""start"": 2, ""end"": 3, ""is_active"": false, ""guard_reason"": null, ""term"": ""말씀드리다"", ""category"": ""service""}, {""text"": ""크다"", ""normalized_text"": ""크다"", ""score"": 0.0, ""original_score"": 1.0, ""polarity"": ""neutral"", ""strength"": ""weak"", ""aspect"": ""general"", ""source"": ""context_guard"", ""tag"": ""noise_context"", ""start"": 58, ""end"": 59, ""is_active"": false, ""guard_reason"": ""noise_context"", ""term"": ""크다"", ""category"": ""general""}]",심하다:-1[token] | 무례하다:-1[token] | 불편:-1[token] | 조용하다:+1[token] | 심각한 서비스 부정 결론:-2[active_service_negative_conclusion] | 말씀드리다:0[token] | 크다:1->0[noise_context],0.0,-3.0,0.0,1.0,0.0,0.0,0.0,0.0,-2.0
kakao,태양곱창 성수,"진짜 명관은 홍보 같은거 안하죠. 여기는 인스타, 블러그,리뷰조작질 어마어마 합니다. 역대급임.. 임대비,천문학적 홍보비 지출인 매장인데 음식,서비스,인테리어 품질이 좋을수가 없죠, 결국 다 소비자만 손해보는것",1.0,3.22,-2.22,2.22,1.0,1,0,1,0,,overestimation,weak_positive_overweighted,"[{""text"": ""분위기와 경험 긍정"", ""normalized_text"": ""분위기와 경험 긍정"", ""score"": 1.0, ""original_score"": 1.0, ""polarity"": ""positive"", ""strength"": ""normal"", ""aspect"": ""atmosphere"", ""source"": ""pattern_rule"", ""tag"": ""atmosphere_positive_pattern"", ""start"": null, ""end"": null, ""is_active"": true, ""guard_reason"": null, ""term"": ""분위기와 경험 긍정"", ""category"": ""atmosphere""}, {""text"": ""좋다"", ""normalized_text"": ""좋다"", ""score"": 0.0, ""original_score"": 1.0, ""polarity"": ""neutral"", ""strength"": ""weak"", ""aspect"": ""general"", ""source"": ""context_guard"", ""tag"": ""suppressed_by_phrase_rule"", ""start"": 19, ""end"": 20, ""is_active"": false, ""guard_reason"": ""suppressed_by_phrase_rule"", ""term"": ""좋다"", ""category"": ""general""}]",분위기와 경험 긍정:+1[atmosphere_positive_pattern] | 좋다:1->0[suppressed_by_phrase_rule],0.0,0.0,0.0,1.0,0.0,0.0,0.0,0.0,0.0
kakao,할머니의레시피,음식 잘 나오고 여자 직원분은 친절함 (다른 리뷰처럼 남자 사장은 불친절). 테이블 간격이 너무 좁아 정신없음,4.0,1.74,2.26,2.26,-4.0,1,3,1,2,,underestimation,weak_positive_underweighted,"[{""text"": ""직원 친절하다"", ""normalized_text"": ""직원 친절하다"", ""score"": 1.0, ""original_score"": 1.0, ""polarity"": ""positive"", ""strength"": ""normal"", ""aspect"": ""service"", ""source"": ""dictionary"", ""tag"": ""token"", ""start"": 4, ""end"": 6, ""is_active"": true, ""guard_reason"": null, ""term"": ""직원 친절하다"", ""category"": ""service""}, {""text"": ""너무 좁다"", ""normalized_text"": ""너무 좁다"", ""score"": -2.0, ""original_score"": -2.0, ""polarity"": ""negative"", ""strength"": ""strong"", ""aspect"": ""atmosphere"", ""source"": ""dictionary"", ""tag"": ""token"", ""start"": 13, ""end"": 15, ""is_active"": true, ""guard_reason"": null, ""term"": ""너무 좁다"", ""category"": ""atmosphere""}, {""text"": ""불친절"", ""normalized_text"": ""불친절"", ""score"": -1.0, ""original_score"": -1.0, ""polarity"": ""negative"", ""strength"": ""normal"", ""aspect"": ""service"", ""source"": ""dictionary"", ""tag"": ""token"", ""start"": 10, ""end"": 11, ""is_active"": true, ""guard_reason"": null, ""term"": ""불친절"", ""category"": ""service""}, {""text"": ""심각한 서비스 부정 결론"", ""normalized_text"": ""심각한 서비스 부정 결론"", ""score"": -2.0, ""original_score"": -2.0, ""polarity"": ""negative"", ""strength"": ""strong"", ""aspect"": ""service"", ""source"": ""context_guard"", ""tag"": ""active_service_negative_conclusion"", ""start"": null, ""end"": null, ""is_active"": true, ""guard_reason"": null, ""term"": ""심각한 서비스 부정 결론"", ""category"": ""service""}]",직원 친절하다:+1[token] | 너무 좁다:-2[token] | 불친절:-1[token] | 심각한 서비스 부정 결론:-2[active_service_negative_conclusion],0.0,-2.0,0.0,-2.0,0.0,0.0,0.0,0.0,0.0
kakao,훼미리손칼국수보쌈,"요즘 세상에 웨이팅 장부 없는 가게이고 차량 대로변에 다른가게 피해가게 줄 세워놓는 가게도 처음본다 가게 입구에 안내문 붙여놓지 손님끼리 기다리는법 서로 물어봄 사장이 외국인을 애정하시는지 식사 중 왔던 유럽인.일본인에게는 계란부친거 ""써뷔쓰으~~""하면서 되도 않는 영어 쓰시며 주시더라 식대지불한 음식이라도 제대로 주면 다른건 상관없는데 외국인들은 고기 상태 좋은쪽 곱게 썰어서 주고 한국인 테이블엔 고기 잔 부스레기 +비계 잔뜩 외국인들 대접해주는건 좋게 보이는데 기존 다니던 손님 음식은 개밥처럼 주고..정 떨어져서 가기 싫어짐 칼국수 국물은 주다말은것처럼 주신다 칼국수 이렇게 맛없게 끓이는것도 재능이고 배추랑 고기 맛있음 서빙하는 아줌마 손님이 추가주문 하면 허공에 외치고 그리 바쁜데 다른 인력들이 그게 들릴리 없음 .가져다주는지 눈치 좀 보다가 아줌마가 가져다 주시던데 웃기심",4.0,1.9,2.1,2.1,-3.0,3,4,1,2,positive_floor_blocked[active_negative_evidence],underestimation,weak_positive_underweighted,"[{""text"": ""고기 맛있다"", ""normalized_text"": ""고기 맛있다"", ""score"": 1.0, ""original_score"": 1.0, ""polarity"": ""positive"", ""strength"": ""normal"", ""aspect"": ""food"", ""source"": ""dictionary"", ""tag"": ""token"", ""start"": 81, ""end"": 83, ""is_active"": true, ""guard_reason"": null, ""term"": ""고기 맛있다"", ""category"": ""food""}, {""text"": ""떨어지다"", ""normalized_text"": ""떨어지다"", ""score"": -1.0, ""original_score"": -1.0, ""polarity"": ""negative"", ""strength"": ""normal"", ""aspect"": ""general"", ""source"": ""dictionary"", ""tag"": ""token"", ""start"": 68, ""end"": 69, ""is_active"": true, ""guard_reason"": null, ""term"": ""떨어지다"", ""category"": ""general""}, {""text"": ""싫어지다"", ""normalized_text"": ""싫어지다"", ""score"": -1.0, ""original_score"": -1.0, ""polarity"": ""negative"", ""strength"": ""normal"", ""aspect"": ""general"", ""source"": ""dictionary"", ""tag"": ""token"", ""start"": 70, ""end"": 71, ""is_active"": true, ""guard_reason"": null, ""term"": ""싫어지다"", ""category"": ""general""}, {""text"": ""맛없다"", ""normalized_text"": ""맛없다"", ""score"": -2.0, ""original_score"": -2.0, ""polarity"": ""negative"", ""strength"": ""strong"", ""aspect"": ""food"", ""source"": ""dictionary"", ""tag"": ""token"", ""start"": 77, ""end"": 78, ""is_active"": true, ""guard_reason"": null, ""term"": ""맛없다"", ""category"": ""food""}, {""text"": ""음식 품질 긍정"", ""normalized_text"": ""음식 품질 긍정"", ""score"": 1.0, ""original_score"": 1.0, ""polarity"": ""positive"", ""strength"": ""normal"", ""aspect"": ""food"", ""source"": ""pattern_rule"", ""tag"": ""food_quality_positive_pattern"", ""start"": null, ""end"": null, ""is_active"": true, ""guard_reason"": null, ""term"": ""음식 품질 긍정"", ""category"": ""food""}, {""text"": ""맛있음"", ""normalized_text"": ""맛있음"", ""score"": 1.0, ""original_score"": 1.0, ""polarity"": ""positive"", ""strength"": ""normal"", ""aspect"": ""food"", ""source"": ""phrase_rule"", ""tag"": ""food_positive_phrase"", ""start"": null, ""end"": null, ""is_active"": true, ""guard_reason"": null, ""term"": ""맛있음"", ""category"": ""food""}, {""text"": ""명시적 음식 부정 결론"", ""normalized_text"": ""명시적 음식 부정 결론"", ""score"": -2.0, ""original_score"": -2.0, ""polarity"": ""negative"", ""strength"": ""strong"", ""aspect"": ""food"", ""source"": ""context_guard"", ""tag"": ""active_food_negative_conclusion"", ""start"": null, ""end"": null, ""is_active"": true, ""guard_reason"": null, ""term"": ""명시적 음식 부정 결론"", ""category"": ""food""}, {""text"": ""좋다"", ""normalized_text"": ""좋다"", ""score"": 0.0, ""original_score"": 1.0, ""polarity"": ""neutral"", ""strength"": ""weak"", ""aspect"": ""general"", ""source"": ""context_guard"", ""tag"": ""suppressed_by_phrase_rule"", ""start"": 47, ""end"": 48, ""is_active"": false, ""guard_reason"": ""suppressed_by_phrase_rule"", ""term"": ""좋다"", ""category"": ""general""}, {""text"": ""바쁘다"", ""normalized_text"": ""바쁘다"", ""score"": 0.0, ""original_score"": -1.0, ""polarity"": ""neutral"", ""strength"": ""weak"", ""aspect"": ""general"", ""source"": ""context_guard"", ""tag"": ""busy_indirect_context"", ""start"": 91, ""end"": 92, ""is_active"": false, ""guard_reason"": ""busy_indirect_context"", ""term"": ""바쁘다"", ""category"": ""general""}]",고기 맛있다:+1[token] | 떨어지다:-1[token] | 싫어지다:-1[token] | 맛없다:-2[token] | 음식 품질 긍정:+1[food_quality_positive_pattern] | 맛있음:+1[food_positive_phrase] | 명시적 음식 부정 결론:-2[active_food_negative_conclusion] | 좋다:1->0[suppressed_by_phrase_rule] | 바쁘다:-1->0[busy_indirect_context],-1.0,0.0,0.0,0.0,0.0,0.0,0.0,0.0,-2.0
kakao,각시보쌈,항정살 보쌈이 부들부들 맛있었습니다. 김치도 달지도 않고 보쌈과의 조합도 잘 맞네요 문래점에서 먹고 실망했는데 본점은 다르네요 다만 규모에 비해 에어컨이 부족하여 땀흘리며 먹었네요... ㅠㅠ,4.0,2.06,1.94,1.94,-3.0,1,3,1,1,,underestimation,weak_positive_underweighted,"[{""text"": ""맛있다"", ""normalized_text"": ""맛있다"", ""score"": 1.0, ""original_score"": 1.0, ""polarity"": ""positive"", ""strength"": ""normal"", ""aspect"": ""food"", ""source"": ""dictionary"", ""tag"": ""token"", ""start"": 3, ""end"": 4, ""is_active"": true, ""guard_reason"": null, ""term"": ""맛있다"", ""category"": ""food""}, {""text"": ""실망하다"", ""normalized_text"": ""실망하다"", ""score"": -1.0, ""original_score"": -1.0, ""polarity"": ""negative"", ""strength"": ""normal"", ""aspect"": ""general"", ""source"": ""dictionary"", ""tag"": ""token"", ""start"": 13, ""end"": 14, ""is_active"": true, ""guard_reason"": null, ""term"": ""실망하다"", ""category"": ""general""}, {""text"": ""부족하다"", ""normalized_text"": ""부족하다"", ""score"": -1.0, ""original_score"": -1.0, ""polarity"": ""negative"", ""strength"": ""normal"", ""aspect"": ""general"", ""source"": ""dictionary"", ""tag"": ""token"", ""start"": 20, ""end"": 21, ""is_active"": true, ""guard_reason"": null, ""term"": ""부족하다"", ""category"": ""general""}, {""text"": ""명시적 현재 부정 결론"", ""normalized_text"": ""명시적 현재 부정 결론"", ""score"": -2.0, ""original_score"": -2.0, ""polarity"": ""negative"", ""strength"": ""strong"", ""aspect"": ""general"", ""source"": ""context_guard"", ""tag"": ""active_current_negative_conclusion"", ""start"": null, ""end"": null, ""is_active"": true, ""guard_reason"": null, ""term"": ""명시적 현재 부정 결론"", ""category"": ""general""}]",맛있다:+1[token] | 실망하다:-1[token] | 부족하다:-1[token] | 명시적 현재 부정 결론:-2[active_current_negative_conclusion],1.0,0.0,0.0,0.0,0.0,0.0,0.0,0.0,-4.0
kakao,옥동식 서교점,맛에 비해 웨이팅이 너무 길다,4.0,2.91,1.0899999999999999,1.0899999999999999,-0.5,0,1,0,1,,underestimation,positive_phrase_missing,"[{""text"": ""웨이팅 너무 길다"", ""normalized_text"": ""웨이팅 너무 길다"", ""score"": -0.5, ""original_score"": -1.0, ""polarity"": ""negative"", ""strength"": ""weak"", ""aspect"": ""wait"", ""source"": ""dictionary"", ""tag"": ""token"", ""start"": 1, ""end"": 4, ""is_active"": true, ""guard_reason"": null, ""term"": ""웨이팅 너무 길다"", ""category"": ""wait""}]",웨이팅 너무 길다:-0.5[token],0.0,0.0,0.0,0.0,-0.5,0.0,0.0,0.0,0.0
kakao,옥동식 서교점,웨이팅 2시간 했습니다 신기한 맛이에요 국물맛이 가벼운데 짠 맛이 좀 강해요 김치만두는 굳이 안 먹어도 될 것 같아요 평범한 느낌,4.0,3.0,1.0,1.0,0.0,1,1,1,1,,underestimation,weak_positive_underweighted,"[{""text"": ""신기하다"", ""normalized_text"": ""신기하다"", ""score"": 1.0, ""original_score"": 1.0, ""polarity"": ""positive"", ""strength"": ""normal"", ""aspect"": ""food"", ""source"": ""dictionary"", ""tag"": ""token"", ""start"": 1, ""end"": 2, ""is_active"": true, ""guard_reason"": null, ""term"": ""신기하다"", ""category"": ""food""}, {""text"": ""짜다"", ""normalized_text"": ""짜다"", ""score"": -1.0, ""original_score"": -1.0, ""polarity"": ""negative"", ""strength"": ""normal"", ""aspect"": ""food"", ""source"": ""dictionary"", ""tag"": ""token"", ""start"": 4, ""end"": 5, ""is_active"": true, ""guard_reason"": null, ""term"": ""짜다"", ""category"": ""food""}, {""text"": ""굳이"", ""normalized_text"": ""굳이"", ""score"": 0.0, ""original_score"": -1.0, ""polarity"": ""neutral"", ""strength"": ""weak"", ""aspect"": ""general"", ""source"": ""context_guard"", ""tag"": ""non_evaluative_standalone_negative"", ""start"": 8, ""end"": 9, ""is_active"": false, ""guard_reason"": ""non_evaluative_standalone_negative"", ""term"": ""굳이"", ""category"": ""general""}, {""text"": ""평범하다"", ""normalized_text"": ""평범하다"", ""score"": 0.0, ""original_score"": -1.0, ""polarity"": ""neutral"", ""strength"": ""weak"", ""aspect"": ""general"", ""source"": ""context_guard"", ""tag"": ""mild_evaluation_ambiguous_context"", ""start"": 11, ""end"": 12, ""is_active"": false, ""guard_reason"": ""mild_evaluation_ambiguous_context"", ""term"": ""평범하다"", ""category"": ""general""}]",신기하다:+1[token] | 짜다:-1[token] | 굳이:-1->0[non_evaluative_standalone_negative] | 평범하다:-1->0[mild_evaluation_ambiguous_context],0.0,0.0,0.0,0.0,0.0,0.0,0.0,0.0,0.0
kakao,옥동식 서교점,30분 이내 대기면 드세요. 그 이상은 좀 미묘한데 대기가 많네요. 전 110분 기다림,4.0,3.0,1.0,1.0,0.0,0,0,0,0,,underestimation,positive_phrase_missing,[],,0.0,0.0,0.0,0.0,0.0,0.0,0.0,0.0,0.0
kakao,옥동식 서교점,웨이팅 할 정도는..,4.0,3.0,1.0,1.0,0.0,0,0,0,0,,underestimation,positive_phrase_missing,[],,0.0,0.0,0.0,0.0,0.0,0.0,0.0,0.0,0.0
kakao,을밀대 본점,그냥 준수하게 잘 만든 평양냉면이다. 다만 굳이 간다면 을밀대를 갈 거 같다. 아니면 진미나.,4.0,3.0,1.0,1.0,0.0,0,0,0,0,,underestimation,positive_phrase_missing,"[{""text"": ""굳이"", ""normalized_text"": ""굳이"", ""score"": 0.0, ""original_score"": -1.0, ""polarity"": ""neutral"", ""strength"": ""weak"", ""aspect"": ""general"", ""source"": ""context_guard"", ""tag"": ""non_evaluative_standalone_negative"", ""start"": 7, ""end"": 8, ""is_active"": false, ""guard_reason"": ""non_evaluative_standalone_negative"", ""term"": ""굳이"", ""category"": ""general""}]",굳이:-1->0[non_evaluative_standalone_negative],0.0,0.0,0.0,0.0,0.0,0.0,0.0,0.0,0.0
kakao,을밀대 본점,주사위 굴리듯 육수맛이 변합니다. 평균적으로 5가 나오고요.. 가끔 6나오면 사람 미칩니다. 2나 3이 나올 땐 아쉬운 마음 가득..,4.0,2.66,1.3399999999999999,1.3399999999999999,-1.0,1,2,1,1,,underestimation,weak_positive_underweighted,"[{""text"": ""변하다"", ""normalized_text"": ""변하다"", ""score"": -1.0, ""original_score"": -1.0, ""polarity"": ""negative"", ""strength"": ""normal"", ""aspect"": ""general"", ""source"": ""dictionary"", ""tag"": ""token"", ""start"": 2, ""end"": 3, ""is_active"": true, ""guard_reason"": null, ""term"": ""변하다"", ""category"": ""general""}, {""text"": ""미치다"", ""normalized_text"": ""미치다"", ""score"": 1.0, ""original_score"": 1.0, ""polarity"": ""positive"", ""strength"": ""normal"", ""aspect"": ""general"", ""source"": ""dictionary"", ""tag"": ""token"", ""start"": 9, ""end"": 10, ""is_active"": true, ""guard_reason"": null, ""term"": ""미치다"", ""category"": ""general""}, {""text"": ""아쉽다"", ""normalized_text"": ""아쉽다"", ""score"": -1.0, ""original_score"": -1.0, ""polarity"": ""negative"", ""strength"": ""normal"", ""aspect"": ""general"", ""source"": ""dictionary"", ""tag"": ""token"", ""start"": 11, ""end"": 12, ""is_active"": true, ""guard_reason"": null, ""term"": ""아쉽다"", ""category"": ""general""}]",변하다:-1[token] | 미치다:+1[token] | 아쉽다:-1[token],0.0,0.0,0.0,0.0,0.0,0.0,0.0,0.0,-1.0
kakao,을밀대 본점,엄마가 제일 좋아하는 평냉집! 둘이 가서 평냉 하나에 빈대떡 하나 시켜 나눠먹고 후식으로 옆에 꽈배기집에서 통모짜핫도그 먹으면 갓벽한 염리동 루트,4.0,2.92,1.08,1.08,0.0,1,1,1,1,,underestimation,weak_positive_underweighted,"[{""text"": ""좋아하다"", ""normalized_text"": ""좋아하다"", ""score"": 1.0, ""original_score"": 1.0, ""polarity"": ""positive"", ""strength"": ""normal"", ""aspect"": ""general"", ""source"": ""dictionary"", ""tag"": ""token"", ""start"": 2, ""end"": 3, ""is_active"": true, ""guard_reason"": null, ""term"": ""좋아하다"", ""category"": ""general""}, {""text"": ""짜다"", ""normalized_text"": ""짜다"", ""score"": -1.0, ""original_score"": -1.0, ""polarity"": ""negative"", ""strength"": ""normal"", ""aspect"": ""food"", ""source"": ""dictionary"", ""tag"": ""token"", ""start"": 15, ""end"": 16, ""is_active"": true, ""guard_reason"": null, ""term"": ""짜다"", ""category"": ""food""}]",좋아하다:+1[token] | 짜다:-1[token],-1.0,0.0,0.0,0.0,0.0,0.0,0.0,0.0,1.0
kakao,을밀대 본점,메밀향 너무 진하고 면이 너무 질겨서 가위를 주셨다 맛은 있었지만 내타입은 아닌걸로…,4.0,3.0,1.0,1.0,0.0,1,1,1,1,,underestimation,weak_positive_underweighted,"[{""text"": ""진하다"", ""normalized_text"": ""진하다"", ""score"": 1.0, ""original_score"": 1.0, ""polarity"": ""positive"", ""strength"": ""normal"", ""aspect"": ""food"", ""source"": ""dictionary"", ""tag"": ""token"", ""start"": 2, ""end"": 3, ""is_active"": true, ""guard_reason"": null, ""term"": ""진하다"", ""category"": ""food""}, {""text"": ""질겨"", ""normalized_text"": ""질겨"", ""score"": -1.0, ""original_score"": -1.0, ""polarity"": ""negative"", ""strength"": ""normal"", ""aspect"": ""food"", ""source"": ""dictionary"", ""tag"": ""token"", ""start"": 4, ""end"": 5, ""is_active"": true, ""guard_reason"": null, ""term"": ""질겨"", ""category"": ""food""}]",진하다:+1[token] | 질겨:-1[token],0.0,0.0,0.0,0.0,0.0,0.0,0.0,0.0,0.0
kakao,을밀대 본점,솔직히 평양냉면 잘 몰라서 그건 잘 모르겠고요 녹두전이 그으냥 Meechin-nom임 근데? 너무 비싸 앤드 평일 점심시간에 50분 기다려야 한다는 사실..,4.0,2.86,1.1400000000000001,1.1400000000000001,-0.5,0,1,0,1,,underestimation,positive_phrase_missing,"[{""text"": ""너무 비싸다"", ""normalized_text"": ""너무 비싸다"", ""score"": -0.5, ""original_score"": -2.0, ""polarity"": ""negative"", ""strength"": ""weak"", ""aspect"": ""price"", ""source"": ""dictionary"", ""tag"": ""token"", ""start"": 12, ""end"": 14, ""is_active"": true, ""guard_reason"": null, ""term"": ""너무 비싸다"", ""category"": ""price""}]",너무 비싸다:-0.5[token],0.0,0.0,-0.5,0.0,0.0,0.0,0.0,0.0,0.0
kakao,을밀대 본점,필O면옥 생각하고 먹었는데 저는 생각보다 걸레빤 향+고기육향이 너무 나서 겨우 먹고 나왔어요ㅠ 속이 비리더라구요... 면은 정말 잘만들었어요. 워낙 취향 타는 게 평냉이라 갠적 소감만 남깁니다.,4.0,3.0,1.0,1.0,0.0,1,1,1,1,,underestimation,weak_positive_underweighted,"[{""text"": ""비리다"", ""normalized_text"": ""비리다"", ""score"": -1.0, ""original_score"": -1.0, ""polarity"": ""negative"", ""strength"": ""normal"", ""aspect"": ""food"", ""source"": ""dictionary"", ""tag"": ""token"", ""start"": 12, ""end"": 13, ""is_active"": true, ""guard_reason"": null, ""term"": ""비리다"", ""category"": ""food""}, {""text"": ""음식을 잘 만들다"", ""normalized_text"": ""음식을 잘 만들다"", ""score"": 1.0, ""original_score"": 1.0, ""polarity"": ""positive"", ""strength"": ""normal"", ""aspect"": ""food"", ""source"": ""pattern_rule"", ""tag"": ""well_made_food_positive_pattern"", ""start"": null, ""end"": null, ""is_active"": true, ""guard_reason"": null, ""term"": ""음식을 잘 만들다"", ""category"": ""food""}]",비리다:-1[token] | 음식을 잘 만들다:+1[well_made_food_positive_pattern],0.0,0.0,0.0,0.0,0.0,0.0,0.0,0.0,0.0
kakao,을밀대 본점,평냉 입문자라 대단히 맛있고 맛 없고를 분간하기 어려운데.. 먹을수록 맛있는 것 같아요....! 다만 가격이 비싼 느낌 ㅎ.ㅎ,4.0,2.1,1.9,1.9,-2.5,1,3,1,3,,underestimation,weak_positive_underweighted,"[{""text"": ""가격 비싸다"", ""normalized_text"": ""가격 비싸다"", ""score"": -0.5, ""original_score"": -1.0, ""polarity"": ""negative"", ""strength"": ""weak"", ""aspect"": ""price"", ""source"": ""dictionary"", ""tag"": ""token"", ""start"": 11, ""end"": 13, ""is_active"": true, ""guard_reason"": null, ""term"": ""가격 비싸다"", ""category"": ""price""}, {""text"": ""맛있다"", ""normalized_text"": ""맛있다"", ""score"": 1.0, ""original_score"": 1.0, ""polarity"": ""positive"", ""strength"": ""normal"", ""aspect"": ""food"", ""source"": ""dictionary"", ""tag"": ""token"", ""start"": 4, ""end"": 5, ""is_active"": true, ""guard_reason"": null, ""term"": ""맛있다"", ""category"": ""food""}, {""text"": ""어렵다"", ""normalized_text"": ""어렵다"", ""score"": -1.0, ""original_score"": -1.0, ""polarity"": ""negative"", ""strength"": ""normal"", ""aspect"": ""general"", ""source"": ""dictionary"", ""tag"": ""token"", ""start"": 6, ""end"": 7, ""is_active"": true, ""guard_reason"": null, ""term"": ""어렵다"", ""category"": ""general""}, {""text"": ""명시적 음식 부정 결론"", ""normalized_text"": ""명시적 음식 부정 결론"", ""score"": -2.0, ""original_score"": -2.0, ""polarity"": ""negative"", ""strength"": ""strong"", ""aspect"": ""food"", ""source"": ""context_guard"", ""tag"": ""active_food_negative_conclusion"", ""start"": null, ""end"": null, ""is_active"": true, ""guard_reason"": null, ""term"": ""명시적 음식 부정 결론"", ""category"": ""food""}]",가격 비싸다:-0.5[token] | 맛있다:+1[token] | 어렵다:-1[token] | 명시적 음식 부정 결론:-2[active_food_negative_conclusion],-1.0,0.0,-0.5,0.0,0.0,0.0,0.0,0.0,-1.0
kakao,을밀대 본점,그래 여긴 킹정이지 인정. 을밀대는 을밀대지 기본값 톡톡히 함 가격은 ...이제 그만 올려요 이러다 다 죽어.. + 입문자 테스트용으로 지인들 데려가곤 하는데 최근 들어서는 다른 평냉집보다 타율이 떨어지는 것 같기도.,4.0,3.0,1.0,1.0,0.0,1,1,1,1,,underestimation,weak_positive_underweighted,"[{""text"": ""떨어지다"", ""normalized_text"": ""떨어지다"", ""score"": -1.0, ""original_score"": -1.0, ""polarity"": ""negative"", ""strength"": ""normal"", ""aspect"": ""general"", ""source"": ""dictionary"", ""tag"": ""token"", ""start"": 23, ""end"": 24, ""is_active"": true, ""guard_reason"": null, ""term"": ""떨어지다"", ""category"": ""general""}, {""text"": ""확실히 인정하다"", ""normalized_text"": ""확실히 인정하다"", ""score"": 1.0, ""original_score"": 1.0, ""polarity"": ""positive"", ""strength"": ""normal"", ""aspect"": ""general"", ""source"": ""pattern_rule"", ""tag"": ""positive_acknowledgement_pattern"", ""start"": null, ""end"": null, ""is_active"": true, ""guard_reason"": null, ""term"": ""확실히 인정하다"", ""category"": ""general""}]",떨어지다:-1[token] | 확실히 인정하다:+1[positive_acknowledgement_pattern],0.0,0.0,0.0,0.0,0.0,0.0,0.0,0.0,0.0
kakao,일등식당,아주 맛있어요! 다만 김치가 매우 아쉬운 맛입니다 …,4.0,2.75,1.25,1.25,-1.0,1,1,1,1,,underestimation,weak_positive_underweighted,"[{""text"": ""매우 아쉽다"", ""normalized_text"": ""매우 아쉽다"", ""score"": -2.0, ""original_score"": -2.0, ""polarity"": ""negative"", ""strength"": ""strong"", ""aspect"": ""general"", ""source"": ""dictionary"", ""tag"": ""token"", ""start"": 4, ""end"": 6, ""is_active"": true, ""guard_reason"": null, ""term"": ""매우 아쉽다"", ""category"": ""general""}, {""text"": ""맛있다"", ""normalized_text"": ""맛있다"", ""score"": 1.0, ""original_score"": 1.0, ""polarity"": ""positive"", ""strength"": ""normal"", ""aspect"": ""food"", ""source"": ""dictionary"", ""tag"": ""token"", ""start"": 1, ""end"": 2, ""is_active"": true, ""guard_reason"": null, ""term"": ""맛있다"", ""category"": ""food""}]",매우 아쉽다:-2[token] | 맛있다:+1[token],1.0,0.0,0.0,0.0,0.0,0.0,0.0,0.0,-2.0
kakao,장인닭갈비 홍대점,그냥 그래요~ 웨이팅 할 정도 전혀 아님,4.0,3.0,1.0,1.0,0.0,0,0,0,0,,underestimation,positive_phrase_missing,[],,0.0,0.0,0.0,0.0,0.0,0.0,0.0,0.0,0.0
kakao,쭌곱창,처음왔지만 처음이 아닌듯한 익숙한 느낌 쭌.. 쭌곱창!! 곱창 갈비를 주문했어요 홍대면 여기로~!,5.0,3.0,2.0,2.0,0.0,0,0,0,0,,underestimation,positive_phrase_missing,[],,0.0,0.0,0.0,0.0,0.0,0.0,0.0,0.0,0.0
kakao,소문난성수감자탕,"!! 인원별로 주문해야합니다 !! 4인이서 가서 대자 (49000원)로 시켰어요 사람이 많아서 그런가 직원분들이 조금 불친절 하셔서 1점 뺐어요 ㅠ 주말 오후 8시쯤에 가서 대기 10분정도 했고, 깍두기랑 소스가 킥이에요 굿임 한번쯤 성수오면 들릴만 하고 고기가 부드러웠어요",4.0,2.54,1.46,1.46,-1.0,2,2,2,1,,underestimation,weak_positive_underweighted,"[{""text"": ""고기 부드럽다"", ""normalized_text"": ""고기 부드럽다"", ""score"": 1.0, ""original_score"": 1.0, ""polarity"": ""positive"", ""strength"": ""normal"", ""aspect"": ""food"", ""source"": ""dictionary"", ""tag"": ""token"", ""start"": 24, ""end"": 26, ""is_active"": true, ""guard_reason"": null, ""term"": ""고기 부드럽다"", ""category"": ""food""}, {""text"": ""불친절"", ""normalized_text"": ""불친절"", ""score"": -1.0, ""original_score"": -1.0, ""polarity"": ""negative"", ""strength"": ""normal"", ""aspect"": ""service"", ""source"": ""dictionary"", ""tag"": ""token"", ""start"": 12, ""end"": 13, ""is_active"": true, ""guard_reason"": null, ""term"": ""불친절"", ""category"": ""service""}, {""text"": ""굿임"", ""normalized_text"": ""굿임"", ""score"": 1.0, ""original_score"": 1.0, ""polarity"": ""positive"", ""strength"": ""normal"", ""aspect"": ""general"", ""source"": ""dictionary"", ""tag"": ""token"", ""start"": 20, ""end"": 21, ""is_active"": true, ""guard_reason"": null, ""term"": ""굿임"", ""category"": ""general""}, {""text"": ""심각한 서비스 부정 결론"", ""normalized_text"": ""심각한 서비스 부정 결론"", ""score"": -2.0, ""original_score"": -2.0, ""polarity"": ""negative"", ""strength"": ""strong"", ""aspect"": ""service"", ""source"": ""context_guard"", ""tag"": ""active_service_negative_conclusion"", ""start"": null, ""end"": null, ""is_active"": true, ""guard_reason"": null, ""term"": ""심각한 서비스 부정 결론"", ""category"": ""service""}, {""text"": ""별로"", ""normalized_text"": ""별로"", ""score"": 0.0, ""original_score"": -1.0, ""polarity"": ""neutral"", ""strength"": ""weak"", ""aspect"": ""general"", ""source"": ""context_guard"", ""tag"": ""embedded_non_standalone"", ""start"": 1, ""end"": 2, ""is_active"": false, ""guard_reason"": ""embedded_non_standalone"", ""term"": ""별로"", ""category"": ""general""}]",고기 부드럽다:+1[token] | 불친절:-1[token] | 굿임:+1[token] | 심각한 서비스 부정 결론:-2[active_service_negative_conclusion] | 별로:-1->0[embedded_non_standalone],1.0,-3.0,0.0,0.0,0.0,0.0,0.0,0.0,1.0
kakao,소문난성수감자탕,넘 많은 방문인들로 인해 불편함,4.0,2.78,1.2200000000000002,1.2200000000000002,-1.0,0,1,0,1,,underestimation,positive_phrase_missing,"[{""text"": ""불편하다"", ""normalized_text"": ""불편하다"", ""score"": -1.0, ""original_score"": -1.0, ""polarity"": ""negative"", ""strength"": ""normal"", ""aspect"": ""atmosphere"", ""source"": ""dictionary"", ""tag"": ""token"", ""start"": 4, ""end"": 5, ""is_active"": true, ""guard_reason"": null, ""term"": ""불편하다"", ""category"": ""atmosphere""}]",불편하다:-1[token],0.0,0.0,0.0,-1.0,0.0,0.0,0.0,0.0,0.0
kakao,소문난성수감자탕,"평범한줄 알았는데, 다른 뼈다귀집 가니까 고기가 질겨서 안뜯김... 여기정도면 상급이다.",4.0,2.92,1.08,1.08,0.0,1,1,1,1,,underestimation,weak_positive_underweighted,"[{""text"": ""질겨"", ""normalized_text"": ""질겨"", ""score"": -1.0, ""original_score"": -1.0, ""polarity"": ""negative"", ""strength"": ""normal"", ""aspect"": ""food"", ""source"": ""dictionary"", ""tag"": ""token"", ""start"": 5, ""end"": 6, ""is_active"": true, ""guard_reason"": null, ""term"": ""질겨"", ""category"": ""food""}, {""text"": ""상급 평가"", ""normalized_text"": ""상급 평가"", ""score"": 1.0, ""original_score"": 1.0, ""polarity"": ""positive"", ""strength"": ""normal"", ""aspect"": ""general"", ""source"": ""pattern_rule"", ""tag"": ""upper_tier_positive_pattern"", ""start"": null, ""end"": null, ""is_active"": true, ""guard_reason"": null, ""term"": ""상급 평가"", ""category"": ""general""}, {""text"": ""평범하다"", ""normalized_text"": ""평범하다"", ""score"": 0.0, ""original_score"": -1.0, ""polarity"": ""neutral"", ""strength"": ""weak"", ""aspect"": ""general"", ""source"": ""context_guard"", ""tag"": ""mild_evaluation_ambiguous_context"", ""start"": 0, ""end"": 1, ""is_active"": false, ""guard_reason"": ""mild_evaluation_ambiguous_context"", ""term"": ""평범하다"", ""category"": ""general""}]",질겨:-1[token] | 상급 평가:+1[upper_tier_positive_pattern] | 평범하다:-1->0[mild_evaluation_ambiguous_context],-1.0,0.0,0.0,0.0,0.0,0.0,0.0,0.0,1.0
kakao,훼미리손칼국수보쌈,"지나다니면서 보니 웨이팅까지 하면서?... 오늘 처음 오픈런을 해봤.... 칼국수용 김치와 숙육용 김치가 다른데 둘다 좋았다. 오랜시간동안 자연스레 쌓아온 김치내공~ 요즘 또 배추가 제일 맛있을때라 그런지 적지도 과히지도 않은 맵기에 짠기가 생배추와 맞물려 조합이 좋았다. 생배추를 내놓는 집은 무.김치에 자신이 있다는 뜻으로도 해석할 수 있겠다.... 외국인들도 찾는곳이라 그런걸 수 있겠지만 식사중 밑바닥에 깔린 머리카락의 출현에 사장님이 군말없이 수육을 새 음식으로 내어주시면서 ""죄송합니다 ""라고 하시는데~ 웨이팅도 길고 또 그안에 진심이 충분히 담겨있어서... '친절한 집이구나~'라 대부분 느꼈을 것을... 그렇다... 보쌈 수육. 만들기는 과정이 쉽지 않은 음식중하나다. 모든 음식이 그렇겠지만 단순히 삶는다고해서 만들지는 음식은 아니다. 맛등 여러가지 있겠지만 어딜가나 거기서 거기라고 생각할 수 있지만 손님을 대하는, 음식을 대하는 태도를 오랜세월 잘 만들고 가꿔온 그런 느낌을 받은 집이다. 이곳 관계자와의 일절 관계가 없으면, 후기이벤트와 상관없이 작성된 후기임. (수육접시는 중간에 바꿔줘서 작아짐)",5.0,3.0,2.0,2.0,1.5,5,4,3,4,positive_floor_blocked[active_negative_evidence] | sentiment_cap:3.0[hygiene_strong_negative],underestimation,cap_misfire_on_positive_review,"[{""text"": ""제일 맛있다"", ""normalized_text"": ""제일 맛있다"", ""score"": 2.0, ""original_score"": 2.0, ""polarity"": ""positive"", ""strength"": ""strong"", ""aspect"": ""food"", ""source"": ""dictionary"", ""tag"": ""token"", ""start"": 22, ""end"": 24, ""is_active"": true, ""guard_reason"": null, ""term"": ""제일 맛있다"", ""category"": ""food""}, {""text"": ""웨이팅 길다"", ""normalized_text"": ""웨이팅 길다"", ""score"": -0.5, ""original_score"": -1.0, ""polarity"": ""negative"", ""strength"": ""weak"", ""aspect"": ""wait"", ""source"": ""dictionary"", ""tag"": ""token"", ""start"": 55, ""end"": 57, ""is_active"": true, ""guard_reason"": null, ""term"": ""웨이팅 길다"", ""category"": ""wait""}, {""text"": ""짜다"", ""normalized_text"": ""짜다"", ""score"": -1.0, ""original_score"": -1.0, ""polarity"": ""negative"", ""strength"": ""normal"", ""aspect"": ""food"", ""source"": ""dictionary"", ""tag"": ""token"", ""start"": 29, ""end"": 30, ""is_active"": true, ""guard_reason"": null, ""term"": ""짜다"", ""category"": ""food""}, {""text"": ""죄송하다"", ""normalized_text"": ""죄송하다"", ""score"": -1.0, ""original_score"": -1.0, ""polarity"": ""negative"", ""strength"": ""normal"", ""aspect"": ""service"", ""source"": ""dictionary"", ""tag"": ""token"", ""start"": 54, ""end"": 55, ""is_active"": true, ""guard_reason"": null, ""term"": ""죄송하다"", ""category"": ""service""}, {""text"": ""충분하다"", ""normalized_text"": ""충분하다"", ""score"": 1.0, ""original_score"": 1.0, ""polarity"": ""positive"", ""strength"": ""normal"", ""aspect"": ""general"", ""source"": ""dictionary"", ""tag"": ""token"", ""start"": 58, ""end"": 59, ""is_active"": true, ""guard_reason"": null, ""term"": ""충분하다"", ""category"": ""general""}, {""text"": ""친절하다"", ""normalized_text"": ""친절하다"", ""score"": 1.0, ""original_score"": 1.0, ""polarity"": ""positive"", ""strength"": ""normal"", ""aspect"": ""service"", ""source"": ""dictionary"", ""tag"": ""token"", ""start"": 60, ""end"": 61, ""is_active"": true, ""guard_reason"": null, ""term"": ""친절하다"", ""category"": ""service""}, {""text"": ""음식을 잘 만들다"", ""normalized_text"": ""음식을 잘 만들다"", ""score"": 1.0, ""original_score"": 1.0, ""polarity"": ""positive"", ""strength"": ""normal"", ""aspect"": ""food"", ""source"": ""pattern_rule"", ""tag"": ""well_made_food_positive_pattern"", ""start"": null, ""end"": null, ""is_active"": true, ""guard_reason"": null, ""term"": ""음식을 잘 만들다"", ""category"": ""food""}, {""text"": ""음식 품질 긍정"", ""normalized_text"": ""음식 품질 긍정"", ""score"": 1.0, ""original_score"": 1.0, ""polarity"": ""positive"", ""strength"": ""normal"", ""aspect"": ""food"", ""source"": ""pattern_rule"", ""tag"": ""food_quality_positive_pattern"", ""start"": null, ""end"": null, ""is_active"": true, ""guard_reason"": null, ""term"": ""음식 품질 긍정"", ""category"": ""food""}, {""text"": ""명시적 위생 문제"", ""normalized_text"": ""명시적 위생 문제"", ""score"": -2.0, ""original_score"": -2.0, ""polarity"": ""negative"", ""strength"": ""strong"", ""aspect"": ""hygiene"", ""source"": ""context_guard"", ""tag"": ""active_hygiene_negative_conclusion"", ""start"": null, ""end"": null, ""is_active"": true, ""guard_reason"": null, ""term"": ""명시적 위생 문제"", ""category"": ""hygiene""}, {""text"": ""좋다"", ""normalized_text"": ""좋다"", ""score"": 0.0, ""original_score"": 1.0, ""polarity"": ""neutral"", ""strength"": ""weak"", ""aspect"": ""general"", ""source"": ""context_guard"", ""tag"": ""suppressed_by_phrase_rule"", ""start"": 13, ""end"": 14, ""is_active"": false, ""guard_reason"": ""suppressed_by_phrase_rule"", ""term"": ""좋다"", ""category"": ""general""}]",제일 맛있다:+2[token] | 웨이팅 길다:-0.5[token] | 짜다:-1[token] | 죄송하다:-1[token] | 충분하다:+1[token] | 친절하다:+1[token] | 음식을 잘 만들다:+1[well_made_food_positive_pattern] | 음식 품질 긍정:+1[food_quality_positive_pattern] | 명시적 위생 문제:-2[active_hygiene_negative_conclusion] | 좋다:1->0[suppressed_by_phrase_rule],3.0,0.0,0.0,0.0,-0.5,0.0,0.0,-2.0,1.0
kakao,마포양지설렁탕 도화점,김치가 맛있고 설렁탕은 평범한 곳에서 명성만 남고 퀄리티는 저멀리 내던져버린 곳으로 바뀐곳.. 김치 양념도 뭐지싶고 평범한 한식집만도 못한 김치가 있네요. 그리고 가격에 맞는 퀄리티도 절대 아님. 고기라도 제대로 주세요 무슨 고기양이 푸드코트수준이야…,2.0,3.51,-1.5099999999999998,1.5099999999999998,1.0,2,1,1,1,,overestimation,mixed_review_not_capped_enough | weak_positive_overweighted | dictionary_false_positive,"[{""text"": ""김치 맛있다"", ""normalized_text"": ""김치 맛있다"", ""score"": 1.0, ""original_score"": 1.0, ""polarity"": ""positive"", ""strength"": ""normal"", ""aspect"": ""food"", ""source"": ""dictionary"", ""tag"": ""token"", ""start"": 0, ""end"": 2, ""is_active"": true, ""guard_reason"": null, ""term"": ""김치 맛있다"", ""category"": ""food""}, {""text"": ""절대 아니다"", ""normalized_text"": ""절대 아니다"", ""score"": -1.0, ""original_score"": -1.0, ""polarity"": ""negative"", ""strength"": ""normal"", ""aspect"": ""general"", ""source"": ""dictionary"", ""tag"": ""token"", ""start"": 20, ""end"": 22, ""is_active"": true, ""guard_reason"": null, ""term"": ""절대 아니다"", ""category"": ""general""}, {""text"": ""음식 품질 긍정"", ""normalized_text"": ""음식 품질 긍정"", ""score"": 1.0, ""original_score"": 1.0, ""polarity"": ""positive"", ""strength"": ""normal"", ""aspect"": ""food"", ""source"": ""pattern_rule"", ""tag"": ""food_quality_positive_pattern"", ""start"": null, ""end"": null, ""is_active"": true, ""guard_reason"": null, ""term"": ""음식 품질 긍정"", ""category"": ""food""}, {""text"": ""평범하다"", ""normalized_text"": ""평범하다"", ""score"": 0.0, ""original_score"": -1.0, ""polarity"": ""neutral"", ""strength"": ""weak"", ""aspect"": ""general"", ""source"": ""context_guard"", ""tag"": ""mild_positive_evaluation_context"", ""start"": 3, ""end"": 4, ""is_active"": false, ""guard_reason"": ""mild_positive_evaluation_context"", ""term"": ""평범하다"", ""category"": ""general""}]",김치 맛있다:+1[token] | 절대 아니다:-1[token] | 음식 품질 긍정:+1[food_quality_positive_pattern] | 평범하다:-1->0[mild_positive_evaluation_context],2.0,0.0,0.0,0.0,0.0,0.0,0.0,0.0,-1.0
kakao,옥동식 서교점,맛은 그럭저럭 괜찮으나 대기시간 대비 만족감은 덜 하다. 대기공간도 불편하고 주변 빌라에 붙은 경고문에 마음이 썩 편하지않다. 한번쯤은 가 볼만하지만 다시 대기할만큼 특출나지는 않은 곳,2.0,3.88,-1.88,1.88,2.0,3,1,2,1,,overestimation,mixed_review_not_capped_enough | weak_positive_overweighted,"[{""text"": ""그럭저럭 괜찮다"", ""normalized_text"": ""그럭저럭 괜찮다"", ""score"": 1.0, ""original_score"": 1.0, ""polarity"": ""positive"", ""strength"": ""normal"", ""aspect"": ""general"", ""source"": ""dictionary"", ""tag"": ""token"", ""start"": 0, ""end"": 2, ""is_active"": true, ""guard_reason"": null, ""term"": ""그럭저럭 괜찮다"", ""category"": ""general""}, {""text"": ""만족감"", ""normalized_text"": ""만족감"", ""score"": 1.0, ""original_score"": 1.0, ""polarity"": ""positive"", ""strength"": ""normal"", ""aspect"": ""general"", ""source"": ""dictionary"", ""tag"": ""token"", ""start"": 5, ""end"": 6, ""is_active"": true, ""guard_reason"": null, ""term"": ""만족감"", ""category"": ""general""}, {""text"": ""불편하다"", ""normalized_text"": ""불편하다"", ""score"": -1.0, ""original_score"": -1.0, ""polarity"": ""negative"", ""strength"": ""normal"", ""aspect"": ""atmosphere"", ""source"": ""dictionary"", ""tag"": ""token"", ""start"": 7, ""end"": 8, ""is_active"": true, ""guard_reason"": null, ""term"": ""불편하다"", ""category"": ""atmosphere""}, {""text"": ""음식 품질 긍정"", ""normalized_text"": ""음식 품질 긍정"", ""score"": 1.0, ""original_score"": 1.0, ""polarity"": ""positive"", ""strength"": ""normal"", ""aspect"": ""food"", ""source"": ""pattern_rule"", ""tag"": ""food_quality_positive_pattern"", ""start"": null, ""end"": null, ""is_active"": true, ""guard_reason"": null, ""term"": ""음식 품질 긍정"", ""category"": ""food""}, {""text"": ""편하다"", ""normalized_text"": ""편하다"", ""score"": 0.0, ""original_score"": 1.0, ""polarity"": ""neutral"", ""strength"": ""weak"", ""aspect"": ""atmosphere"", ""source"": ""context_guard"", ""tag"": ""direct_neg_context"", ""start"": 13, ""end"": 14, ""is_active"": false, ""guard_reason"": ""direct_neg_context"", ""term"": ""편하다"", ""category"": ""atmosphere""}, {""text"": ""특출나다"", ""normalized_text"": ""특출나다"", ""score"": 0.0, ""original_score"": 2.0, ""polarity"": ""neutral"", ""strength"": ""weak"", ""aspect"": ""general"", ""source"": ""context_guard"", ""tag"": ""direct_neg_context"", ""start"": 20, ""end"": 21, ""is_active"": false, ""guard_reason"": ""direct_neg_context"", ""term"": ""특출나다"", ""category"": ""general""}]",그럭저럭 괜찮다:+1[token] | 만족감:+1[token] | 불편하다:-1[token] | 음식 품질 긍정:+1[food_quality_positive_pattern] | 편하다:1->0[direct_neg_context] | 특출나다:2->0[direct_neg_context],1.0,0.0,0.0,-1.0,0.0,0.0,0.0,0.0,2.0
kakao,육지,"평일 저녁에 방문했음에도 웨이팅 있었어요! 힙란 내부에 고기도 정말 맛있는데요, 많이 어수선하고 시끄럽기도 하고... 직원분 부르기가 쉽지않았고 바쁜 매장인 건 알겠지만 많이 불친절하다고 느꼈어요",2.0,3.62,-1.62,1.62,0.5,3,4,1,3,,overestimation,mixed_review_not_capped_enough | service_or_hygiene_negative_too_weak,"[{""text"": ""정말 맛있다"", ""normalized_text"": ""정말 맛있다"", ""score"": 2.0, ""original_score"": 2.0, ""polarity"": ""positive"", ""strength"": ""strong"", ""aspect"": ""food"", ""source"": ""dictionary"", ""tag"": ""token"", ""start"": 7, ""end"": 9, ""is_active"": true, ""guard_reason"": null, ""term"": ""정말 맛있다"", ""category"": ""food""}, {""text"": ""어수선하다"", ""normalized_text"": ""어수선하다"", ""score"": -1.0, ""original_score"": -1.0, ""polarity"": ""negative"", ""strength"": ""normal"", ""aspect"": ""atmosphere"", ""source"": ""dictionary"", ""tag"": ""token"", ""start"": 10, ""end"": 11, ""is_active"": true, ""guard_reason"": null, ""term"": ""어수선하다"", ""category"": ""atmosphere""}, {""text"": ""시끄럽다"", ""normalized_text"": ""시끄럽다"", ""score"": -0.5, ""original_score"": -1.0, ""polarity"": ""negative"", ""strength"": ""weak"", ""aspect"": ""atmosphere"", ""source"": ""dictionary"", ""tag"": ""token"", ""start"": 11, ""end"": 12, ""is_active"": true, ""guard_reason"": null, ""term"": ""시끄럽다"", ""category"": ""atmosphere""}, {""text"": ""바쁘다"", ""normalized_text"": ""바쁘다"", ""score"": -1.0, ""original_score"": -1.0, ""polarity"": ""negative"", ""strength"": ""normal"", ""aspect"": ""general"", ""source"": ""dictionary"", ""tag"": ""token"", ""start"": 17, ""end"": 18, ""is_active"": true, ""guard_reason"": null, ""term"": ""바쁘다"", ""category"": ""general""}, {""text"": ""불친절하다"", ""normalized_text"": ""불친절하다"", ""score"": -1.0, ""original_score"": -1.0, ""polarity"": ""negative"", ""strength"": ""normal"", ""aspect"": ""service"", ""source"": ""dictionary"", ""tag"": ""token"", ""start"": 21, ""end"": 22, ""is_active"": true, ""guard_reason"": null, ""term"": ""불친절하다"", ""category"": ""service""}, {""text"": ""양이 넉넉하다"", ""normalized_text"": ""양이 넉넉하다"", ""score"": 1.0, ""original_score"": 1.0, ""polarity"": ""positive"", ""strength"": ""normal"", ""aspect"": ""food"", ""source"": ""pattern_rule"", ""tag"": ""large_portion_pattern"", ""start"": null, ""end"": null, ""is_active"": true, ""guard_reason"": null, ""term"": ""양이 넉넉하다"", ""category"": ""food""}, {""text"": ""음식 품질 긍정"", ""normalized_text"": ""음식 품질 긍정"", ""score"": 1.0, ""original_score"": 1.0, ""polarity"": ""positive"", ""strength"": ""normal"", ""aspect"": ""food"", ""source"": ""pattern_rule"", ""tag"": ""food_quality_positive_pattern"", ""start"": null, ""end"": null, ""is_active"": true, ""guard_reason"": null, ""term"": ""음식 품질 긍정"", ""category"": ""food""}]",정말 맛있다:+2[token] | 어수선하다:-1[token] | 시끄럽다:-0.5[token] | 바쁘다:-1[token] | 불친절하다:-1[token] | 양이 넉넉하다:+1[large_portion_pattern] | 음식 품질 긍정:+1[food_quality_positive_pattern],4.0,-1.0,0.0,-1.5,0.0,0.0,0.0,0.0,-1.0
kakao,쭌곱창,넘 사재 데리야끼 양념 소스 부은 맛이구요 짭니다 달고요 맛 ..ㅠㅠ 아래 리뷰들은 리뷰 이벤트 때문에 좋게 단듯 볶음밥도 흥건한소스 위에 바로 얹어서 먹으라고 하셔서 넘 짰어요 서빙해주시는 분 친절하시고 감사했는데 음식맛이 아쉽습니다.,2.0,3.7,-1.7000000000000002,1.7000000000000002,2.0,3,1,3,1,sentiment_floor:3.7[positive_evidence_count],overestimation,weak_positive_overweighted | mixed_review_not_capped_enough,"[{""text"": ""친절하다"", ""normalized_text"": ""친절하다"", ""score"": 1.0, ""original_score"": 1.0, ""polarity"": ""positive"", ""strength"": ""normal"", ""aspect"": ""service"", ""source"": ""dictionary"", ""tag"": ""token"", ""start"": 26, ""end"": 27, ""is_active"": true, ""guard_reason"": null, ""term"": ""친절하다"", ""category"": ""service""}, {""text"": ""감사하다"", ""normalized_text"": ""감사하다"", ""score"": 1.0, ""original_score"": 1.0, ""polarity"": ""positive"", ""strength"": ""normal"", ""aspect"": ""general"", ""source"": ""dictionary"", ""tag"": ""token"", ""start"": 27, ""end"": 28, ""is_active"": true, ""guard_reason"": null, ""term"": ""감사하다"", ""category"": ""general""}, {""text"": ""아쉽다"", ""normalized_text"": ""아쉽다"", ""score"": -1.0, ""original_score"": -1.0, ""polarity"": ""negative"", ""strength"": ""normal"", ""aspect"": ""general"", ""source"": ""dictionary"", ""tag"": ""token"", ""start"": 29, ""end"": 30, ""is_active"": true, ""guard_reason"": null, ""term"": ""아쉽다"", ""category"": ""general""}, {""text"": ""분위기와 경험 긍정"", ""normalized_text"": ""분위기와 경험 긍정"", ""score"": 1.0, ""original_score"": 1.0, ""polarity"": ""positive"", ""strength"": ""normal"", ""aspect"": ""atmosphere"", ""source"": ""pattern_rule"", ""tag"": ""atmosphere_positive_pattern"", ""start"": null, ""end"": null, ""is_active"": true, ""guard_reason"": null, ""term"": ""분위기와 경험 긍정"", ""category"": ""atmosphere""}, {""text"": ""짜다"", ""normalized_text"": ""짜다"", ""score"": 0.0, ""original_score"": -1.0, ""polarity"": ""neutral"", ""strength"": ""weak"", ""aspect"": ""food"", ""source"": ""context_guard"", ""tag"": ""token_not_supported_by_text"", ""start"": 7, ""end"": 8, ""is_active"": false, ""guard_reason"": ""token_not_supported_by_text"", ""term"": ""짜다"", ""category"": ""food""}, {""text"": ""좋다"", ""normalized_text"": ""좋다"", ""score"": 0.0, ""original_score"": 1.0, ""polarity"": ""neutral"", ""strength"": ""weak"", ""aspect"": ""general"", ""source"": ""context_guard"", ""tag"": ""suppressed_by_phrase_rule"", ""start"": 14, ""end"": 15, ""is_active"": false, ""guard_reason"": ""suppressed_by_phrase_rule"", ""term"": ""좋다"", ""category"": ""general""}, {""text"": ""sentiment_floor:3.7"", ""normalized_text"": ""sentiment_floor:3.7"", ""score"": 0.0, ""original_score"": 0.0, ""polarity"": ""neutral"", ""strength"": ""weak"", ""aspect"": ""general"", ""source"": ""floor"", ""tag"": ""positive_evidence_count"", ""start"": null, ""end"": null, ""is_active"": false, ""guard_reason"": ""positive_evidence_count"", ""term"": ""sentiment_floor:3.7"", ""category"": ""general""}]",친절하다:+1[token] | 감사하다:+1[token] | 아쉽다:-1[token] | 분위기와 경험 긍정:+1[atmosphere_positive_pattern] | 짜다:-1->0[token_not_supported_by_text] | 좋다:1->0[suppressed_by_phrase_rule] | sentiment_floor:3.7:0[positive_evidence_count],0.0,1.0,0.0,1.0,0.0,0.0,0.0,0.0,0.0
kakao,능동미나리 성수점,"여긴 능동미나리가 아님. 신용산본점이랑 전혀 다른 맛. 본점은 곰탕 고기에서 한우구이 맛이 날 정도로 고소하고 맛있었는데 여긴 그냥 흔하디흔한 곰탕임. 특히 육회비빔밥.....육회 냉동도 덜 풀려서 비벼지지도 않는 거 보고 아주 실망함,, 능동미나리를 정말 좋아하는 1인으로 넘 실망스럽네요..",2.0,3.85,-1.85,1.85,2.0,3,1,2,1,,overestimation,mixed_review_not_capped_enough | weak_positive_overweighted | dictionary_false_positive,"[{""text"": ""고소하다 맛있다"", ""normalized_text"": ""고소하다 맛있다"", ""score"": 1.0, ""original_score"": 1.0, ""polarity"": ""positive"", ""strength"": ""normal"", ""aspect"": ""food"", ""source"": ""dictionary"", ""tag"": ""token"", ""start"": 14, ""end"": 16, ""is_active"": true, ""guard_reason"": null, ""term"": ""고소하다 맛있다"", ""category"": ""food""}, {""text"": ""흔하다"", ""normalized_text"": ""흔하다"", ""score"": -1.0, ""original_score"": -1.0, ""polarity"": ""negative"", ""strength"": ""normal"", ""aspect"": ""general"", ""source"": ""dictionary"", ""tag"": ""token"", ""start"": 19, ""end"": 20, ""is_active"": true, ""guard_reason"": null, ""term"": ""흔하다"", ""category"": ""general""}, {""text"": ""좋아하다"", ""normalized_text"": ""좋아하다"", ""score"": 1.0, ""original_score"": 1.0, ""polarity"": ""positive"", ""strength"": ""normal"", ""aspect"": ""general"", ""source"": ""dictionary"", ""tag"": ""token"", ""start"": 35, ""end"": 36, ""is_active"": true, ""guard_reason"": null, ""term"": ""좋아하다"", ""category"": ""general""}, {""text"": ""음식 품질 긍정"", ""normalized_text"": ""음식 품질 긍정"", ""score"": 1.0, ""original_score"": 1.0, ""polarity"": ""positive"", ""strength"": ""normal"", ""aspect"": ""food"", ""source"": ""pattern_rule"", ""tag"": ""food_quality_positive_pattern"", ""start"": null, ""end"": null, ""is_active"": true, ""guard_reason"": null, ""term"": ""음식 품질 긍정"", ""category"": ""food""}, {""text"": ""실망하다"", ""normalized_text"": ""실망하다"", ""score"": 0.0, ""original_score"": -1.0, ""polarity"": ""neutral"", ""strength"": ""weak"", ""aspect"": ""general"", ""source"": ""context_guard"", ""tag"": ""quoted_negative_not_actual_negative"", ""start"": 31, ""end"": 32, ""is_active"": false, ""guard_reason"": ""quoted_negative_not_actual_negative"", ""term"": ""실망하다"", ""category"": ""general""}, {""text"": ""실망"", ""normalized_text"": ""실망"", ""score"": 0.0, ""original_score"": -1.0, ""polarity"": ""neutral"", ""strength"": ""weak"", ""aspect"": ""general"", ""source"": ""context_guard"", ""tag"": ""quoted_negative_not_actual_negative"", ""start"": 37, ""end"": 38, ""is_active"": false, ""guard_reason"": ""quoted_negative_not_actual_negative"", ""term"": ""실망"", ""category"": ""general""}]",고소하다 맛있다:+1[token] | 흔하다:-1[token] | 좋아하다:+1[token] | 음식 품질 긍정:+1[food_quality_positive_pattern] | 실망하다:-1->0[quoted_negative_not_actual_negative] | 실망:-1->0[quoted_negative_not_actual_negative],2.0,0.0,0.0,0.0,0.0,0.0,0.0,0.0,0.0
kakao,능동미나리 성수점,골고루 주문. 곰탕은 깔끔하고 모난 곳 없는 맛임. 하지만 더 뜨겁게 나왔으면 좋았을 것 같음. 육회비빔밥이 오히려 미나리와 궁합이 좋았음. 육전은 그냥 육전. 가격을 고려 했을 때 합리적인 맛은 아닌 것 같음.,2.0,3.5,-1.5,1.5,1.0,3,1,2,1,positive_floor_blocked[active_negative_evidence] | sentiment_cap:3.5[explicit_negative_conclusion],overestimation,mixed_review_not_capped_enough | weak_positive_overweighted,"[{""text"": ""곰탕 깔끔하다"", ""normalized_text"": ""곰탕 깔끔하다"", ""score"": 1.0, ""original_score"": 1.0, ""polarity"": ""positive"", ""strength"": ""normal"", ""aspect"": ""food"", ""source"": ""dictionary"", ""tag"": ""token"", ""start"": 2, ""end"": 4, ""is_active"": true, ""guard_reason"": null, ""term"": ""곰탕 깔끔하다"", ""category"": ""food""}, {""text"": ""궁합"", ""normalized_text"": ""궁합"", ""score"": 1.0, ""original_score"": 1.0, ""polarity"": ""positive"", ""strength"": ""normal"", ""aspect"": ""general"", ""source"": ""dictionary"", ""tag"": ""token"", ""start"": 13, ""end"": 14, ""is_active"": true, ""guard_reason"": null, ""term"": ""궁합"", ""category"": ""general""}, {""text"": ""음식 품질 긍정"", ""normalized_text"": ""음식 품질 긍정"", ""score"": 1.0, ""original_score"": 1.0, ""polarity"": ""positive"", ""strength"": ""normal"", ""aspect"": ""food"", ""source"": ""pattern_rule"", ""tag"": ""food_quality_positive_pattern"", ""start"": null, ""end"": null, ""is_active"": true, ""guard_reason"": null, ""term"": ""음식 품질 긍정"", ""category"": ""food""}, {""text"": ""가격 대비 합리적이지 않다"", ""normalized_text"": ""가격 대비 합리적이지 않다"", ""score"": -2.0, ""original_score"": -2.0, ""polarity"": ""negative"", ""strength"": ""strong"", ""aspect"": ""price"", ""source"": ""context_guard"", ""tag"": ""active_price_negative_conclusion"", ""start"": null, ""end"": null, ""is_active"": true, ""guard_reason"": null, ""term"": ""가격 대비 합리적이지 않다"", ""category"": ""price""}, {""text"": ""좋다"", ""normalized_text"": ""좋다"", ""score"": 0.0, ""original_score"": 1.0, ""polarity"": ""neutral"", ""strength"": ""weak"", ""aspect"": ""general"", ""source"": ""context_guard"", ""tag"": ""suppressed_by_phrase_rule"", ""start"": 7, ""end"": 8, ""is_active"": false, ""guard_reason"": ""suppressed_by_phrase_rule"", ""term"": ""좋다"", ""category"": ""general""}, {""text"": ""가격과 가성비 긍정"", ""normalized_text"": ""가격과 가성비 긍정"", ""score"": 0.0, ""original_score"": 1.0, ""polarity"": ""neutral"", ""strength"": ""weak"", ""aspect"": ""price"", ""source"": ""context_guard"", ""tag"": ""negated_value_context"", ""start"": null, ""end"": null, ""is_active"": false, ""guard_reason"": ""negated_value_context"", ""term"": ""가격과 가성비 긍정"", ""category"": ""price""}]",곰탕 깔끔하다:+1[token] | 궁합:+1[token] | 음식 품질 긍정:+1[food_quality_positive_pattern] | 가격 대비 합리적이지 않다:-2[active_price_negative_conclusion] | 좋다:1->0[suppressed_by_phrase_rule] | 가격과 가성비 긍정:1->0[negated_value_context],2.0,0.0,-2.0,0.0,0.0,0.0,0.0,0.0,1.0
kakao,소문난성수감자탕,"약간 맑고 심심한 맛 웨이팅 값어치는 없어요, 근데 뼈해장국 비조리로 포장하면 가성비는 괜찮은듯해요",2.0,3.5,-1.5,1.5,2.0,3,1,3,1,positive_floor_blocked[active_negative_evidence] | sentiment_cap:3.5[explicit_negative_conclusion],overestimation,mixed_review_not_capped_enough | weak_positive_overweighted,"[{""text"": ""맑다"", ""normalized_text"": ""맑다"", ""score"": 1.0, ""original_score"": 1.0, ""polarity"": ""positive"", ""strength"": ""normal"", ""aspect"": ""general"", ""source"": ""dictionary"", ""tag"": ""token"", ""start"": 1, ""end"": 2, ""is_active"": true, ""guard_reason"": null, ""term"": ""맑다"", ""category"": ""general""}, {""text"": ""음식 품질 긍정"", ""normalized_text"": ""음식 품질 긍정"", ""score"": 1.0, ""original_score"": 1.0, ""polarity"": ""positive"", ""strength"": ""normal"", ""aspect"": ""food"", ""source"": ""pattern_rule"", ""tag"": ""food_quality_positive_pattern"", ""start"": null, ""end"": null, ""is_active"": true, ""guard_reason"": null, ""term"": ""음식 품질 긍정"", ""category"": ""food""}, {""text"": ""가격과 가성비 긍정"", ""normalized_text"": ""가격과 가성비 긍정"", ""score"": 1.0, ""original_score"": 1.0, ""polarity"": ""positive"", ""strength"": ""normal"", ""aspect"": ""price"", ""source"": ""pattern_rule"", ""tag"": ""value_positive_pattern"", ""start"": null, ""end"": null, ""is_active"": true, ""guard_reason"": null, ""term"": ""가격과 가성비 긍정"", ""category"": ""price""}, {""text"": ""대기할 가치가 없다"", ""normalized_text"": ""대기할 가치가 없다"", ""score"": -1.0, ""original_score"": -1.0, ""polarity"": ""negative"", ""strength"": ""normal"", ""aspect"": ""wait"", ""source"": ""context_guard"", ""tag"": ""active_wait_negative_conclusion"", ""start"": null, ""end"": null, ""is_active"": true, ""guard_reason"": null, ""term"": ""대기할 가치가 없다"", ""category"": ""wait""}, {""text"": ""심심하다"", ""normalized_text"": ""심심하다"", ""score"": 0.0, ""original_score"": -1.0, ""polarity"": ""neutral"", ""strength"": ""weak"", ""aspect"": ""food"", ""source"": ""context_guard"", ""tag"": ""taste_style_ambiguous_context"", ""start"": 2, ""end"": 3, ""is_active"": false, ""guard_reason"": ""taste_style_ambiguous_context"", ""term"": ""심심하다"", ""category"": ""food""}, {""text"": ""괜찮다"", ""normalized_text"": ""괜찮다"", ""score"": 0.0, ""original_score"": 1.0, ""polarity"": ""neutral"", ""strength"": ""weak"", ""aspect"": ""general"", ""source"": ""context_guard"", ""tag"": ""suppressed_by_phrase_rule"", ""start"": 11, ""end"": 12, ""is_active"": false, ""guard_reason"": ""suppressed_by_phrase_rule"", ""term"": ""괜찮다"", ""category"": ""general""}]",맑다:+1[token] | 음식 품질 긍정:+1[food_quality_positive_pattern] | 가격과 가성비 긍정:+1[value_positive_pattern] | 대기할 가치가 없다:-1[active_wait_negative_conclusion] | 심심하다:-1->0[taste_style_ambiguous_context] | 괜찮다:1->0[suppressed_by_phrase_rule],1.0,0.0,1.0,0.0,-1.0,0.0,0.0,0.0,1.0
