platform,store_name,review_text,tokens,tokens_fixed,rating,category_total_score,category_total_label,sentiment_star_raw,sentiment_star,sentiment_calibration_reason,diff,diff_abs,very_strong_positive_count,strong_positive_count,normal_positive_count,weak_positive_count,very_strong_negative_count,strong_negative_count,normal_negative_count,weak_negative_count,positive_evidence_count,negative_evidence_count,revisit_positive_count,recommendation_count,waiting_positive_count,waiting_negative_count,positive_phrase_count,phrase_score_total,dictionary_score_total,context_guard_score_total,evidence_items,evidence_floor_items,matched_words,food_score,service_score,price_score,atmosphere_score,wait_score,revisit_score,recommendation_score,hygiene_score,general_score,food_matched_words,service_matched_words,price_matched_words,atmosphere_matched_words,wait_matched_words,revisit_matched_words,recommendation_matched_words,hygiene_matched_words,general_matched_words
kakao,각시보쌈,확신의 맛집 무조건 반반보쌈으로 ㄱㄱ 단 시끄러운거 싫어하면 절대 평일 저녁엔 가지마세요 할저씨들 술시켜놓고 고성방가 심함..,확신 맛집 무조건 보쌈 시끄럽다 싫어하다 절대 평일 저녁 가지 말다 술시 켜다 고성 방가 심하다,확신 맛집 무조건 보쌈 시끄럽다 싫어하다 절대 평일 저녁 가지 말다 술시 켜다 고성 방가 심하다,5.0,-2.5,negative,2.53,2.53,,2.47,2.47,0,0,1,1,0,1,1,2,1,3,0,0,0,0,0,0.0,-2.5,0.0,"[{""text"": ""확신 맛집"", ""normalized_text"": ""확신 맛집"", ""score"": 1.0, ""original_score"": 1.0, ""polarity"": ""positive"", ""strength"": ""normal"", ""aspect"": ""food"", ""source"": ""dictionary"", ""tag"": ""token"", ""start"": 0, ""end"": 2, ""is_active"": true, ""guard_reason"": null, ""term"": ""확신 맛집"", ""category"": ""food""}, {""text"": ""시끄럽다 싫어하다"", ""normalized_text"": ""시끄럽다 싫어하다"", ""score"": -0.5, ""original_score"": -2.0, ""polarity"": ""negative"", ""strength"": ""weak"", ""aspect"": ""atmosphere"", ""source"": ""dictionary"", ""tag"": ""token"", ""start"": 4, ""end"": 6, ""is_active"": true, ""guard_reason"": null, ""term"": ""시끄럽다 싫어하다"", ""category"": ""atmosphere""}, {""text"": ""고성 방가"", ""normalized_text"": ""고성 방가"", ""score"": -2.0, ""original_score"": -2.0, ""polarity"": ""negative"", ""strength"": ""strong"", ""aspect"": ""atmosphere"", ""source"": ""dictionary"", ""tag"": ""token"", ""start"": 13, ""end"": 15, ""is_active"": true, ""guard_reason"": null, ""term"": ""고성 방가"", ""category"": ""atmosphere""}, {""text"": ""심하다"", ""normalized_text"": ""심하다"", ""score"": -1.0, ""original_score"": -1.0, ""polarity"": ""negative"", ""strength"": ""normal"", ""aspect"": ""general"", ""source"": ""dictionary"", ""tag"": ""token"", ""start"": 15, ""end"": 16, ""is_active"": true, ""guard_reason"": null, ""term"": ""심하다"", ""category"": ""general""}, {""text"": ""가지 말다"", ""normalized_text"": ""가지 말다"", ""score"": 0.0, ""original_score"": -1.0, ""polarity"": ""neutral"", ""strength"": ""weak"", ""aspect"": ""general"", ""source"": ""context_guard"", ""tag"": ""conditional_warning_not_revisit_rejection"", ""start"": 9, ""end"": 11, ""is_active"": false, ""guard_reason"": ""conditional_warning_not_revisit_rejection"", ""term"": ""가지 말다"", ""category"": ""general""}, {""text"": ""조건부 이용 경고"", ""normalized_text"": ""조건부 이용 경고"", ""score"": 0.0, ""original_score"": -1.0, ""polarity"": ""neutral"", ""strength"": ""weak"", ""aspect"": ""revisit"", ""source"": ""context_guard"", ""tag"": ""conditional_warning_not_revisit_rejection"", ""start"": null, ""end"": null, ""is_active"": false, ""guard_reason"": ""conditional_warning_not_revisit_rejection"", ""term"": ""조건부 이용 경고"", ""category"": ""revisit""}]",[],확신 맛집:+1[token] | 시끄럽다 싫어하다:-0.5[token] | 고성 방가:-2[token] | 심하다:-1[token] | 가지 말다:-1->0[conditional_warning_not_revisit_rejection] | 조건부 이용 경고:-1->0[conditional_warning_not_revisit_rejection],1.0,0.0,0.0,-2.5,0.0,0.0,0.0,0.0,-1.0,확신 맛집:+1[token],,,시끄럽다 싫어하다:-0.5[token] 고성 방가:-2[token],,조건부 이용 경고:-1->0[conditional_warning_not_revisit_rejection],,,심하다:-1[token] 가지 말다:-1->0[conditional_warning_not_revisit_rejection]
kakao,옥동식 서교점,대기걸때 12팀인데 1시간 기다리는 곳. 국밥 한그릇인데 금방 빠지겠지 하면 완전 오산… 회전 속도 엄청 느림. 돼지곰탕이라 그런지 돼지머리눌린거 먹을때 나는 돼지잡내 강한편. 전통식인가? 이런 냄새 좋아하면 가면 됨. 또 말아져있는 밥이 매우 꼬들꼬들한 편. 다해놓은 밥 퍼서 다끓여놓은 국물로 토렴 한번하고 고명 올려서 내주는데 2분정도 걸린듯한데 왜 나는 12번째로 11명 기다리는데 1시간 기다리는지 도저히 이해가 안되는 집. 먹고 나면 잘 먹었다는 생각보다 기다린 시간이 너무 아깝다는 생각만 듬.,대기 걸때 기다리다 국밥 그릇 금방 빠지다 완전 오산 회전 속도 엄청 느리다 돼지 곰탕 그렇다 돼지 머리 눌린거 먹다 돼지 잡다 한편 전통 이렇다 냄새 좋아하다 가면 말다 매우 꼬들꼬들하다 다해 놓다 끓이다 국물 토렴 한번 고명 올리다 내주다 걸리다 기다리다 기다리다 도저히 이해 안되다 먹다 나다 자다 먹다 생각 기다리다 시간 너무 아깝다 생각,대기 걸때 기다리다 국밥 그릇 금방 빠지다 완전 오산 회전 속도 엄청 느리다 돼지 곰탕 그렇다 돼지 머리 눌린거 먹다 돼지 잡다 한편 전통 이렇다 냄새 좋아하다 가면 말다 매우 꼬들꼬들하다 다해 놓다 끓이다 국물 토렴 한번 고명 올리다 내주다 걸리다 기다리다 기다리다 도저히 이해 안되다 먹다 나다 자다 먹다 생각 기다리다 시간 너무 아깝다 생각,1.0,0.0,neutral,3.15,3.15,,-2.15,2.15,0,0,2,2,0,0,2,2,2,2,0,0,0,0,0,0.0,0.0,0.0,"[{""text"": ""너무 아깝다"", ""normalized_text"": ""너무 아깝다"", ""score"": -1.0, ""original_score"": -1.0, ""polarity"": ""negative"", ""strength"": ""normal"", ""aspect"": ""price"", ""source"": ""dictionary"", ""tag"": ""token"", ""start"": 53, ""end"": 55, ""is_active"": true, ""guard_reason"": null, ""term"": ""너무 아깝다"", ""category"": ""price""}, {""text"": ""느리다"", ""normalized_text"": ""느리다"", ""score"": -1.0, ""original_score"": -1.0, ""polarity"": ""negative"", ""strength"": ""normal"", ""aspect"": ""general"", ""source"": ""dictionary"", ""tag"": ""token"", ""start"": 12, ""end"": 13, ""is_active"": true, ""guard_reason"": null, ""term"": ""느리다"", ""category"": ""general""}, {""text"": ""좋아하다"", ""normalized_text"": ""좋아하다"", ""score"": 1.0, ""original_score"": 1.0, ""polarity"": ""positive"", ""strength"": ""normal"", ""aspect"": ""general"", ""source"": ""dictionary"", ""tag"": ""token"", ""start"": 26, ""end"": 27, ""is_active"": true, ""guard_reason"": null, ""term"": ""좋아하다"", ""category"": ""general""}, {""text"": ""꼬들꼬들하다"", ""normalized_text"": ""꼬들꼬들하다"", ""score"": 1.0, ""original_score"": 1.0, ""polarity"": ""positive"", ""strength"": ""normal"", ""aspect"": ""food"", ""source"": ""dictionary"", ""tag"": ""token"", ""start"": 30, ""end"": 31, ""is_active"": true, ""guard_reason"": null, ""term"": ""꼬들꼬들하다"", ""category"": ""food""}, {""text"": ""안되다"", ""normalized_text"": ""안되다"", ""score"": 0.0, ""original_score"": -1.0, ""polarity"": ""neutral"", ""strength"": ""weak"", ""aspect"": ""general"", ""source"": ""context_guard"", ""tag"": ""non_evaluative_standalone_negative"", ""start"": 45, ""end"": 46, ""is_active"": false, ""guard_reason"": ""non_evaluative_standalone_negative"", ""term"": ""안되다"", ""category"": ""general""}]",[],너무 아깝다:-1[token] | 느리다:-1[token] | 좋아하다:+1[token] | 꼬들꼬들하다:+1[token] | 안되다:-1->0[non_evaluative_standalone_negative],1.0,0.0,-1.0,0.0,0.0,0.0,0.0,0.0,0.0,꼬들꼬들하다:+1[token],,너무 아깝다:-1[token],,,,,,느리다:-1[token] 좋아하다:+1[token] 안되다:-1->0[non_evaluative_standalone_negative]
kakao,육산장 홍대본점,직원들이 일을 진~~짜 못해요 분위기 좋고 음식 맛있는데 그것을 다 차감할 인적악재.. 리뷰이벤트 상품이 바뀐걸 고지하지않고 영수증 2개 주시면서 말없이 바뀐 리뷰이벤트 상품인 콘치즈를 제공. 바뀐지 몰랐기에 영수증을 보여드리며 목살 100g이 나올줄 알았으나 나오지않아 다른 직원 두명을 더 불러 보여드림. 두번째 남자직원이 나오더니 네 확인됐습니다~! 하길래 나올 줄 알았으나 나오지않음. 다 먹어갈쯔음 그 남직원 불러 다시 물어봄. 그제서야 남직원이 리뷰이벤트로 콘치즈 받은것이다 답변해줌. 1. 리뷰이벤트 상품변경 고지 하지않음 (1개가 삼겹김치찌개 2개가 콘치즈. 콘치즈 양도 적었으며 미리 태블릿 리뷰이벤트 상품이 목살이 아닌 콘치즈로 교체되었음을 고지하지 않음. 콘치즈가 어떻게 삼겹김치찌개에 비빔ㅠ) 2. 리뷰이벤트 상품이라 말하지않고 콘치즈가 음식과 같이 등장. 기본 제공인줄. - 영수증을 두장 줬으니 당연 쓸줄알고 확인도 안하고 음식플레이트와 같이 동시 제공된 것. - 여러 식당들에서 리뷰를 보여줘야만 서비스가 제공되어 찍을 사진이 없었기에 플레이트가 나와 그 사진을 찍고 리뷰를 작성하게 됨. 3. 두 명의 직원에게 리뷰를 보여주었지만 그 아무도 얘기하지않고 두번째 남직원은 확인됐습니다 라고만 답변 4. 기다리다 안와서 직원호출해서 물어봄. 그제야 태블릿 이벤트와 다르게 상품이 바뀌었으며 같이 나온 콘치즈가 상품이라 확인받았기에 태블릿 보여주며 목살이 상품이 아니었냐 하니 들어가서 한참을 또 안나옴ㅎ 5. 본인들 실수이니 특별히 목살을 조금 드리겠다 하고 6조각 나옴. 직원들이 일을 정말정말 못하고 회사에서 내 아랫사람이라 생각하면 정말^^ 어떻게 세명을 부를때까지 아무런 설명도 없고 확인됐습니다. 이 한마디가 모든걸 설명함? 고객 입장에서 서비스 주겠다는걸로 안들림?ㅠ 저게 어떻게 니네 콘치즈 제공된걸로 확인됨이야ㅠ,직원 짜다 분위기 좋다 음식 맛있다 그것 차감 인적 악재 리뷰 이벤트 상품 바뀌다 고지 않다 영수증 주다 없이 바뀌다 리뷰 이벤트 상품 콘치 제공 바뀌다 모르다 영수증 보이다 드리다 목살 나오다 알다 나오다 않다 다른 직원 불다 보이다 드림 두번째 남자 직원 나오다 확인 돼다 나오다 알다 나오다 않다 먹어갈쯔음 직원 불다 다시 물어보다 서다 직원 리뷰 이벤트 콘치 받다 답변 해주다 리뷰 이벤트 상품 변경 고지 않다 삼겹 김치찌개 콘치 콘치 양도 적다 미리 태블릿 리뷰 이벤트 상품 살이 아니다 콘치 교체 되어다 고지 않다 콘치즈 어떻다 삼겹 김치찌개 비빔 리뷰 이벤트 상품 않다 콘치즈 음식 같이 등장 기본 제공 영수증 주다 쓸다 확인 음식 플레이 같이 동시 제공 여러 식당 리뷰 보여주다 서비스 제공 되어다 사진 플레이 나오다 사진 찍다 리뷰 작성 명의 직원 리뷰 보여주다 아무 얘기 않다 두번째 직원 확인 돼다 답변 기다리다 오다 직원 호출 물어보다 그제야 태블릿 이벤트 다르다 상품 바뀌다 같이 나오다 콘치즈 상품 확인 받다 태블릿 보여주다 살이 상품 아니다 하니 들어가다 한참 나오다 본인 실수 특별하다 목살 조금 드리다 나오다 직원 회사 아랫사람 생각 정말 어떻다 세명 부르다 아무렇다 설명 확인 돼다 한마디 설명 고객 입장 서비스 주다 들리다 어떻다 콘치 제공 확인,직원 짜다 분위기 좋다 음식 맛있다 그것 차감 인적 악재 리뷰 이벤트 상품 바뀌다 고지 않다 영수증 주다 없이 바뀌다 리뷰 이벤트 상품 콘치 제공 바뀌다 모르다 영수증 보이다 드리다 목살 나오다 알다 나오다 않다 다른 직원 불다 보이다 드림 두번째 남자 직원 나오다 확인 돼다 나오다 알다 나오다 않다 먹어갈쯔음 직원 불다 다시 물어보다 서다 직원 리뷰 이벤트 콘치 받다 답변 해주다 리뷰 이벤트 상품 변경 고지 않다 삼겹 김치찌개 콘치 콘치 양도 적다 미리 태블릿 리뷰 이벤트 상품 살이 아니다 콘치 교체 되어다 고지 않다 콘치즈 어떻다 삼겹 김치찌개 비빔 리뷰 이벤트 상품 않다 콘치즈 음식 같이 등장 기본 제공 영수증 주다 쓸다 확인 음식 플레이 같이 동시 제공 여러 식당 리뷰 보여주다 서비스 제공 되어다 사진 플레이 나오다 사진 찍다 리뷰 작성 명의 직원 리뷰 보여주다 아무 얘기 않다 두번째 직원 확인 돼다 답변 기다리다 오다 직원 호출 물어보다 그제야 태블릿 이벤트 다르다 상품 바뀌다 같이 나오다 콘치즈 상품 확인 받다 태블릿 보여주다 살이 상품 아니다 하니 들어가다 한참 나오다 본인 실수 특별하다 목살 조금 드리다 나오다 직원 회사 아랫사람 생각 정말 어떻다 세명 부르다 아무렇다 설명 확인 돼다 한마디 설명 고객 입장 서비스 주다 들리다 어떻다 콘치 제공 확인,1.0,1.0,positive,3.12,3.12,positive_floor_blocked[active_negative_evidence],-2.12,2.12,0,0,5,5,0,1,2,2,5,3,0,0,0,0,2,2.0,1.0,-2.0,"[{""text"": ""분위기 좋다"", ""normalized_text"": ""분위기 좋다"", ""score"": 1.0, ""original_score"": 1.0, ""polarity"": ""positive"", ""strength"": ""normal"", ""aspect"": ""atmosphere"", ""source"": ""dictionary"", ""tag"": ""token"", ""start"": 2, ""end"": 4, ""is_active"": true, ""guard_reason"": null, ""term"": ""분위기 좋다"", ""category"": ""atmosphere""}, {""text"": ""음식 맛있다"", ""normalized_text"": ""음식 맛있다"", ""score"": 1.0, ""original_score"": 1.0, ""polarity"": ""positive"", ""strength"": ""normal"", ""aspect"": ""food"", ""source"": ""dictionary"", ""tag"": ""token"", ""start"": 4, ""end"": 6, ""is_active"": true, ""guard_reason"": null, ""term"": ""음식 맛있다"", ""category"": ""food""}, {""text"": ""짜다"", ""normalized_text"": ""짜다"", ""score"": -1.0, ""original_score"": -1.0, ""polarity"": ""negative"", ""strength"": ""normal"", ""aspect"": ""food"", ""source"": ""dictionary"", ""tag"": ""token"", ""start"": 1, ""end"": 2, ""is_active"": true, ""guard_reason"": null, ""term"": ""짜다"", ""category"": ""food""}, {""text"": ""적다"", ""normalized_text"": ""적다"", ""score"": -1.0, ""original_score"": -1.0, ""polarity"": ""negative"", ""strength"": ""normal"", ""aspect"": ""price"", ""source"": ""dictionary"", ""tag"": ""token"", ""start"": 74, ""end"": 75, ""is_active"": true, ""guard_reason"": null, ""term"": ""적다"", ""category"": ""price""}, {""text"": ""특별하다"", ""normalized_text"": ""특별하다"", ""score"": 1.0, ""original_score"": 1.0, ""polarity"": ""positive"", ""strength"": ""normal"", ""aspect"": ""general"", ""source"": ""dictionary"", ""tag"": ""token"", ""start"": 165, ""end"": 166, ""is_active"": true, ""guard_reason"": null, ""term"": ""특별하다"", ""category"": ""general""}, {""text"": ""음식 품질 긍정"", ""normalized_text"": ""음식 품질 긍정"", ""score"": 1.0, ""original_score"": 1.0, ""polarity"": ""positive"", ""strength"": ""normal"", ""aspect"": ""food"", ""source"": ""pattern_rule"", ""tag"": ""food_quality_positive_pattern"", ""start"": null, ""end"": null, ""is_active"": true, ""guard_reason"": null, ""term"": ""음식 품질 긍정"", ""category"": ""food""}, {""text"": ""분위기와 경험 긍정"", ""normalized_text"": ""분위기와 경험 긍정"", ""score"": 1.0, ""original_score"": 1.0, ""polarity"": ""positive"", ""strength"": ""normal"", ""aspect"": ""atmosphere"", ""source"": ""pattern_rule"", ""tag"": ""atmosphere_positive_pattern"", ""start"": null, ""end"": null, ""is_active"": true, ""guard_reason"": null, ""term"": ""분위기와 경험 긍정"", ""category"": ""atmosphere""}, {""text"": ""심각한 서비스 부정 결론"", ""normalized_text"": ""심각한 서비스 부정 결론"", ""score"": -2.0, ""original_score"": -2.0, ""polarity"": ""negative"", ""strength"": ""strong"", ""aspect"": ""service"", ""source"": ""context_guard"", ""tag"": ""active_service_negative_conclusion"", ""start"": null, ""end"": null, ""is_active"": true, ""guard_reason"": null, ""term"": ""심각한 서비스 부정 결론"", ""category"": ""service""}, {""text"": ""한참 나오다"", ""normalized_text"": ""한참 나오다"", ""score"": 0.0, ""original_score"": -1.0, ""polarity"": ""neutral"", ""strength"": ""weak"", ""aspect"": ""service"", ""source"": ""context_guard"", ""tag"": ""direct_negative_absence"", ""start"": 161, ""end"": 163, ""is_active"": false, ""guard_reason"": ""direct_negative_absence"", ""term"": ""한참 나오다"", ""category"": ""service""}, {""text"": ""불다"", ""normalized_text"": ""불다"", ""score"": 0.0, ""original_score"": -1.0, ""polarity"": ""neutral"", ""strength"": ""weak"", ""aspect"": ""general"", ""source"": ""context_guard"", ""tag"": ""blocked_risky_single_token"", ""start"": 37, ""end"": 38, ""is_active"": false, ""guard_reason"": ""blocked_risky_single_token"", ""term"": ""불다"", ""category"": ""general""}]",[],분위기 좋다:+1[token] | 음식 맛있다:+1[token] | 짜다:-1[token] | 적다:-1[token] | 특별하다:+1[token] | 음식 품질 긍정:+1[food_quality_positive_pattern] | 분위기와 경험 긍정:+1[atmosphere_positive_pattern] | 심각한 서비스 부정 결론:-2[active_service_negative_conclusion] | 한참 나오다:-1->0[direct_negative_absence] | 불다:-1->0[blocked_risky_single_token],1.0,-2.0,-1.0,2.0,0.0,0.0,0.0,0.0,1.0,음식 맛있다:+1[token] 짜다:-1[token] 음식 품질 긍정:+1[food_quality_positive_pattern],심각한 서비스 부정 결론:-2[active_service_negative_conclusion] 한참 나오다:-1->0[direct_negative_absence],적다:-1[token],분위기 좋다:+1[token] 분위기와 경험 긍정:+1[atmosphere_positive_pattern],,,,,특별하다:+1[token] 불다:-1->0[blocked_risky_single_token]
kakao,육지,"테이블 비어 있는데 치우지 않아서 손님들 1시간 넘게 대기... 들어와보니 직원들 바쁜 것도 아니고 그냥 설렁설렁 돌아다니고 있네요. 빨리빨리 치우고 손님 받으시지. 덩치 큰 건희님은 친절하십니다. K.H 불친절. + 매니저 같은 분은 외국인 둘이 말 못 알아들으니까 ""아이씨""라고 함. 별개로 삼겹살은 육즙 가득하고 쫄깃하니 맛있습니다.",테이블 비어 치우다 않다 손님 넘다 대기 들어오다 보다 직원 바쁘다 아니다 그냥 설렁설렁 돌아다니다 빨리 빨리 치우다 손님 받다 덩치 크다 건희 친절하다 불친절 매니저 같다 외국인 들다 아이 별개 삼겹살 육즙 가득하다 쫄깃하 맛있다,테이블 비어 치우다 않다 손님 넘다 대기 들어오다 보다 직원 바쁘다 아니다 그냥 설렁설렁 돌아다니다 빨리 빨리 치우다 손님 받다 덩치 크다 건희 친절하다 불친절 매니저 같다 외국인 들다 아이 별개 삼겹살 육즙 가득하다 쫄깃하 맛있다,1.0,0.0,neutral,3.03,3.03,positive_floor_blocked[active_negative_evidence],-2.03,2.03,0,0,4,4,0,1,2,2,4,3,0,0,0,0,0,0.0,2.0,-2.0,"[{""text"": ""설렁설렁"", ""normalized_text"": ""설렁설렁"", ""score"": -1.0, ""original_score"": -1.0, ""polarity"": ""negative"", ""strength"": ""normal"", ""aspect"": ""general"", ""source"": ""dictionary"", ""tag"": ""token"", ""start"": 13, ""end"": 14, ""is_active"": true, ""guard_reason"": null, ""term"": ""설렁설렁"", ""category"": ""general""}, {""text"": ""친절하다"", ""normalized_text"": ""친절하다"", ""score"": 1.0, ""original_score"": 1.0, ""polarity"": ""positive"", ""strength"": ""normal"", ""aspect"": ""service"", ""source"": ""dictionary"", ""tag"": ""token"", ""start"": 23, ""end"": 24, ""is_active"": true, ""guard_reason"": null, ""term"": ""친절하다"", ""category"": ""service""}, {""text"": ""불친절"", ""normalized_text"": ""불친절"", ""score"": -1.0, ""original_score"": -1.0, ""polarity"": ""negative"", ""strength"": ""normal"", ""aspect"": ""service"", ""source"": ""dictionary"", ""tag"": ""token"", ""start"": 24, ""end"": 25, ""is_active"": true, ""guard_reason"": null, ""term"": ""불친절"", ""category"": ""service""}, {""text"": ""가득하다"", ""normalized_text"": ""가득하다"", ""score"": 1.0, ""original_score"": 1.0, ""polarity"": ""positive"", ""strength"": ""normal"", ""aspect"": ""general"", ""source"": ""dictionary"", ""tag"": ""token"", ""start"": 33, ""end"": 34, ""is_active"": true, ""guard_reason"": null, ""term"": ""가득하다"", ""category"": ""general""}, {""text"": ""쫄깃하"", ""normalized_text"": ""쫄깃하"", ""score"": 1.0, ""original_score"": 1.0, ""polarity"": ""positive"", ""strength"": ""normal"", ""aspect"": ""food"", ""source"": ""dictionary"", ""tag"": ""token"", ""start"": 34, ""end"": 35, ""is_active"": true, ""guard_reason"": null, ""term"": ""쫄깃하"", ""category"": ""food""}, {""text"": ""맛있다"", ""normalized_text"": ""맛있다"", ""score"": 1.0, ""original_score"": 1.0, ""polarity"": ""positive"", ""strength"": ""normal"", ""aspect"": ""food"", ""source"": ""dictionary"", ""tag"": ""token"", ""start"": 35, ""end"": 36, ""is_active"": true, ""guard_reason"": null, ""term"": ""맛있다"", ""category"": ""food""}, {""text"": ""심각한 서비스 부정 결론"", ""normalized_text"": ""심각한 서비스 부정 결론"", ""score"": -2.0, ""original_score"": -2.0, ""polarity"": ""negative"", ""strength"": ""strong"", ""aspect"": ""service"", ""source"": ""context_guard"", ""tag"": ""active_service_negative_conclusion"", ""start"": null, ""end"": null, ""is_active"": true, ""guard_reason"": null, ""term"": ""심각한 서비스 부정 결론"", ""category"": ""service""}, {""text"": ""바쁘다"", ""normalized_text"": ""바쁘다"", ""score"": 0.0, ""original_score"": -1.0, ""polarity"": ""neutral"", ""strength"": ""weak"", ""aspect"": ""general"", ""source"": ""context_guard"", ""tag"": ""busy_indirect_context"", ""start"": 10, ""end"": 11, ""is_active"": false, ""guard_reason"": ""busy_indirect_context"", ""term"": ""바쁘다"", ""category"": ""general""}, {""text"": ""크다"", ""normalized_text"": ""크다"", ""score"": 0.0, ""original_score"": 1.0, ""polarity"": ""neutral"", ""strength"": ""weak"", ""aspect"": ""general"", ""source"": ""context_guard"", ""tag"": ""size_ambiguous_context"", ""start"": 21, ""end"": 22, ""is_active"": false, ""guard_reason"": ""size_ambiguous_context"", ""term"": ""크다"", ""category"": ""general""}]",[],설렁설렁:-1[token] | 친절하다:+1[token] | 불친절:-1[token] | 가득하다:+1[token] | 쫄깃하:+1[token] | 맛있다:+1[token] | 심각한 서비스 부정 결론:-2[active_service_negative_conclusion] | 바쁘다:-1->0[busy_indirect_context] | 크다:1->0[size_ambiguous_context],2.0,-2.0,0.0,0.0,0.0,0.0,0.0,0.0,0.0,쫄깃하:+1[token] 맛있다:+1[token],친절하다:+1[token] 불친절:-1[token] 심각한 서비스 부정 결론:-2[active_service_negative_conclusion],,,,,,,설렁설렁:-1[token] 가득하다:+1[token] 바쁘다:-1->0[busy_indirect_context] 크다:1->0[size_ambiguous_context]
kakao,을밀대 본점,요새들어 면발이 많이 힘이 없어지고 너무 부드러워 진거 같습니다 ㅜ 일시적으로 그런줄 알고 3번정도 방문했는데 계속 그러네요 아쉽네여,요새 들다 면발 많이 없어지다 너무 부드럽다 지다 같다 일시 그렇다 정도 방문 계속 그렇다 아쉽다,요새 들다 면발 많이 없어지다 너무 부드럽다 지다 같다 일시 그렇다 정도 방문 계속 그렇다 아쉽다,1.0,1.0,positive,3.51,3.51,,-2.51,2.51,0,1,0,0,0,0,1,1,1,1,0,0,0,0,0,0.0,1.0,0.0,"[{""text"": ""너무 부드럽다"", ""normalized_text"": ""너무 부드럽다"", ""score"": 2.0, ""original_score"": 2.0, ""polarity"": ""positive"", ""strength"": ""strong"", ""aspect"": ""food"", ""source"": ""dictionary"", ""tag"": ""token"", ""start"": 5, ""end"": 7, ""is_active"": true, ""guard_reason"": null, ""term"": ""너무 부드럽다"", ""category"": ""food""}, {""text"": ""아쉽다"", ""normalized_text"": ""아쉽다"", ""score"": -1.0, ""original_score"": -1.0, ""polarity"": ""negative"", ""strength"": ""normal"", ""aspect"": ""general"", ""source"": ""dictionary"", ""tag"": ""token"", ""start"": 15, ""end"": 16, ""is_active"": true, ""guard_reason"": null, ""term"": ""아쉽다"", ""category"": ""general""}]",[],너무 부드럽다:+2[token] | 아쉽다:-1[token],2.0,0.0,0.0,0.0,0.0,0.0,0.0,0.0,-1.0,너무 부드럽다:+2[token],,,,,,,,아쉽다:-1[token]
kakao,뼈탄집 성수역점,두툼힌 고기에 부드러운 육질에 맛있는 간장소스 상추무침 등 가족나들이로 정말 맛있게 외식했어요 직원분들이 친절하게 구워주셔서 편하고 대접받은 휼룡한 식사였어요~~♡♡♡,두툼힌 고기 부드럽다 육질 맛있다 간장 소스 상추 무치다 가족 나들이 정말 맛있다 외식 직원 친절하다 굽다 편하다 대접받다 휼룡 식사 이다,두툼힌 고기 부드럽다 육질 맛있다 간장 소스 상추 무치다 가족 나들이 정말 맛있다 외식 직원 친절하다 굽다 편하다 대접받다 휼룡 식사 이다,2.0,8.0,positive,5.0,5.0,,-3.0,3.0,0,1,6,6,0,0,0,0,7,0,0,0,0,0,1,1.0,7.0,0.0,"[{""text"": ""고기 부드럽다"", ""normalized_text"": ""고기 부드럽다"", ""score"": 1.0, ""original_score"": 1.0, ""polarity"": ""positive"", ""strength"": ""normal"", ""aspect"": ""food"", ""source"": ""dictionary"", ""tag"": ""token"", ""start"": 1, ""end"": 3, ""is_active"": true, ""guard_reason"": null, ""term"": ""고기 부드럽다"", ""category"": ""food""}, {""text"": ""정말 맛있다"", ""normalized_text"": ""정말 맛있다"", ""score"": 2.0, ""original_score"": 2.0, ""polarity"": ""positive"", ""strength"": ""strong"", ""aspect"": ""food"", ""source"": ""dictionary"", ""tag"": ""token"", ""start"": 11, ""end"": 13, ""is_active"": true, ""guard_reason"": null, ""term"": ""정말 맛있다"", ""category"": ""food""}, {""text"": ""직원 친절하다"", ""normalized_text"": ""직원 친절하다"", ""score"": 1.0, ""original_score"": 1.0, ""polarity"": ""positive"", ""strength"": ""normal"", ""aspect"": ""service"", ""source"": ""dictionary"", ""tag"": ""token"", ""start"": 14, ""end"": 16, ""is_active"": true, ""guard_reason"": null, ""term"": ""직원 친절하다"", ""category"": ""service""}, {""text"": ""편하다"", ""normalized_text"": ""편하다"", ""score"": 1.0, ""original_score"": 1.0, ""polarity"": ""positive"", ""strength"": ""normal"", ""aspect"": ""atmosphere"", ""source"": ""dictionary"", ""tag"": ""token"", ""start"": 17, ""end"": 18, ""is_active"": true, ""guard_reason"": null, ""term"": ""편하다"", ""category"": ""atmosphere""}, {""text"": ""대접받다"", ""normalized_text"": ""대접받다"", ""score"": 1.0, ""original_score"": 1.0, ""polarity"": ""positive"", ""strength"": ""normal"", ""aspect"": ""service"", ""source"": ""dictionary"", ""tag"": ""token"", ""start"": 18, ""end"": 19, ""is_active"": true, ""guard_reason"": null, ""term"": ""대접받다"", ""category"": ""service""}, {""text"": ""휼룡"", ""normalized_text"": ""휼룡"", ""score"": 1.0, ""original_score"": 1.0, ""polarity"": ""positive"", ""strength"": ""normal"", ""aspect"": ""general"", ""source"": ""dictionary"", ""tag"": ""token"", ""start"": 19, ""end"": 20, ""is_active"": true, ""guard_reason"": null, ""term"": ""휼룡"", ""category"": ""general""}, {""text"": ""음식 품질 긍정"", ""normalized_text"": ""음식 품질 긍정"", ""score"": 1.0, ""original_score"": 1.0, ""polarity"": ""positive"", ""strength"": ""normal"", ""aspect"": ""food"", ""source"": ""pattern_rule"", ""tag"": ""food_quality_positive_pattern"", ""start"": null, ""end"": null, ""is_active"": true, ""guard_reason"": null, ""term"": ""음식 품질 긍정"", ""category"": ""food""}, {""text"": ""맛있다"", ""normalized_text"": ""맛있다"", ""score"": 0.0, ""original_score"": 1.0, ""polarity"": ""neutral"", ""strength"": ""weak"", ""aspect"": ""food"", ""source"": ""context_guard"", ""tag"": ""suppressed_by_phrase_rule"", ""start"": 4, ""end"": 5, ""is_active"": false, ""guard_reason"": ""suppressed_by_phrase_rule"", ""term"": ""맛있다"", ""category"": ""food""}]",[],고기 부드럽다:+1[token] | 정말 맛있다:+2[token] | 직원 친절하다:+1[token] | 편하다:+1[token] | 대접받다:+1[token] | 휼룡:+1[token] | 음식 품질 긍정:+1[food_quality_positive_pattern] | 맛있다:1->0[suppressed_by_phrase_rule],4.0,2.0,0.0,1.0,0.0,0.0,0.0,0.0,1.0,고기 부드럽다:+1[token] 정말 맛있다:+2[token] 음식 품질 긍정:+1[food_quality_positive_pattern] 맛있다:1->0[suppressed_by_phrase_rule],직원 친절하다:+1[token] 대접받다:+1[token],,편하다:+1[token],,,,,휼룡:+1[token]
kakao,성수족발,음 맛잇을때가 잇고 그저그럴때가 있는듯? 평소엔 걍 존맛 입에서 살살녹아요; 여기꺼 먹으면 딴데꺼 못먹어요..그렇게 되고 싶으면 먹으세요.. 글고 돼지털도 잇어요 혹시 예민한 사람이면 싫어할듯,잇다 잇다 그저 그렇다 평소 존맛 살살 녹다 여기다 먹다 따다 먹다 그렇게 싶다 먹다 돼지 털다 잇다 혹시 예민하다 사람 이면 싫어하다,잇다 잇다 그저 그렇다 평소 존맛 살살 녹다 여기다 먹다 따다 먹다 그렇게 싶다 먹다 돼지 털다 잇다 혹시 예민하다 사람 이면 싫어하다,5.0,-1.0,negative,2.66,2.66,,2.34,2.34,0,1,2,2,0,1,3,3,3,4,0,0,0,0,0,0.0,1.0,-2.0,"[{""text"": ""그저 그렇다"", ""normalized_text"": ""그저 그렇다"", ""score"": -1.0, ""original_score"": -1.0, ""polarity"": ""negative"", ""strength"": ""normal"", ""aspect"": ""general"", ""source"": ""dictionary"", ""tag"": ""token"", ""start"": 2, ""end"": 4, ""is_active"": true, ""guard_reason"": null, ""term"": ""그저 그렇다"", ""category"": ""general""}, {""text"": ""존맛"", ""normalized_text"": ""존맛"", ""score"": 2.0, ""original_score"": 2.0, ""polarity"": ""positive"", ""strength"": ""strong"", ""aspect"": ""food"", ""source"": ""dictionary"", ""tag"": ""token"", ""start"": 5, ""end"": 6, ""is_active"": true, ""guard_reason"": null, ""term"": ""존맛"", ""category"": ""food""}, {""text"": ""살살"", ""normalized_text"": ""살살"", ""score"": 1.0, ""original_score"": 1.0, ""polarity"": ""positive"", ""strength"": ""normal"", ""aspect"": ""food"", ""source"": ""dictionary"", ""tag"": ""token"", ""start"": 6, ""end"": 7, ""is_active"": true, ""guard_reason"": null, ""term"": ""살살"", ""category"": ""food""}, {""text"": ""녹다"", ""normalized_text"": ""녹다"", ""score"": 1.0, ""original_score"": 1.0, ""polarity"": ""positive"", ""strength"": ""normal"", ""aspect"": ""food"", ""source"": ""dictionary"", ""tag"": ""token"", ""start"": 7, ""end"": 8, ""is_active"": true, ""guard_reason"": null, ""term"": ""녹다"", ""category"": ""food""}, {""text"": ""예민하다"", ""normalized_text"": ""예민하다"", ""score"": -1.0, ""original_score"": -1.0, ""polarity"": ""negative"", ""strength"": ""normal"", ""aspect"": ""general"", ""source"": ""dictionary"", ""tag"": ""token"", ""start"": 19, ""end"": 20, ""is_active"": true, ""guard_reason"": null, ""term"": ""예민하다"", ""category"": ""general""}, {""text"": ""싫어하다"", ""normalized_text"": ""싫어하다"", ""score"": -1.0, ""original_score"": -1.0, ""polarity"": ""negative"", ""strength"": ""normal"", ""aspect"": ""general"", ""source"": ""dictionary"", ""tag"": ""token"", ""start"": 22, ""end"": 23, ""is_active"": true, ""guard_reason"": null, ""term"": ""싫어하다"", ""category"": ""general""}, {""text"": ""명시적 위생 문제"", ""normalized_text"": ""명시적 위생 문제"", ""score"": -2.0, ""original_score"": -2.0, ""polarity"": ""negative"", ""strength"": ""strong"", ""aspect"": ""hygiene"", ""source"": ""context_guard"", ""tag"": ""active_hygiene_negative_conclusion"", ""start"": null, ""end"": null, ""is_active"": true, ""guard_reason"": null, ""term"": ""명시적 위생 문제"", ""category"": ""hygiene""}]",[],그저 그렇다:-1[token] | 존맛:+2[token] | 살살:+1[token] | 녹다:+1[token] | 예민하다:-1[token] | 싫어하다:-1[token] | 명시적 위생 문제:-2[active_hygiene_negative_conclusion],4.0,0.0,0.0,0.0,0.0,0.0,0.0,-2.0,-3.0,존맛:+2[token] 살살:+1[token] 녹다:+1[token],,,,,,,명시적 위생 문제:-2[active_hygiene_negative_conclusion],그저 그렇다:-1[token] 예민하다:-1[token] 싫어하다:-1[token]
kakao,소문난성수감자탕,아구힘 센 분이라면 뼈해장국 추천. 저는 뜯다가 국물이 좀 식었는데 음식이 식으면서 누린내가 꽤 났습니다. 우거지도 많이 주문하시던데 우거지 좀 궁금하네요. 허나 너무 바쁜 매장이라 먹을 수 있을지 걱정.,아구 세다 불다 해장국 추천 뜯다 국물 식다 음식 식다 누리다 나다 우거지 많이 주문 우거지 궁금하다 허다 너무 바쁘다 매장 먹다 걱정,아구 세다 불다 해장국 추천 뜯다 국물 식다 음식 식다 누린내 우거지 많이 주문 우거지 궁금하다 허다 너무 바쁘다 매장 먹다 걱정,4.0,-3.0,negative,1.69,1.69,,2.31,2.31,0,0,1,1,0,1,2,2,1,3,0,1,0,0,0,0.0,-1.0,-2.0,"[{""text"": ""추천"", ""normalized_text"": ""추천"", ""score"": 1.0, ""original_score"": 1.0, ""polarity"": ""positive"", ""strength"": ""normal"", ""aspect"": ""recommendation"", ""source"": ""dictionary"", ""tag"": ""token"", ""start"": 4, ""end"": 5, ""is_active"": true, ""guard_reason"": null, ""term"": ""추천"", ""category"": ""recommendation""}, {""text"": ""식다"", ""normalized_text"": ""식다"", ""score"": -1.0, ""original_score"": -1.0, ""polarity"": ""negative"", ""strength"": ""normal"", ""aspect"": ""food"", ""source"": ""dictionary"", ""tag"": ""token"", ""start"": 7, ""end"": 8, ""is_active"": true, ""guard_reason"": null, ""term"": ""식다"", ""category"": ""food""}, {""text"": ""누린내"", ""normalized_text"": ""누린내"", ""score"": -1.0, ""original_score"": -1.0, ""polarity"": ""negative"", ""strength"": ""normal"", ""aspect"": ""food"", ""source"": ""dictionary"", ""tag"": ""token"", ""start"": 10, ""end"": 11, ""is_active"": true, ""guard_reason"": null, ""term"": ""누린내"", ""category"": ""food""}, {""text"": ""명시적 음식 부정 결론"", ""normalized_text"": ""명시적 음식 부정 결론"", ""score"": -2.0, ""original_score"": -2.0, ""polarity"": ""negative"", ""strength"": ""strong"", ""aspect"": ""food"", ""source"": ""context_guard"", ""tag"": ""active_food_negative_conclusion"", ""start"": null, ""end"": null, ""is_active"": true, ""guard_reason"": null, ""term"": ""명시적 음식 부정 결론"", ""category"": ""food""}, {""text"": ""불다"", ""normalized_text"": ""불다"", ""score"": 0.0, ""original_score"": -1.0, ""polarity"": ""neutral"", ""strength"": ""weak"", ""aspect"": ""general"", ""source"": ""context_guard"", ""tag"": ""blocked_risky_single_token"", ""start"": 2, ""end"": 3, ""is_active"": false, ""guard_reason"": ""blocked_risky_single_token"", ""term"": ""불다"", ""category"": ""general""}, {""text"": ""바쁘다"", ""normalized_text"": ""바쁘다"", ""score"": 0.0, ""original_score"": -1.0, ""polarity"": ""neutral"", ""strength"": ""weak"", ""aspect"": ""general"", ""source"": ""context_guard"", ""tag"": ""busy_indirect_context"", ""start"": 18, ""end"": 19, ""is_active"": false, ""guard_reason"": ""busy_indirect_context"", ""term"": ""바쁘다"", ""category"": ""general""}, {""text"": ""걱정"", ""normalized_text"": ""걱정"", ""score"": 0.0, ""original_score"": -1.0, ""polarity"": ""neutral"", ""strength"": ""weak"", ""aspect"": ""general"", ""source"": ""context_guard"", ""tag"": ""indirect_concern_context"", ""start"": 21, ""end"": 22, ""is_active"": false, ""guard_reason"": ""indirect_concern_context"", ""term"": ""걱정"", ""category"": ""general""}]",[],추천:+1[token] | 식다:-1[token] | 누린내:-1[token] | 명시적 음식 부정 결론:-2[active_food_negative_conclusion] | 불다:-1->0[blocked_risky_single_token] | 바쁘다:-1->0[busy_indirect_context] | 걱정:-1->0[indirect_concern_context],-4.0,0.0,0.0,0.0,0.0,0.0,1.0,0.0,0.0,식다:-1[token] 누린내:-1[token] 명시적 음식 부정 결론:-2[active_food_negative_conclusion],,,,,,추천:+1[token],,불다:-1->0[blocked_risky_single_token] 바쁘다:-1->0[busy_indirect_context] 걱정:-1->0[indirect_concern_context]
kakao,소문난성수감자탕,맛있는 음식을 찾아 땡전을 꼬나박고 있는 중생들에게 뼈해장국 찐 맛집을 알려주마.. 진짜 맛집은 경기도 광주 시내에 있다 1인분짜리 해장국 시키면 쓸데없이 안맵고 뼈고기 부드럽고 양도 많다 보건소 건너편에 있는 전주감자탕 그 작은 경기도 광주 시내에 지점이 두개나 있다 중생들아 걱정말거라 너희의 사돈에 팔촌까지 합친 전재산보다 내가 먹을꺼에 쓴 비용이 훨씬 많으니..ㅎㅎ,맛있다 음식 찾다 땡전 꼬나박 중생 해장국 찌다 맛집 알다 진짜 맛집 경기도 광주 시내 인분 짜다 해장국 시키다 쓸데없이 매다 고기 부드럽다 양도 많다 보건소 건너편 전주 감자탕 작다 경기도 광주 시내 지점 중생 걱정 말다 너희 사돈 합치다 재산 먹다 쓸다 비용 훨씬 많다,맛있다 음식 찾다 땡전 꼬나박 중생 해장국 찌다 맛집 알다 진짜 맛집 경기도 광주 시내 인분 짜다 해장국 시키다 쓸데없이 매다 고기 부드럽다 양도 많다 보건소 건너편 전주 감자탕 작다 경기도 광주 시내 지점 중생 걱정 말다 너희 사돈 합치다 재산 먹다 쓸다 비용 훨씬 많다,1.0,1.0,positive,3.27,3.27,,-2.27,2.27,0,0,2,2,0,0,1,1,2,1,0,0,0,0,1,1.0,0.0,0.0,"[{""text"": ""양도 많다"", ""normalized_text"": ""양도 많다"", ""score"": 1.0, ""original_score"": 1.0, ""polarity"": ""positive"", ""strength"": ""normal"", ""aspect"": ""price"", ""source"": ""dictionary"", ""tag"": ""token"", ""start"": 23, ""end"": 25, ""is_active"": true, ""guard_reason"": null, ""term"": ""양도 많다"", ""category"": ""price""}, {""text"": ""짜다"", ""normalized_text"": ""짜다"", ""score"": -1.0, ""original_score"": -1.0, ""polarity"": ""negative"", ""strength"": ""normal"", ""aspect"": ""food"", ""source"": ""dictionary"", ""tag"": ""token"", ""start"": 16, ""end"": 17, ""is_active"": true, ""guard_reason"": null, ""term"": ""짜다"", ""category"": ""food""}, {""text"": ""양이 넉넉하다"", ""normalized_text"": ""양이 넉넉하다"", ""score"": 1.0, ""original_score"": 1.0, ""polarity"": ""positive"", ""strength"": ""normal"", ""aspect"": ""food"", ""source"": ""pattern_rule"", ""tag"": ""large_portion_pattern"", ""start"": null, ""end"": null, ""is_active"": true, ""guard_reason"": null, ""term"": ""양이 넉넉하다"", ""category"": ""food""}, {""text"": ""진짜 맛집"", ""normalized_text"": ""진짜 맛집"", ""score"": 0.0, ""original_score"": 2.0, ""polarity"": ""neutral"", ""strength"": ""weak"", ""aspect"": ""food"", ""source"": ""context_guard"", ""tag"": ""other_target_positive"", ""start"": 10, ""end"": 12, ""is_active"": false, ""guard_reason"": ""other_target_positive"", ""term"": ""진짜 맛집"", ""category"": ""food""}, {""text"": ""고기 부드럽다"", ""normalized_text"": ""고기 부드럽다"", ""score"": 0.0, ""original_score"": 1.0, ""polarity"": ""neutral"", ""strength"": ""weak"", ""aspect"": ""food"", ""source"": ""context_guard"", ""tag"": ""other_target_positive"", ""start"": 21, ""end"": 23, ""is_active"": false, ""guard_reason"": ""other_target_positive"", ""term"": ""고기 부드럽다"", ""category"": ""food""}, {""text"": ""맛있다"", ""normalized_text"": ""맛있다"", ""score"": 0.0, ""original_score"": 1.0, ""polarity"": ""neutral"", ""strength"": ""weak"", ""aspect"": ""food"", ""source"": ""context_guard"", ""tag"": ""other_target_positive"", ""start"": 0, ""end"": 1, ""is_active"": false, ""guard_reason"": ""other_target_positive"", ""term"": ""맛있다"", ""category"": ""food""}, {""text"": ""맛집"", ""normalized_text"": ""맛집"", ""score"": 0.0, ""original_score"": 1.0, ""polarity"": ""neutral"", ""strength"": ""weak"", ""aspect"": ""food"", ""source"": ""context_guard"", ""tag"": ""other_target_positive"", ""start"": 8, ""end"": 9, ""is_active"": false, ""guard_reason"": ""other_target_positive"", ""term"": ""맛집"", ""category"": ""food""}, {""text"": ""걱정"", ""normalized_text"": ""걱정"", ""score"": 0.0, ""original_score"": -1.0, ""polarity"": ""neutral"", ""strength"": ""weak"", ""aspect"": ""general"", ""source"": ""context_guard"", ""tag"": ""indirect_concern_context"", ""start"": 35, ""end"": 36, ""is_active"": false, ""guard_reason"": ""indirect_concern_context"", ""term"": ""걱정"", ""category"": ""general""}]",[],양도 많다:+1[token] | 짜다:-1[token] | 양이 넉넉하다:+1[large_portion_pattern] | 진짜 맛집:2->0[other_target_positive] | 고기 부드럽다:1->0[other_target_positive] | 맛있다:1->0[other_target_positive] | 맛집:1->0[other_target_positive] | 걱정:-1->0[indirect_concern_context],0.0,0.0,1.0,0.0,0.0,0.0,0.0,0.0,0.0,짜다:-1[token] 양이 넉넉하다:+1[large_portion_pattern] 진짜 맛집:2->0[other_target_positive] 고기 부드럽다:1->0[other_target_positive] 맛있다:1->0[other_target_positive] 맛집:1->0[other_target_positive],,양도 많다:+1[token],,,,,,걱정:-1->0[indirect_concern_context]
kakao,소문난성수감자탕,"2025년 07월 31일 - 새벽 2:30 야~~~~ 그놈 솔직히 말씀드리면, 너무 시끄려워 이곳이 술을 함께 파는 음식점이라는 건 알고 있지만, 그래도 공공장소입니다. 다른 손님들도 함께 있는 공간인 만큼, 최소한의 예의는 지켜야 한다고 생각합니다. 제발 목소리를 낮춰 주세요. 당신의 사업 이야기를 듣고 싶어 하는 사람은 주변에 없습니다. 함께 술 마시는 사람들에게만 들릴 정도로 이야기해 주세요. 오늘 이 가게에 세 번째 방문인데, 소음이 너무 심해서 식사 도중에 속이 울렁거릴 정도였습니다. 이건 너무 무례한 행동입니다. 직원분들께 부탁드립니다. 목소리가 지나치게 크고 다른 손님들에게 불편을 주는 경우, 꼭 조용히 주의를 주시기 바랍니다. 이런 부분이 관리되지 않으면, 다시 방문하기 어려울 것 같습니다.",새벽 솔직하다 말씀드리다 너무 끄다 함께 팔다 음식점 그래도 공공장소 이다 다른 손님 함께 공간 만큼 최소한 예의 지키다 생각 제발 목소리 낮추다 줄다 당신 사업 이야기 듣다 싶다 사람 주변 함께 마시다 사람 들리다 정도 이야기 줄다 오늘 가게 방문 소음 너무 심하다 식사 도중 속이다 울렁거리다 정도 이다 너무 무례하다 행동 이다 직원 부탁드리다 목소리 지나치다 크다 다른 손님 불편 주다 경우 조용하다 주의 시기 바라다 이렇다 부분 관리 않다 다시 방문 어리다 같다,새벽 솔직하다 말씀드리다 너무 끄다 함께 팔다 음식점 그래도 공공장소 이다 다른 손님 함께 공간 만큼 최소한 예의 지키다 생각 제발 목소리 낮추다 줄다 당신 사업 이야기 듣다 싶다 사람 주변 함께 마시다 사람 들리다 정도 이야기 줄다 오늘 가게 방문 소음 너무 심하다 식사 도중 속이다 울렁거리다 정도 이다 너무 무례하다 행동 이다 직원 부탁드리다 목소리 지나치다 크다 다른 손님 불편 주다 경우 조용하다 주의 시기 바라다 이렇다 부분 관리 않다 다시 방문 어리다 같다,5.0,-4.0,negative,1.32,1.32,,3.6799999999999997,3.6799999999999997,0,0,1,1,0,1,3,3,1,4,0,0,0,0,0,0.0,-2.0,-2.0,"[{""text"": ""심하다"", ""normalized_text"": ""심하다"", ""score"": -1.0, ""original_score"": -1.0, ""polarity"": ""negative"", ""strength"": ""normal"", ""aspect"": ""general"", ""source"": ""dictionary"", ""tag"": ""token"", ""start"": 43, ""end"": 44, ""is_active"": true, ""guard_reason"": null, ""term"": ""심하다"", ""category"": ""general""}, {""text"": ""무례하다"", ""normalized_text"": ""무례하다"", ""score"": -1.0, ""original_score"": -1.0, ""polarity"": ""negative"", ""strength"": ""normal"", ""aspect"": ""service"", ""source"": ""dictionary"", ""tag"": ""token"", ""start"": 51, ""end"": 52, ""is_active"": true, ""guard_reason"": null, ""term"": ""무례하다"", ""category"": ""service""}, {""text"": ""불편"", ""normalized_text"": ""불편"", ""score"": -1.0, ""original_score"": -1.0, ""polarity"": ""negative"", ""strength"": ""normal"", ""aspect"": ""general"", ""source"": ""dictionary"", ""tag"": ""token"", ""start"": 61, ""end"": 62, ""is_active"": true, ""guard_reason"": null, ""term"": ""불편"", ""category"": ""general""}, {""text"": ""조용하다"", ""normalized_text"": ""조용하다"", ""score"": 1.0, ""original_score"": 1.0, ""polarity"": ""positive"", ""strength"": ""normal"", ""aspect"": ""atmosphere"", ""source"": ""dictionary"", ""tag"": ""token"", ""start"": 64, ""end"": 65, ""is_active"": true, ""guard_reason"": null, ""term"": ""조용하다"", ""category"": ""atmosphere""}, {""text"": ""심각한 서비스 부정 결론"", ""normalized_text"": ""심각한 서비스 부정 결론"", ""score"": -2.0, ""original_score"": -2.0, ""polarity"": ""negative"", ""strength"": ""strong"", ""aspect"": ""service"", ""source"": ""context_guard"", ""tag"": ""active_service_negative_conclusion"", ""start"": null, ""end"": null, ""is_active"": true, ""guard_reason"": null, ""term"": ""심각한 서비스 부정 결론"", ""category"": ""service""}, {""text"": ""말씀드리다"", ""normalized_text"": ""말씀드리다"", ""score"": 0.0, ""original_score"": 0.0, ""polarity"": ""neutral"", ""strength"": ""weak"", ""aspect"": ""service"", ""source"": ""dictionary"", ""tag"": ""token"", ""start"": 2, ""end"": 3, ""is_active"": false, ""guard_reason"": null, ""term"": ""말씀드리다"", ""category"": ""service""}, {""text"": ""크다"", ""normalized_text"": ""크다"", ""score"": 0.0, ""original_score"": 1.0, ""polarity"": ""neutral"", ""strength"": ""weak"", ""aspect"": ""general"", ""source"": ""context_guard"", ""tag"": ""noise_context"", ""start"": 58, ""end"": 59, ""is_active"": false, ""guard_reason"": ""noise_context"", ""term"": ""크다"", ""category"": ""general""}]",[],심하다:-1[token] | 무례하다:-1[token] | 불편:-1[token] | 조용하다:+1[token] | 심각한 서비스 부정 결론:-2[active_service_negative_conclusion] | 말씀드리다:0[token] | 크다:1->0[noise_context],0.0,-3.0,0.0,1.0,0.0,0.0,0.0,0.0,-2.0,,무례하다:-1[token] 심각한 서비스 부정 결론:-2[active_service_negative_conclusion] 말씀드리다:0[token],,조용하다:+1[token],,,,,심하다:-1[token] 불편:-1[token] 크다:1->0[noise_context]
kakao,태양곱창 성수,"진짜 명관은 홍보 같은거 안하죠. 여기는 인스타, 블러그,리뷰조작질 어마어마 합니다. 역대급임.. 임대비,천문학적 홍보비 지출인 매장인데 음식,서비스,인테리어 품질이 좋을수가 없죠, 결국 다 소비자만 손해보는것",진짜 명관 홍보 같다 여기다 인스타 블러 리뷰 작다 역대 대비 천문학 홍보 지출 매장 음식 서비스 인테리어 품질 좋다 결국 소비자 해보다,진짜 명관 홍보 같다 여기다 인스타 블러 리뷰 작다 역대 대비 천문학 홍보 지출 매장 음식 서비스 인테리어 품질 좋다 결국 소비자 해보다,1.0,1.0,positive,3.22,3.22,,-2.22,2.22,0,0,1,1,0,0,0,0,1,0,0,0,0,0,1,1.0,0.0,0.0,"[{""text"": ""분위기와 경험 긍정"", ""normalized_text"": ""분위기와 경험 긍정"", ""score"": 1.0, ""original_score"": 1.0, ""polarity"": ""positive"", ""strength"": ""normal"", ""aspect"": ""atmosphere"", ""source"": ""pattern_rule"", ""tag"": ""atmosphere_positive_pattern"", ""start"": null, ""end"": null, ""is_active"": true, ""guard_reason"": null, ""term"": ""분위기와 경험 긍정"", ""category"": ""atmosphere""}, {""text"": ""좋다"", ""normalized_text"": ""좋다"", ""score"": 0.0, ""original_score"": 1.0, ""polarity"": ""neutral"", ""strength"": ""weak"", ""aspect"": ""general"", ""source"": ""context_guard"", ""tag"": ""suppressed_by_phrase_rule"", ""start"": 19, ""end"": 20, ""is_active"": false, ""guard_reason"": ""suppressed_by_phrase_rule"", ""term"": ""좋다"", ""category"": ""general""}]",[],분위기와 경험 긍정:+1[atmosphere_positive_pattern] | 좋다:1->0[suppressed_by_phrase_rule],0.0,0.0,0.0,1.0,0.0,0.0,0.0,0.0,0.0,,,,분위기와 경험 긍정:+1[atmosphere_positive_pattern],,,,,좋다:1->0[suppressed_by_phrase_rule]
kakao,할머니의레시피,음식 잘 나오고 여자 직원분은 친절함 (다른 리뷰처럼 남자 사장은 불친절). 테이블 간격이 너무 좁아 정신없음,음식 자다 나오다 여자 직원 친절하다 다른 리뷰 남자 사장 불친절 테이블 간격 너무 좁다 정신,음식 자다 나오다 여자 직원 친절하다 다른 리뷰 남자 사장 불친절 테이블 간격 너무 좁다 정신,4.0,-4.0,negative,1.74,1.74,,2.26,2.26,0,0,1,1,0,2,1,1,1,3,0,0,0,0,0,0.0,-2.0,-2.0,"[{""text"": ""직원 친절하다"", ""normalized_text"": ""직원 친절하다"", ""score"": 1.0, ""original_score"": 1.0, ""polarity"": ""positive"", ""strength"": ""normal"", ""aspect"": ""service"", ""source"": ""dictionary"", ""tag"": ""token"", ""start"": 4, ""end"": 6, ""is_active"": true, ""guard_reason"": null, ""term"": ""직원 친절하다"", ""category"": ""service""}, {""text"": ""너무 좁다"", ""normalized_text"": ""너무 좁다"", ""score"": -2.0, ""original_score"": -2.0, ""polarity"": ""negative"", ""strength"": ""strong"", ""aspect"": ""atmosphere"", ""source"": ""dictionary"", ""tag"": ""token"", ""start"": 13, ""end"": 15, ""is_active"": true, ""guard_reason"": null, ""term"": ""너무 좁다"", ""category"": ""atmosphere""}, {""text"": ""불친절"", ""normalized_text"": ""불친절"", ""score"": -1.0, ""original_score"": -1.0, ""polarity"": ""negative"", ""strength"": ""normal"", ""aspect"": ""service"", ""source"": ""dictionary"", ""tag"": ""token"", ""start"": 10, ""end"": 11, ""is_active"": true, ""guard_reason"": null, ""term"": ""불친절"", ""category"": ""service""}, {""text"": ""심각한 서비스 부정 결론"", ""normalized_text"": ""심각한 서비스 부정 결론"", ""score"": -2.0, ""original_score"": -2.0, ""polarity"": ""negative"", ""strength"": ""strong"", ""aspect"": ""service"", ""source"": ""context_guard"", ""tag"": ""active_service_negative_conclusion"", ""start"": null, ""end"": null, ""is_active"": true, ""guard_reason"": null, ""term"": ""심각한 서비스 부정 결론"", ""category"": ""service""}]",[],직원 친절하다:+1[token] | 너무 좁다:-2[token] | 불친절:-1[token] | 심각한 서비스 부정 결론:-2[active_service_negative_conclusion],0.0,-2.0,0.0,-2.0,0.0,0.0,0.0,0.0,0.0,,직원 친절하다:+1[token] 불친절:-1[token] 심각한 서비스 부정 결론:-2[active_service_negative_conclusion],,너무 좁다:-2[token],,,,,
kakao,훼미리손칼국수보쌈,"요즘 세상에 웨이팅 장부 없는 가게이고 차량 대로변에 다른가게 피해가게 줄 세워놓는 가게도 처음본다 가게 입구에 안내문 붙여놓지 손님끼리 기다리는법 서로 물어봄 사장이 외국인을 애정하시는지 식사 중 왔던 유럽인.일본인에게는 계란부친거 ""써뷔쓰으~~""하면서 되도 않는 영어 쓰시며 주시더라 식대지불한 음식이라도 제대로 주면 다른건 상관없는데 외국인들은 고기 상태 좋은쪽 곱게 썰어서 주고 한국인 테이블엔 고기 잔 부스레기 +비계 잔뜩 외국인들 대접해주는건 좋게 보이는데 기존 다니던 손님 음식은 개밥처럼 주고..정 떨어져서 가기 싫어짐 칼국수 국물은 주다말은것처럼 주신다 칼국수 이렇게 맛없게 끓이는것도 재능이고 배추랑 고기 맛있음 서빙하는 아줌마 손님이 추가주문 하면 허공에 외치고 그리 바쁜데 다른 인력들이 그게 들릴리 없음 .가져다주는지 눈치 좀 보다가 아줌마가 가져다 주시던데 웃기심",요즘 세상 웨이 장부 가게 차량 대로 가게 피해 가게 세우다 가게 처음 보다 가게 입구 물다 붙이다 손님 끼리 기다리다 서로 물어보다 사장 외국인 애정 식사 오다 유럽인 일본인 계란 부치다 써뷔쓰으 않다 영어 쓰시 주다 식대 지불 음식 제대로 주다 다르다 상관없다 외국인 고기 상태 좋다 썰다 주다 한국인 테이블 고기 부스 레기 비계 잔뜩 외국 대접 해주다 좋다 보이다 기존 다니다 손님 음식 개밥 주다 떨어지다 가기 싫어지다 칼국수 국물 주다 주다 칼국수 이렇게 맛없다 끓이다 재능 배추 고기 맛있다 서빙 아줌마 손님 추가 주문 허공 외치 그리다 바쁘다 다른 인력 그게 들리다 가져다주다 눈치 보다 아줌마 가다 주다 웃기,요즘 세상 웨이 장부 가게 차량 대로 가게 피해 가게 세우다 가게 처음 보다 가게 입구 물다 붙이다 손님 끼리 기다리다 서로 물어보다 사장 외국인 애정 식사 오다 유럽인 일본인 계란 부치다 써뷔쓰으 않다 영어 쓰시 주다 식대 지불 음식 제대로 주다 다르다 상관없다 외국인 고기 상태 좋다 썰다 주다 한국인 테이블 고기 부스 레기 비계 잔뜩 외국 대접 해주다 좋다 보이다 기존 다니다 손님 음식 개밥 주다 떨어지다 가기 싫어지다 칼국수 국물 주다 주다 칼국수 이렇게 맛없다 끓이다 재능 배추 고기 맛있다 서빙 아줌마 손님 추가 주문 허공 외치 그리다 바쁘다 다른 인력 그게 들리다 가져다주다 눈치 보다 아줌마 가다 주다 웃기,4.0,-3.0,negative,1.9,1.9,positive_floor_blocked[active_negative_evidence],2.1,2.1,0,0,3,3,0,2,2,2,3,4,0,0,0,0,2,2.0,-3.0,-2.0,"[{""text"": ""고기 맛있다"", ""normalized_text"": ""고기 맛있다"", ""score"": 1.0, ""original_score"": 1.0, ""polarity"": ""positive"", ""strength"": ""normal"", ""aspect"": ""food"", ""source"": ""dictionary"", ""tag"": ""token"", ""start"": 81, ""end"": 83, ""is_active"": true, ""guard_reason"": null, ""term"": ""고기 맛있다"", ""category"": ""food""}, {""text"": ""떨어지다"", ""normalized_text"": ""떨어지다"", ""score"": -1.0, ""original_score"": -1.0, ""polarity"": ""negative"", ""strength"": ""normal"", ""aspect"": ""general"", ""source"": ""dictionary"", ""tag"": ""token"", ""start"": 68, ""end"": 69, ""is_active"": true, ""guard_reason"": null, ""term"": ""떨어지다"", ""category"": ""general""}, {""text"": ""싫어지다"", ""normalized_text"": ""싫어지다"", ""score"": -1.0, ""original_score"": -1.0, ""polarity"": ""negative"", ""strength"": ""normal"", ""aspect"": ""general"", ""source"": ""dictionary"", ""tag"": ""token"", ""start"": 70, ""end"": 71, ""is_active"": true, ""guard_reason"": null, ""term"": ""싫어지다"", ""category"": ""general""}, {""text"": ""맛없다"", ""normalized_text"": ""맛없다"", ""score"": -2.0, ""original_score"": -2.0, ""polarity"": ""negative"", ""strength"": ""strong"", ""aspect"": ""food"", ""source"": ""dictionary"", ""tag"": ""token"", ""start"": 77, ""end"": 78, ""is_active"": true, ""guard_reason"": null, ""term"": ""맛없다"", ""category"": ""food""}, {""text"": ""음식 품질 긍정"", ""normalized_text"": ""음식 품질 긍정"", ""score"": 1.0, ""original_score"": 1.0, ""polarity"": ""positive"", ""strength"": ""normal"", ""aspect"": ""food"", ""source"": ""pattern_rule"", ""tag"": ""food_quality_positive_pattern"", ""start"": null, ""end"": null, ""is_active"": true, ""guard_reason"": null, ""term"": ""음식 품질 긍정"", ""category"": ""food""}, {""text"": ""맛있음"", ""normalized_text"": ""맛있음"", ""score"": 1.0, ""original_score"": 1.0, ""polarity"": ""positive"", ""strength"": ""normal"", ""aspect"": ""food"", ""source"": ""phrase_rule"", ""tag"": ""food_positive_phrase"", ""start"": null, ""end"": null, ""is_active"": true, ""guard_reason"": null, ""term"": ""맛있음"", ""category"": ""food""}, {""text"": ""명시적 음식 부정 결론"", ""normalized_text"": ""명시적 음식 부정 결론"", ""score"": -2.0, ""original_score"": -2.0, ""polarity"": ""negative"", ""strength"": ""strong"", ""aspect"": ""food"", ""source"": ""context_guard"", ""tag"": ""active_food_negative_conclusion"", ""start"": null, ""end"": null, ""is_active"": true, ""guard_reason"": null, ""term"": ""명시적 음식 부정 결론"", ""category"": ""food""}, {""text"": ""좋다"", ""normalized_text"": ""좋다"", ""score"": 0.0, ""original_score"": 1.0, ""polarity"": ""neutral"", ""strength"": ""weak"", ""aspect"": ""general"", ""source"": ""context_guard"", ""tag"": ""suppressed_by_phrase_rule"", ""start"": 47, ""end"": 48, ""is_active"": false, ""guard_reason"": ""suppressed_by_phrase_rule"", ""term"": ""좋다"", ""category"": ""general""}, {""text"": ""바쁘다"", ""normalized_text"": ""바쁘다"", ""score"": 0.0, ""original_score"": -1.0, ""polarity"": ""neutral"", ""strength"": ""weak"", ""aspect"": ""general"", ""source"": ""context_guard"", ""tag"": ""busy_indirect_context"", ""start"": 91, ""end"": 92, ""is_active"": false, ""guard_reason"": ""busy_indirect_context"", ""term"": ""바쁘다"", ""category"": ""general""}]",[],고기 맛있다:+1[token] | 떨어지다:-1[token] | 싫어지다:-1[token] | 맛없다:-2[token] | 음식 품질 긍정:+1[food_quality_positive_pattern] | 맛있음:+1[food_positive_phrase] | 명시적 음식 부정 결론:-2[active_food_negative_conclusion] | 좋다:1->0[suppressed_by_phrase_rule] | 바쁘다:-1->0[busy_indirect_context],-1.0,0.0,0.0,0.0,0.0,0.0,0.0,0.0,-2.0,고기 맛있다:+1[token] 맛없다:-2[token] 음식 품질 긍정:+1[food_quality_positive_pattern] 맛있음:+1[food_positive_phrase] 명시적 음식 부정 결론:-2[active_food_negative_conclusion],,,,,,,,떨어지다:-1[token] 싫어지다:-1[token] 좋다:1->0[suppressed_by_phrase_rule] 바쁘다:-1->0[busy_indirect_context]
